ISO-10303-21;
HEADER;
FILE_DESCRIPTION (( 'STEP AP214' ),
    '1' );
FILE_NAME ('POD_SOT-223_FH_rev_B.STEP',
    '2026-06-11T08:35:35',
    ( 'LENOVO' ),
    ( '' ),
    'SwSTEP 2.0',
    'SolidWorks 2021',
    '' );
FILE_SCHEMA (( 'AUTOMOTIVE_DESIGN' ));
ENDSEC;

DATA;
#1 = ORIENTED_EDGE ( 'NONE', *, *, #1291, .T. ) ;
#2 = DIRECTION ( 'NONE',  ( -0.000000000000000000, -0.000000000000000000, -1.000000000000000000 ) ) ;
#3 = EDGE_CURVE ( 'NONE', #773, #115, #1420, .T. ) ;
#4 = MECHANICAL_DESIGN_GEOMETRIC_PRESENTATION_REPRESENTATION (  '', ( #1173 ), #1373 ) ;
#5 = CARTESIAN_POINT ( 'NONE',  ( -2.296865014811599881, 0.5069711236015997935, -1.949999999999999956 ) ) ;
#6 = CARTESIAN_POINT ( 'NONE',  ( 1.750000000000000000, -1.200000000000000030E-05, 1.500000000000000000 ) ) ;
#7 = STYLED_ITEM ( 'NONE', ( #588 ), #688 ) ;
#8 = CARTESIAN_POINT ( 'NONE',  ( -1.749999999999999778, 0.5500000000000094813, 0.3500000000000000333 ) ) ;
#9 = DIRECTION ( 'NONE',  ( -1.000000000000000000, 0.000000000000000000, 0.000000000000000000 ) ) ;
#10 = FILL_AREA_STYLE ('',( #1955 ) ) ;
#11 = DIRECTION ( 'NONE',  ( -0.5697112360158992361, 0.8218449413102427714, 0.000000000000000000 ) ) ;
#12 = CARTESIAN_POINT ( 'NONE',  ( 1.750000000000000000, 0.5500000000000094813, -3.250000000000000000 ) ) ;
#13 = EDGE_CURVE ( 'NONE', #1515, #663, #1395, .T. ) ;
#14 = CARTESIAN_POINT ( 'NONE',  ( -1.750000000000000000, 1.699999999999999956, -2.972395754244653077 ) ) ;
#15 = EDGE_CURVE ( 'NONE', #278, #1475, #2171, .T. ) ;
#16 = DIRECTION ( 'NONE',  ( -0.000000000000000000, 0.000000000000000000, 1.000000000000000000 ) ) ;
#17 = ADVANCED_FACE ( 'NONE', ( #1347 ), #2139, .T. ) ;
#18 = EDGE_CURVE ( 'NONE', #1046, #1426, #586, .T. ) ;
#19 = CARTESIAN_POINT ( 'NONE',  ( -1.507395754244652775, 1.800000000000000044, -2.972395754244653077 ) ) ;
#20 = AXIS2_PLACEMENT_3D ( 'NONE', #1002, #1253, #1995 ) ;
#21 = AXIS2_PLACEMENT_3D ( 'NONE', #1349, #1889, #1086 ) ;
#22 = DIRECTION ( 'NONE',  ( -0.08715574274765147678, -0.9961946980917461003, 0.000000000000000000 ) ) ;
#23 = DIRECTION ( 'NONE',  ( -0.000000000000000000, -0.000000000000000000, -1.000000000000000000 ) ) ;
#24 = CARTESIAN_POINT ( 'NONE',  ( -2.214680520680575082, 0.8999999999999820366, 2.649999999999999911 ) ) ;
#25 = DIRECTION ( 'NONE',  ( 0.000000000000000000, 0.000000000000000000, 1.000000000000000000 ) ) ;
#26 = ADVANCED_FACE ( 'NONE', ( #1386 ), #1601, .F. ) ;
#27 = DIRECTION ( 'NONE',  ( 2.333220619830529272E-16, -1.000000000000000000, 0.000000000000000000 ) ) ;
#28 = EDGE_CURVE ( 'NONE', #1076, #1882, #2215, .T. ) ;
#29 = LINE ( 'NONE', #1726, #845 ) ;
#30 = CARTESIAN_POINT ( 'NONE',  ( 2.844830223589586371, 0.5063700562071395961, 2.649999999999999911 ) ) ;
#31 = EDGE_CURVE ( 'NONE', #402, #2111, #2212, .T. ) ;
#32 = CARTESIAN_POINT ( 'NONE',  ( -3.469495490038324359, 0.000000000000000000, 2.649999999999999911 ) ) ;
#33 = DIRECTION ( 'NONE',  ( -1.000000000000000000, 0.000000000000000000, 0.000000000000000000 ) ) ;
#34 = EDGE_CURVE ( 'NONE', #1749, #247, #2193, .T. ) ;
#35 = AXIS2_PLACEMENT_3D ( 'NONE', #30, #2329, #682 ) ;
#36 = CARTESIAN_POINT ( 'NONE',  ( -0.000000000000000000, 0.2000000000000000389, -3.086742895563461264 ) ) ;
#37 =( NAMED_UNIT ( * ) PLANE_ANGLE_UNIT ( ) SI_UNIT ( $, .RADIAN. ) );
#38 = DIRECTION ( 'NONE',  ( 1.239088197126290077E-16, 0.000000000000000000, 1.000000000000000000 ) ) ;
#39 = DIRECTION ( 'NONE',  ( 1.000000000000000000, 0.000000000000000000, -1.239088197126291310E-16 ) ) ;
#40 = DIRECTION ( 'NONE',  ( -0.9961946980917462113, 0.08715574274765121310, 0.000000000000000000 ) ) ;
#41 = CARTESIAN_POINT ( 'NONE',  ( -1.750000000000000000, 0.5500000000000094813, 3.250000000000000000 ) ) ;
#42 = DIRECTION ( 'NONE',  ( 0.5697112360159007904, 0.8218449413102416612, 0.000000000000000000 ) ) ;
#43 = DIRECTION ( 'NONE',  ( -0.000000000000000000, -0.000000000000000000, -1.000000000000000000 ) ) ;
#44 = CARTESIAN_POINT ( 'NONE',  ( -1.685223670864682832, 0.1826351822333071584, 3.250000000000000000 ) ) ;
#45 = CARTESIAN_POINT ( 'NONE',  ( 1.750000000000000000, 0.8999999999999819256, 2.649999999999999911 ) ) ;
#46 = SURFACE_SIDE_STYLE ('',( #1970 ) ) ;
#47 = FACE_OUTER_BOUND ( 'NONE', #86, .T. ) ;
#48 =( NAMED_UNIT ( * ) PLANE_ANGLE_UNIT ( ) SI_UNIT ( $, .RADIAN. ) );
#49 = DIRECTION ( 'NONE',  ( 1.000000000000000000, 0.000000000000000000, -0.000000000000000000 ) ) ;
#50 = ADVANCED_FACE ( 'NONE', ( #633 ), #812, .F. ) ;
#51 = FACE_OUTER_BOUND ( 'NONE', #169, .T. ) ;
#52 = CARTESIAN_POINT ( 'NONE',  ( 2.296865014811599881, 0.5069711236015997935, -1.500000000000000000 ) ) ;
#53 = EDGE_CURVE ( 'NONE', #2289, #784, #564, .T. ) ;
#54 = CARTESIAN_POINT ( 'NONE',  ( 0.000000000000000000, 0.1000000000000000472, 0.000000000000000000 ) ) ;
#55 = MECHANICAL_DESIGN_GEOMETRIC_PRESENTATION_REPRESENTATION (  '', ( #1069 ), #1533 ) ;
#56 = VECTOR ( 'NONE', #236, 1000.000000000000000 ) ;
#57 = ADVANCED_FACE ( 'NONE', ( #1360 ), #1998, .F. ) ;
#58 = CARTESIAN_POINT ( 'NONE',  ( -2.836114649314821268, 0.4067505863979649083, 2.649999999999999911 ) ) ;
#59 = CARTESIAN_POINT ( 'NONE',  ( -2.805610139353145627, 0.05808244206588106251, -1.949999999999999956 ) ) ;
#60 = EDGE_CURVE ( 'NONE', #2048, #2386, #2197, .T. ) ;
#61 = CARTESIAN_POINT ( 'NONE',  ( -3.500000000000000000, 0.3486681443320837626, -0.3500000000000000333 ) ) ;
#62 = CARTESIAN_POINT ( 'NONE',  ( -2.762645729458562460, 0.4493989326055494726, 2.649999999999999911 ) ) ;
#63 = LINE ( 'NONE', #1894, #879 ) ;
#64 = AXIS2_PLACEMENT_3D ( 'NONE', #1217, #839, #1448 ) ;
#65 = DIRECTION ( 'NONE',  ( 1.239088197126290077E-16, 0.000000000000000000, 1.000000000000000000 ) ) ;
#66 = DIRECTION ( 'NONE',  ( -0.000000000000000000, -0.000000000000000000, -1.000000000000000000 ) ) ;
#67 = SURFACE_STYLE_USAGE ( .BOTH. , #1956 ) ;
#68 = FACE_OUTER_BOUND ( 'NONE', #1185, .T. ) ;
#69 = ADVANCED_FACE ( 'NONE', ( #630 ), #2159, .T. ) ;
#70 = DIRECTION ( 'NONE',  ( 0.9961946980917461003, 0.08715574274765147678, 1.234373092445270965E-16 ) ) ;
#71 = CIRCLE ( 'NONE', #1202, 0.4499999999999725331 ) ;
#72 = CARTESIAN_POINT ( 'NONE',  ( -2.844830223589586371, 0.5063700562071395961, -1.949999999999999956 ) ) ;
#73 = CARTESIAN_POINT ( 'NONE',  ( -2.296865014811599881, 0.5069711236015997935, 2.649999999999999911 ) ) ;
#74 = CIRCLE ( 'NONE', #2369, 0.4499999999999725331 ) ;
#75 = EDGE_CURVE ( 'NONE', #1188, #402, #2202, .T. ) ;
#76 = CARTESIAN_POINT ( 'NONE',  ( -2.805610139353145627, 0.05808244206588106251, 2.649999999999999911 ) ) ;
#77 = CARTESIAN_POINT ( 'NONE',  ( -1.750000000000000000, 0.5500000000000094813, 1.949999999999999956 ) ) ;
#78 = DIRECTION ( 'NONE',  ( 0.000000000000000000, 1.000000000000000000, -0.000000000000000000 ) ) ;
#79 = LINE ( 'NONE', #884, #862 ) ;
#80 = DIRECTION ( 'NONE',  ( 1.000000000000000000, 0.000000000000000000, 0.000000000000000000 ) ) ;
#81 = VECTOR ( 'NONE', #2128, 1000.000000000000000 ) ;
#82 = EDGE_CURVE ( 'NONE', #141, #1052, #1398, .T. ) ;
#83 = AXIS2_PLACEMENT_3D ( 'NONE', #102, #1319, #1619 ) ;
#84 = CARTESIAN_POINT ( 'NONE',  ( -2.762645729458562460, 0.4493989326055494726, -2.649999999999999911 ) ) ;
#85 = CIRCLE ( 'NONE', #256, 0.4499999999999725331 ) ;
#86 = EDGE_LOOP ( 'NONE', ( #269, #1545, #670, #1888 ) ) ;
#87 = DIRECTION ( 'NONE',  ( -0.000000000000000000, 1.000000000000000000, -0.000000000000000000 ) ) ;
#88 = CARTESIAN_POINT ( 'NONE',  ( 1.586742895563462152, 0.1000000000000000472, 3.086742895563460820 ) ) ;
#89 = EDGE_LOOP ( 'NONE', ( #984, #523, #944, #214 ) ) ;
#90 = CARTESIAN_POINT ( 'NONE',  ( -0.000000000000000000, 0.1000000000000000472, -3.086742895563461264 ) ) ;
#91 = LINE ( 'NONE', #816, #898 ) ;
#92 = FILL_AREA_STYLE_COLOUR ( '', #425 ) ;
#93 = VERTEX_POINT ( 'NONE', #2258 ) ;
#94 = LINE ( 'NONE', #1700, #81 ) ;
#95 = ORIENTED_EDGE ( 'NONE', *, *, #999, .F. ) ;
#96 = FACE_OUTER_BOUND ( 'NONE', #1034, .T. ) ;
#97 = EDGE_CURVE ( 'NONE', #2405, #2090, #547, .T. ) ;
#98 = CARTESIAN_POINT ( 'NONE',  ( -2.805610139353145627, 0.05808244206588106251, 2.649999999999999911 ) ) ;
#99 = VERTEX_POINT ( 'NONE', #562 ) ;
#100 = FACE_OUTER_BOUND ( 'NONE', #1936, .T. ) ;
#101 = DIRECTION ( 'NONE',  ( -1.000000000000000000, 0.000000000000000000, 0.000000000000000000 ) ) ;
#102 = CARTESIAN_POINT ( 'NONE',  ( -3.500000000000000000, 0.3486681443320837626, 2.649999999999999911 ) ) ;
#103 = EDGE_CURVE ( 'NONE', #2090, #718, #1403, .T. ) ;
#104 = ORIENTED_EDGE ( 'NONE', *, *, #613, .T. ) ;
#105 = ADVANCED_FACE ( 'NONE', ( #608 ), #1295, .T. ) ;
#106 = VERTEX_POINT ( 'NONE', #2401 ) ;
#107 = DIRECTION ( 'NONE',  ( 0.000000000000000000, 0.000000000000000000, -1.000000000000000000 ) ) ;
#108 = CARTESIAN_POINT ( 'NONE',  ( -2.214680520680575082, 0.4500000000000094480, -0.3500000000000000333 ) ) ;
#109 = ORIENTED_EDGE ( 'NONE', *, *, #1096, .T. ) ;
#110 = EDGE_CURVE ( 'NONE', #2246, #1800, #1406, .T. ) ;
#111 = VERTEX_POINT ( 'NONE', #1317 ) ;
#112 = LINE ( 'NONE', #705, #874 ) ;
#113 = AXIS2_PLACEMENT_3D ( 'NONE', #2196, #447, #313 ) ;
#114 = ORIENTED_EDGE ( 'NONE', *, *, #2406, .T. ) ;
#115 = VERTEX_POINT ( 'NONE', #1508 ) ;
#116 = CARTESIAN_POINT ( 'NONE',  ( 2.805610139353145627, 0.05808244206588106251, 2.649999999999999911 ) ) ;
#117 = LINE ( 'NONE', #731, #925 ) ;
#118 = AXIS2_PLACEMENT_3D ( 'NONE', #1644, #783, #1562 ) ;
#119 = CARTESIAN_POINT ( 'NONE',  ( 1.750000000000000222, 0.5500000000000092593, -1.499999999999999778 ) ) ;
#120 = ORIENTED_EDGE ( 'NONE', *, *, #110, .F. ) ;
#121 = ORIENTED_EDGE ( 'NONE', *, *, #2243, .F. ) ;
#122 = CARTESIAN_POINT ( 'NONE',  ( 2.214680520680575082, 0.8999999999999820366, -1.500000000000000000 ) ) ;
#123 = ORIENTED_EDGE ( 'NONE', *, *, #2055, .F. ) ;
#124 = ORIENTED_EDGE ( 'NONE', *, *, #787, .T. ) ;
#125 = DIRECTION ( 'NONE',  ( -0.000000000000000000, -0.000000000000000000, -1.000000000000000000 ) ) ;
#126 = DIRECTION ( 'NONE',  ( 0.5697112360159006794, 0.8218449413102416612, 0.000000000000000000 ) ) ;
#127 = ORIENTED_EDGE ( 'NONE', *, *, #31, .F. ) ;
#128 = ADVANCED_FACE ( 'NONE', ( #2005 ), #1710, .F. ) ;
#129 = ORIENTED_EDGE ( 'NONE', *, *, #2269, .T. ) ;
#130 = LINE ( 'NONE', #1893, #954 ) ;
#131 = EDGE_CURVE ( 'NONE', #1718, #1050, #2059, .T. ) ;
#132 = ORIENTED_EDGE ( 'NONE', *, *, #1464, .F. ) ;
#133 = FACE_OUTER_BOUND ( 'NONE', #1953, .T. ) ;
#134 = EDGE_CURVE ( 'NONE', #326, #916, #1246, .T. ) ;
#135 = CARTESIAN_POINT ( 'NONE',  ( 1.750000000000000000, 0.5500000000000094813, 1.500000000000000000 ) ) ;
#136 = ORIENTED_EDGE ( 'NONE', *, *, #2387, .F. ) ;
#137 = VECTOR ( 'NONE', #498, 999.9999999999998863 ) ;
#138 = CARTESIAN_POINT ( 'NONE',  ( -2.762645729458562460, 0.4493989326055494726, -2.649999999999999911 ) ) ;
#139 = EDGE_CURVE ( 'NONE', #2122, #784, #2032, .T. ) ;
#140 = DIRECTION ( 'NONE',  ( 0.000000000000000000, 0.000000000000000000, 1.000000000000000000 ) ) ;
#141 = VERTEX_POINT ( 'NONE', #271 ) ;
#142 = DIRECTION ( 'NONE',  ( -0.000000000000000000, 1.000000000000000000, -0.000000000000000000 ) ) ;
#143 = AXIS2_PLACEMENT_3D ( 'NONE', #147, #1858, #609 ) ;
#144 = CARTESIAN_POINT ( 'NONE',  ( -2.805610139353145627, 0.05808244206588106945, 1.949999999999999956 ) ) ;
#145 = AXIS2_PLACEMENT_3D ( 'NONE', #2324, #459, #1427 ) ;
#146 = ORIENTED_EDGE ( 'NONE', *, *, #817, .F. ) ;
#147 = CARTESIAN_POINT ( 'NONE',  ( -1.591305717362381245, 1.800000000000000044, -0.000000000000000000 ) ) ;
#148 = ORIENTED_EDGE ( 'NONE', *, *, #97, .F. ) ;
#149 = VECTOR ( 'NONE', #2045, 1000.000000000000000 ) ;
#150 = CARTESIAN_POINT ( 'NONE',  ( 2.214680520680575082, 0.4500000000000094480, 1.500000000000000000 ) ) ;
#151 = ORIENTED_EDGE ( 'NONE', *, *, #1455, .F. ) ;
#152 = DIRECTION ( 'NONE',  ( -0.000000000000000000, 1.000000000000000000, -0.000000000000000000 ) ) ;
#153 = CARTESIAN_POINT ( 'NONE',  ( 2.214680520680575082, 0.8999999999999820366, 2.649999999999999911 ) ) ;
#154 = ORIENTED_EDGE ( 'NONE', *, *, #638, .F. ) ;
#155 = CARTESIAN_POINT ( 'NONE',  ( 2.214680520680575082, 0.4500000000000094480, -1.500000000000000000 ) ) ;
#156 = CARTESIAN_POINT ( 'NONE',  ( 1.605876529545873677, 1.717364817766692697, -3.070876529545873979 ) ) ;
#157 = ORIENTED_EDGE ( 'NONE', *, *, #927, .T. ) ;
#158 = FACE_OUTER_BOUND ( 'NONE', #302, .T. ) ;
#159 = ORIENTED_EDGE ( 'NONE', *, *, #550, .F. ) ;
#160 = CIRCLE ( 'NONE', #1210, 0.09999999999999982514 ) ;
#161 = SURFACE_STYLE_FILL_AREA ( #2259 ) ;
#162 = ORIENTED_EDGE ( 'NONE', *, *, #200, .T. ) ;
#163 = CARTESIAN_POINT ( 'NONE',  ( -1.558167084838939953, 1.800000000000000266, -3.023167084838940699 ) ) ;
#164 = DIRECTION ( 'NONE',  ( 1.000000000000000000, 0.000000000000000000, 0.000000000000000000 ) ) ;
#165 = ORIENTED_EDGE ( 'NONE', *, *, #517, .T. ) ;
#166 = EDGE_CURVE ( 'NONE', #387, #2024, #1216, .T. ) ;
#167 = VECTOR ( 'NONE', #1743, 1000.000000000000000 ) ;
#168 = AXIS2_PLACEMENT_3D ( 'NONE', #1670, #1194, #941 ) ;
#169 = EDGE_LOOP ( 'NONE', ( #199, #923, #157, #1620 ) ) ;
#170 = DIRECTION ( 'NONE',  ( 1.000000000000000000, 0.000000000000000000, 0.000000000000000000 ) ) ;
#171 = CARTESIAN_POINT ( 'NONE',  ( 1.750000000000000000, 0.8999999999999819256, -3.249999999999999556 ) ) ;
#172 = CARTESIAN_POINT ( 'NONE',  ( -2.214680520680575082, 0.5500000000000097033, -0.3500000000000000333 ) ) ;
#173 = ORIENTED_EDGE ( 'NONE', *, *, #53, .F. ) ;
#174 = FACE_OUTER_BOUND ( 'NONE', #741, .T. ) ;
#175 = EDGE_CURVE ( 'NONE', #2090, #183, #1265, .T. ) ;
#176 = CARTESIAN_POINT ( 'NONE',  ( 1.750000000000000000, -1.200000000000000030E-05, 1.500000000000000000 ) ) ;
#177 = ORIENTED_EDGE ( 'NONE', *, *, #245, .F. ) ;
#178 = AXIS2_PLACEMENT_3D ( 'NONE', #448, #317, #1468 ) ;
#179 = DIRECTION ( 'NONE',  ( 0.000000000000000000, 0.000000000000000000, -1.000000000000000000 ) ) ;
#180 = ORIENTED_EDGE ( 'NONE', *, *, #2023, .T. ) ;
#181 = VECTOR ( 'NONE', #983, 1000.000000000000000 ) ;
#182 = PRESENTATION_STYLE_ASSIGNMENT (( #853 ) ) ;
#183 = VERTEX_POINT ( 'NONE', #1007 ) ;
#184 = DIRECTION ( 'NONE',  ( -0.000000000000000000, -0.000000000000000000, 1.000000000000000000 ) ) ;
#185 = VERTEX_POINT ( 'NONE', #1224 ) ;
#186 = LINE ( 'NONE', #1294, #1060 ) ;
#187 = EDGE_LOOP ( 'NONE', ( #1446, #1822, #918, #541 ) ) ;
#188 = CARTESIAN_POINT ( 'NONE',  ( -1.750000000000000000, 0.8999999999999819256, -3.214999999999999414 ) ) ;
#189 = ORIENTED_EDGE ( 'NONE', *, *, #1430, .T. ) ;
#190 = LINE ( 'NONE', #1965, #252 ) ;
#191 = VECTOR ( 'NONE', #1499, 1000.000000000000000 ) ;
#192 = VERTEX_POINT ( 'NONE', #1437 ) ;
#193 =( NAMED_UNIT ( * ) SI_UNIT ( $, .STERADIAN. ) SOLID_ANGLE_UNIT ( ) );
#194 = DIRECTION ( 'NONE',  ( 0.5697112360159006794, -0.8218449413102416612, 0.000000000000000000 ) ) ;
#195 = EDGE_LOOP ( 'NONE', ( #2066, #2262, #1492, #689 ) ) ;
#196 = FACE_OUTER_BOUND ( 'NONE', #1884, .T. ) ;
#197 = ADVANCED_FACE ( 'NONE', ( #396 ), #2304, .F. ) ;
#198 = CARTESIAN_POINT ( 'NONE',  ( -2.762645729458562460, 0.4493989326055495837, 0.3500000000000000333 ) ) ;
#199 = ORIENTED_EDGE ( 'NONE', *, *, #2019, .F. ) ;
#200 = EDGE_CURVE ( 'NONE', #1203, #1946, #1209, .T. ) ;
#201 = DIRECTION ( 'NONE',  ( 1.239088197126290570E-16, 0.000000000000000000, -1.000000000000000000 ) ) ;
#202 = EDGE_LOOP ( 'NONE', ( #1197, #318, #1247, #1105 ) ) ;
#203 = ORIENTED_EDGE ( 'NONE', *, *, #1611, .T. ) ;
#204 = VERTEX_POINT ( 'NONE', #465 ) ;
#205 = LINE ( 'NONE', #1429, #1005 ) ;
#206 = PRESENTATION_STYLE_ASSIGNMENT (( #1720 ) ) ;
#207 = ORIENTED_EDGE ( 'NONE', *, *, #75, .F. ) ;
#208 = EDGE_CURVE ( 'NONE', #2266, #2111, #1195, .T. ) ;
#209 = DIRECTION ( 'NONE',  ( 0.000000000000000000, -0.000000000000000000, -1.000000000000000000 ) ) ;
#210 = STYLED_ITEM ( 'NONE', ( #182 ), #2303 ) ;
#211 = ORIENTED_EDGE ( 'NONE', *, *, #1264, .T. ) ;
#212 = FACE_OUTER_BOUND ( 'NONE', #352, .T. ) ;
#213 = LINE ( 'NONE', #1459, #149 ) ;
#214 = ORIENTED_EDGE ( 'NONE', *, *, #1645, .T. ) ;
#215 = CARTESIAN_POINT ( 'NONE',  ( 2.214680520680575082, 0.4500000000000094480, 2.649999999999999911 ) ) ;
#216 = PLANE ( 'NONE',  #1000 ) ;
#217 = ORIENTED_EDGE ( 'NONE', *, *, #777, .F. ) ;
#218 = LINE ( 'NONE', #685, #1012 ) ;
#219 = AXIS2_PLACEMENT_3D ( 'NONE', #2130, #1897, #662 ) ;
#220 = DIRECTION ( 'NONE',  ( 0.000000000000000000, 1.000000000000000000, 0.000000000000000000 ) ) ;
#221 = FACE_OUTER_BOUND ( 'NONE', #2278, .T. ) ;
#222 = VERTEX_POINT ( 'NONE', #1412 ) ;
#223 = PLANE ( 'NONE',  #854 ) ;
#224 = ORIENTED_EDGE ( 'NONE', *, *, #166, .F. ) ;
#225 = VECTOR ( 'NONE', #2228, 1000.000000000000000 ) ;
#226 = ORIENTED_EDGE ( 'NONE', *, *, #379, .T. ) ;
#227 = EDGE_LOOP ( 'NONE', ( #1520, #1818, #2352, #1472 ) ) ;
#228 = CIRCLE ( 'NONE', #219, 0.4499999999999725331 ) ;
#229 = ORIENTED_EDGE ( 'NONE', *, *, #506, .F. ) ;
#230 = EDGE_CURVE ( 'NONE', #782, #2336, #2068, .T. ) ;
#231 = DIRECTION ( 'NONE',  ( -1.000000000000000000, 0.000000000000000000, 0.000000000000000000 ) ) ;
#232 = VERTEX_POINT ( 'NONE', #1581 ) ;
#233 = VECTOR ( 'NONE', #1608, 999.9999999999998863 ) ;
#234 = ORIENTED_EDGE ( 'NONE', *, *, #999, .T. ) ;
#235 =( NAMED_UNIT ( * ) SI_UNIT ( $, .STERADIAN. ) SOLID_ANGLE_UNIT ( ) );
#236 = DIRECTION ( 'NONE',  ( 0.000000000000000000, 0.000000000000000000, 1.000000000000000000 ) ) ;
#237 = ORIENTED_EDGE ( 'NONE', *, *, #774, .F. ) ;
#238 = EDGE_CURVE ( 'NONE', #987, #782, #2041, .T. ) ;
#239 = CIRCLE ( 'NONE', #338, 0.4499999999999725331 ) ;
#240 = CARTESIAN_POINT ( 'NONE',  ( -3.500000000000000000, 0.3486681443320837626, 2.649999999999999911 ) ) ;
#241 = ORIENTED_EDGE ( 'NONE', *, *, #1656, .T. ) ;
#242 = ADVANCED_FACE ( 'NONE', ( #1249 ), #1962, .F. ) ;
#243 = CARTESIAN_POINT ( 'NONE',  ( -1.750000000000000000, 0.8999999999999819256, -2.649999999999999911 ) ) ;
#244 = ORIENTED_EDGE ( 'NONE', *, *, #744, .F. ) ;
#245 = EDGE_CURVE ( 'NONE', #1059, #1541, #1350, .T. ) ;
#246 = VECTOR ( 'NONE', #1730, 999.9999999999998863 ) ;
#247 = VERTEX_POINT ( 'NONE', #2407 ) ;
#248 = DIRECTION ( 'NONE',  ( -0.000000000000000000, -0.000000000000000000, -1.000000000000000000 ) ) ;
#249 = DIRECTION ( 'NONE',  ( -1.239088197126290570E-16, -0.000000000000000000, 1.000000000000000000 ) ) ;
#250 = DIRECTION ( 'NONE',  ( 0.9848077530122086864, 0.1736481776669273891, -0.000000000000000000 ) ) ;
#251 = ORIENTED_EDGE ( 'NONE', *, *, #512, .T. ) ;
#252 = VECTOR ( 'NONE', #2161, 1000.000000000000114 ) ;
#253 = ADVANCED_FACE ( 'NONE', ( #378 ), #548, .T. ) ;
#254 = EDGE_CURVE ( 'NONE', #232, #1946, #410, .T. ) ;
#255 = ORIENTED_EDGE ( 'NONE', *, *, #1803, .F. ) ;
#256 = AXIS2_PLACEMENT_3D ( 'NONE', #473, #1984, #101 ) ;
#257 = PLANE ( 'NONE',  #2117 ) ;
#258 = ORIENTED_EDGE ( 'NONE', *, *, #1741, .F. ) ;
#259 = FACE_OUTER_BOUND ( 'NONE', #365, .T. ) ;
#260 = EDGE_LOOP ( 'NONE', ( #217, #2365, #1244, #1172, #2310, #1026 ) ) ;
#261 = DIRECTION ( 'NONE',  ( 1.000000000000000000, 0.000000000000000000, 0.000000000000000000 ) ) ;
#262 = ORIENTED_EDGE ( 'NONE', *, *, #1857, .T. ) ;
#263 = LINE ( 'NONE', #1315, #225 ) ;
#264 = DIRECTION ( 'NONE',  ( -2.333220619830529272E-16, -1.000000000000000000, 0.000000000000000000 ) ) ;
#265 = VERTEX_POINT ( 'NONE', #362 ) ;
#266 = CARTESIAN_POINT ( 'NONE',  ( 3.500000000000000000, 0.3486681443320837626, 1.500000000000000000 ) ) ;
#267 = ORIENTED_EDGE ( 'NONE', *, *, #1657, .T. ) ;
#268 = VECTOR ( 'NONE', #1992, 1000.000000000000000 ) ;
#269 = ORIENTED_EDGE ( 'NONE', *, *, #405, .F. ) ;
#270 = DIRECTION ( 'NONE',  ( -0.000000000000000000, -0.000000000000000000, 1.000000000000000000 ) ) ;
#271 = CARTESIAN_POINT ( 'NONE',  ( -1.750000000000000000, 0.5500000000000092593, -1.950000000000000400 ) ) ;
#272 = ADVANCED_FACE ( 'NONE', ( #2065 ), #2001, .T. ) ;
#273 = DIRECTION ( 'NONE',  ( 0.000000000000000000, 0.000000000000000000, 1.000000000000000000 ) ) ;
#274 = ORIENTED_EDGE ( 'NONE', *, *, #1715, .F. ) ;
#275 = CYLINDRICAL_SURFACE ( 'NONE', #1593, 0.4499999999999725331 ) ;
#276 = ORIENTED_EDGE ( 'NONE', *, *, #1886, .F. ) ;
#277 = DIRECTION ( 'NONE',  ( -0.000000000000000000, -0.000000000000000000, -1.000000000000000000 ) ) ;
#278 = VERTEX_POINT ( 'NONE', #2395 ) ;
#279 = VECTOR ( 'NONE', #2006, 1000.000000000000000 ) ;
#280 = ORIENTED_EDGE ( 'NONE', *, *, #1843, .T. ) ;
#281 = SURFACE_SIDE_STYLE ('',( #1259 ) ) ;
#282 = EDGE_CURVE ( 'NONE', #1835, #2302, #1190, .T. ) ;
#283 = CARTESIAN_POINT ( 'NONE',  ( -2.214680520680575082, 0.8999999999999820366, -1.949999999999999956 ) ) ;
#284 = ORIENTED_EDGE ( 'NONE', *, *, #34, .F. ) ;
#285 = LINE ( 'NONE', #2124, #1140 ) ;
#286 = ORIENTED_EDGE ( 'NONE', *, *, #985, .T. ) ;
#287 = EDGE_CURVE ( 'NONE', #141, #1961, #454, .T. ) ;
#288 = DIRECTION ( 'NONE',  ( 0.9961946980917462113, 0.08715574274765121310, -0.000000000000000000 ) ) ;
#289 = LINE ( 'NONE', #2371, #1094 ) ;
#290 = DIRECTION ( 'NONE',  ( -0.1710878697460331832, 0.9702875252478146972, -0.1710878697460335718 ) ) ;
#291 = EDGE_LOOP ( 'NONE', ( #1083, #1840, #2275, #1141 ) ) ;
#292 = ORIENTED_EDGE ( 'NONE', *, *, #2314, .F. ) ;
#293 = CARTESIAN_POINT ( 'NONE',  ( -2.214680520680575082, 0.4500000000000094480, 2.649999999999999911 ) ) ;
#294 = DIRECTION ( 'NONE',  ( -1.000000000000000000, 0.000000000000000000, 0.000000000000000000 ) ) ;
#295 = AXIS2_PLACEMENT_3D ( 'NONE', #1226, #2138, #843 ) ;
#296 = DIRECTION ( 'NONE',  ( 0.1710878697460327114, 0.9702875252478151413, 0.1710878697460319897 ) ) ;
#297 = VECTOR ( 'NONE', #2226, 1000.000000000000000 ) ;
#298 = ORIENTED_EDGE ( 'NONE', *, *, #2308, .T. ) ;
#299 = AXIS2_PLACEMENT_3D ( 'NONE', #1014, #78, #1442 ) ;
#300 = DIRECTION ( 'NONE',  ( -0.000000000000000000, -0.000000000000000000, -1.000000000000000000 ) ) ;
#301 = CARTESIAN_POINT ( 'NONE',  ( -3.469495490038324359, 0.000000000000000000, -0.3500000000000004774 ) ) ;
#302 = EDGE_LOOP ( 'NONE', ( #1724, #808, #1305, #2408 ) ) ;
#303 = ADVANCED_FACE ( 'NONE', ( #1187 ), #1242, .F. ) ;
#304 = FILL_AREA_STYLE_COLOUR ( '', #1098 ) ;
#305 = ORIENTED_EDGE ( 'NONE', *, *, #2337, .F. ) ;
#306 = FACE_OUTER_BOUND ( 'NONE', #1622, .T. ) ;
#307 = ORIENTED_EDGE ( 'NONE', *, *, #1556, .T. ) ;
#308 = DIRECTION ( 'NONE',  ( -1.000000000000000000, 0.000000000000000000, 0.000000000000000000 ) ) ;
#309 = ORIENTED_EDGE ( 'NONE', *, *, #383, .T. ) ;
#310 = FACE_OUTER_BOUND ( 'NONE', #1486, .T. ) ;
#311 = EDGE_LOOP ( 'NONE', ( #1113, #368, #1549, #779 ) ) ;
#312 = DIRECTION ( 'NONE',  ( 0.08715574274765121310, -0.9961946980917461003, -0.000000000000000000 ) ) ;
#313 = DIRECTION ( 'NONE',  ( -1.000000000000000000, 0.000000000000000000, 0.000000000000000000 ) ) ;
#314 = ORIENTED_EDGE ( 'NONE', *, *, #1811, .F. ) ;
#315 = LINE ( 'NONE', #1230, #1114 ) ;
#316 = ORIENTED_EDGE ( 'NONE', *, *, #1298, .T. ) ;
#317 = DIRECTION ( 'NONE',  ( 0.08715574274765132412, 0.9961946980917461003, -0.000000000000000000 ) ) ;
#318 = ORIENTED_EDGE ( 'NONE', *, *, #868, .T. ) ;
#319 = PRESENTATION_STYLE_ASSIGNMENT (( #1422 ) ) ;
#320 = DIRECTION ( 'NONE',  ( -1.000000000000000000, 0.000000000000000000, 0.000000000000000000 ) ) ;
#321 = DIRECTION ( 'NONE',  ( 1.000000000000000000, 0.000000000000000000, 0.000000000000000000 ) ) ;
#322 = ORIENTED_EDGE ( 'NONE', *, *, #703, .T. ) ;
#323 =( BOUNDED_CURVE ( )  B_SPLINE_CURVE ( 3, ( #846, #1760, #1989, #2350 ),
 .UNSPECIFIED., .F., .F. ) 
 B_SPLINE_CURVE_WITH_KNOTS ( ( 4, 4 ),
 ( 1.570796326794896558, 2.967059728390360362 ),
 .UNSPECIFIED. ) 
 CURVE ( )  GEOMETRIC_REPRESENTATION_ITEM ( )  RATIONAL_B_SPLINE_CURVE ( ( 1.000000000000000000, 0.8440296287459851943, 0.8440296287459851943, 1.000000000000000000 ) ) 
 REPRESENTATION_ITEM ( '' )  );
#324 = CARTESIAN_POINT ( 'NONE',  ( -2.214680520680575082, 0.8999999999999820366, -2.649999999999999911 ) ) ;
#325 = VERTEX_POINT ( 'NONE', #592 ) ;
#326 = VERTEX_POINT ( 'NONE', #891 ) ;
#327 = ADVANCED_FACE ( 'NONE', ( #2039 ), #388, .F. ) ;
#328 = VERTEX_POINT ( 'NONE', #2047 ) ;
#329 = VECTOR ( 'NONE', #995, 1000.000000000000000 ) ;
#330 = EDGE_CURVE ( 'NONE', #402, #1933, #437, .T. ) ;
#331 = ORIENTED_EDGE ( 'NONE', *, *, #642, .T. ) ;
#332 = AXIS2_PLACEMENT_3D ( 'NONE', #583, #1754, #2376 ) ;
#333 = CARTESIAN_POINT ( 'NONE',  ( -1.750000000000000000, 0.8999999999999819256, 3.214999999999999414 ) ) ;
#334 = EDGE_LOOP ( 'NONE', ( #2043, #416, #1606, #957 ) ) ;
#335 = EDGE_CURVE ( 'NONE', #2345, #1076, #418, .T. ) ;
#336 = ORIENTED_EDGE ( 'NONE', *, *, #1167, .T. ) ;
#337 = CARTESIAN_POINT ( 'NONE',  ( -1.750000000000000000, 0.1000000000000000472, 3.250000000000000000 ) ) ;
#338 = AXIS2_PLACEMENT_3D ( 'NONE', #2199, #2359, #1029 ) ;
#339 = ADVANCED_BREP_SHAPE_REPRESENTATION ( 'POD_SOT-223_FH_rev_B', ( #2303, #688, #1384, #385, #1258, #2389 ), #1681 ) ;
#340 = VERTEX_POINT ( 'NONE', #172 ) ;
#341 = VECTOR ( 'NONE', #1911, 1000.000000000000000 ) ;
#342 =( NAMED_UNIT ( * ) SI_UNIT ( $, .STERADIAN. ) SOLID_ANGLE_UNIT ( ) );
#343 = EDGE_LOOP ( 'NONE', ( #1353, #998, #2279, #1416 ) ) ;
#344 = CYLINDRICAL_SURFACE ( 'NONE', #2249, 0.09999999999999982514 ) ;
#345 = ORIENTED_EDGE ( 'NONE', *, *, #18, .T. ) ;
#346 = DIRECTION ( 'NONE',  ( 0.000000000000000000, -0.000000000000000000, -1.000000000000000000 ) ) ;
#347 = VECTOR ( 'NONE', #1213, 1000.000000000000000 ) ;
#348 = VERTEX_POINT ( 'NONE', #1643 ) ;
#349 = ADVANCED_FACE ( 'NONE', ( #422 ), #1232, .T. ) ;
#350 = CARTESIAN_POINT ( 'NONE',  ( -1.750000000000000000, 0.8999999999999819256, 2.649999999999999911 ) ) ;
#351 = FACE_OUTER_BOUND ( 'NONE', #604, .T. ) ;
#352 = EDGE_LOOP ( 'NONE', ( #2307, #162, #2219, #653 ) ) ;
#353 = EDGE_CURVE ( 'NONE', #1860, #2054, #414, .T. ) ;
#354 = PLANE ( 'NONE',  #482 ) ;
#355 = CARTESIAN_POINT ( 'NONE',  ( -2.296865014811599881, 0.5069711236015997935, 2.649999999999999911 ) ) ;
#356 = CARTESIAN_POINT ( 'NONE',  ( -1.749999999999999556, -1.200000000000000030E-05, 1.949999999999999956 ) ) ;
#357 = ORIENTED_EDGE ( 'NONE', *, *, #2234, .F. ) ;
#358 =( LENGTH_UNIT ( ) NAMED_UNIT ( * ) SI_UNIT ( .MILLI., .METRE. ) );
#359 = VERTEX_POINT ( 'NONE', #759 ) ;
#360 = PLANE ( 'NONE',  #1647 ) ;
#361 = EDGE_CURVE ( 'NONE', #2024, #2286, #394, .T. ) ;
#362 = CARTESIAN_POINT ( 'NONE',  ( -1.605876529545873677, 1.717364817766692697, 3.070876529545873979 ) ) ;
#363 = VECTOR ( 'NONE', #1495, 1000.000000000000000 ) ;
#364 = AXIS2_PLACEMENT_3D ( 'NONE', #14, #2250, #179 ) ;
#365 = EDGE_LOOP ( 'NONE', ( #970, #1559, #2014, #1773 ) ) ;
#366 = SURFACE_STYLE_FILL_AREA ( #546 ) ;
#367 = AXIS2_PLACEMENT_3D ( 'NONE', #2326, #264, #1959 ) ;
#368 = ORIENTED_EDGE ( 'NONE', *, *, #852, .T. ) ;
#369 = DIRECTION ( 'NONE',  ( -1.000000000000000000, 0.000000000000000000, 0.000000000000000000 ) ) ;
#370 = ADVANCED_FACE ( 'NONE', ( #431 ), #1338, .T. ) ;
#371 = CIRCLE ( 'NONE', #1650, 0.4499999999999725331 ) ;
#372 = DIRECTION ( 'NONE',  ( -1.000000000000000000, 0.000000000000000000, 0.000000000000000000 ) ) ;
#373 = CLOSED_SHELL ( 'NONE', ( #17, #2404, #664, #2013, #197, #441, #650, #2038, #1804, #128, #997, #1289, #303, #1950 ) ) ;
#374 = CARTESIAN_POINT ( 'NONE',  ( -3.500000000000000000, 0.3486681443320837626, -2.649999999999999911 ) ) ;
#375 = ORIENTED_EDGE ( 'NONE', *, *, #31, .T. ) ;
#376 = PLANE ( 'NONE',  #440 ) ;
#377 = ORIENTED_EDGE ( 'NONE', *, *, #1556, .F. ) ;
#378 = FACE_OUTER_BOUND ( 'NONE', #712, .T. ) ;
#379 = EDGE_CURVE ( 'NONE', #1553, #111, #1254, .T. ) ;
#380 = ORIENTED_EDGE ( 'NONE', *, *, #1306, .F. ) ;
#381 = CARTESIAN_POINT ( 'NONE',  ( 1.605876529545873899, 1.717364817766692253, 3.070876529545873979 ) ) ;
#382 = VECTOR ( 'NONE', #570, 1000.000000000000000 ) ;
#383 = EDGE_CURVE ( 'NONE', #987, #106, #2011, .T. ) ;
#384 = CARTESIAN_POINT ( 'NONE',  ( 0.000000000000000000, 0.000000000000000000, 0.000000000000000000 ) ) ;
#385 = MANIFOLD_SOLID_BREP ( 'Cut-Extrude3[3]', #373 ) ;
#386 = DIRECTION ( 'NONE',  ( 1.239088197126290077E-16, 0.000000000000000000, 1.000000000000000000 ) ) ;
#387 = VERTEX_POINT ( 'NONE', #480 ) ;
#388 = PLANE ( 'NONE',  #1820 ) ;
#389 = CARTESIAN_POINT ( 'NONE',  ( -1.750000000000000000, 0.5500000000000094813, 2.649999999999999911 ) ) ;
#390 = VECTOR ( 'NONE', #2261, 1000.000000000000000 ) ;
#391 = ORIENTED_EDGE ( 'NONE', *, *, #1774, .F. ) ;
#392 = DIRECTION ( 'NONE',  ( -0.000000000000000000, -0.000000000000000000, -1.000000000000000000 ) ) ;
#393 = AXIS2_PLACEMENT_3D ( 'NONE', #1474, #2173, #1445 ) ;
#394 = LINE ( 'NONE', #1147, #1237 ) ;
#395 = EDGE_LOOP ( 'NONE', ( #2009, #298, #2368, #1944 ) ) ;
#396 = FACE_OUTER_BOUND ( 'NONE', #311, .T. ) ;
#397 = VERTEX_POINT ( 'NONE', #1473 ) ;
#398 = DIRECTION ( 'NONE',  ( 0.000000000000000000, 0.000000000000000000, 1.000000000000000000 ) ) ;
#399 = VECTOR ( 'NONE', #43, 1000.000000000000000 ) ;
#400 =( LENGTH_UNIT ( ) NAMED_UNIT ( * ) SI_UNIT ( .MILLI., .METRE. ) );
#401 = DIRECTION ( 'NONE',  ( 0.5697112360159007904, 0.8218449413102416612, 0.000000000000000000 ) ) ;
#402 = VERTEX_POINT ( 'NONE', #736 ) ;
#403 = CARTESIAN_POINT ( 'NONE',  ( -1.750000000000000000, 0.8999999999999819256, -3.250000000000000000 ) ) ;
#404 = ORIENTED_EDGE ( 'NONE', *, *, #438, .T. ) ;
#405 = EDGE_CURVE ( 'NONE', #2054, #115, #1329, .T. ) ;
#406 = CARTESIAN_POINT ( 'NONE',  ( 1.750000000000000222, -1.200000000000000030E-05, -1.499999999999999778 ) ) ;
#407 = VECTOR ( 'NONE', #1725, 1000.000000000000000 ) ;
#408 = ORIENTED_EDGE ( 'NONE', *, *, #787, .F. ) ;
#409 = EDGE_CURVE ( 'NONE', #674, #1779, #1280, .T. ) ;
#410 = LINE ( 'NONE', #1489, #1221 ) ;
#411 = EDGE_LOOP ( 'NONE', ( #1503, #1879, #1055, #280 ) ) ;
#412 = CARTESIAN_POINT ( 'NONE',  ( -3.469495490038324359, 0.000000000000000000, 2.649999999999999911 ) ) ;
#413 = EDGE_CURVE ( 'NONE', #660, #554, #469, .T. ) ;
#414 = LINE ( 'NONE', #622, #390 ) ;
#415 =( NAMED_UNIT ( * ) PLANE_ANGLE_UNIT ( ) SI_UNIT ( $, .RADIAN. ) );
#416 = ORIENTED_EDGE ( 'NONE', *, *, #1251, .T. ) ;
#417 = EDGE_CURVE ( 'NONE', #2028, #2299, #1345, .T. ) ;
#418 = LINE ( 'NONE', #374, #2056 ) ;
#419 = AXIS2_PLACEMENT_3D ( 'NONE', #1930, #834, #209 ) ;
#420 = EDGE_LOOP ( 'NONE', ( #709, #2184, #628, #1908, #1016, #173, #535, #2147, #1314, #1813, #1728, #436 ) ) ;
#421 = CARTESIAN_POINT ( 'NONE',  ( 2.214680520680575082, 0.4500000000000094480, 2.649999999999999911 ) ) ;
#422 = FACE_OUTER_BOUND ( 'NONE', #1043, .T. ) ;
#423 = ORIENTED_EDGE ( 'NONE', *, *, #897, .F. ) ;
#424 = ADVANCED_FACE ( 'NONE', ( #2169 ), #1689, .F. ) ;
#425 = COLOUR_RGB ( '',0.7921568627450980005, 0.8196078431372548767, 0.9333333333333333481 ) ;
#426 = ORIENTED_EDGE ( 'NONE', *, *, #1208, .F. ) ;
#427 = VECTOR ( 'NONE', #489, 1000.000000000000000 ) ;
#428 = DIRECTION ( 'NONE',  ( -0.8218449413102427714, 0.5697112360158992361, 0.000000000000000000 ) ) ;
#429 = DIRECTION ( 'NONE',  ( -0.9961946980917461003, -0.08715574274765147678, 1.234373092445270472E-16 ) ) ;
#430 = ORIENTED_EDGE ( 'NONE', *, *, #866, .T. ) ;
#431 = FACE_OUTER_BOUND ( 'NONE', #721, .T. ) ;
#432 = EDGE_CURVE ( 'NONE', #1218, #1498, #2120, .T. ) ;
#433 = ORIENTED_EDGE ( 'NONE', *, *, #1777, .F. ) ;
#434 = CARTESIAN_POINT ( 'NONE',  ( -1.559738115367468092, -0.5290287672826863297, -3.059738115367466982 ) ) ;
#435 = VECTOR ( 'NONE', #1945, 999.9999999999998863 ) ;
#436 = ORIENTED_EDGE ( 'NONE', *, *, #2363, .F. ) ;
#437 = CIRCLE ( 'NONE', #2367, 0.1000000000000002554 ) ;
#438 = EDGE_CURVE ( 'NONE', #1116, #2084, #2088, .T. ) ;
#439 = ORIENTED_EDGE ( 'NONE', *, *, #1578, .F. ) ;
#440 = AXIS2_PLACEMENT_3D ( 'NONE', #926, #1152, #1325 ) ;
#441 = ADVANCED_FACE ( 'NONE', ( #2093 ), #978, .F. ) ;
#442 = APPLICATION_PROTOCOL_DEFINITION ( 'draft international standard', 'automotive_design', 1998, #953 ) ;
#443 = CARTESIAN_POINT ( 'NONE',  ( -2.214680520680575082, 0.4500000000000094480, 1.949999999999999956 ) ) ;
#444 = ORIENTED_EDGE ( 'NONE', *, *, #814, .T. ) ;
#445 = CARTESIAN_POINT ( 'NONE',  ( -1.605876529545873677, 1.717364817766692697, 3.070876529545873979 ) ) ;
#446 = ORIENTED_EDGE ( 'NONE', *, *, #28, .T. ) ;
#447 = DIRECTION ( 'NONE',  ( -0.000000000000000000, -0.000000000000000000, -1.000000000000000000 ) ) ;
#448 = CARTESIAN_POINT ( 'NONE',  ( 2.805610139353145627, 0.05808244206588106251, 2.649999999999999911 ) ) ;
#449 = ORIENTED_EDGE ( 'NONE', *, *, #1532, .T. ) ;
#450 = DIRECTION ( 'NONE',  ( -0.1710878697460331832, -0.9702875252478148083, -0.1710878697460331554 ) ) ;
#451 = DIRECTION ( 'NONE',  ( 0.000000000000000000, 0.000000000000000000, 1.000000000000000000 ) ) ;
#452 = DIRECTION ( 'NONE',  ( 1.000000000000000000, 0.000000000000000000, -0.000000000000000000 ) ) ;
#453 = CARTESIAN_POINT ( 'NONE',  ( -2.805610139353145627, 0.05808244206588106251, 2.649999999999999911 ) ) ;
#454 = LINE ( 'NONE', #1646, #1270 ) ;
#455 = ORIENTED_EDGE ( 'NONE', *, *, #1578, .T. ) ;
#456 = ADVANCED_FACE ( 'NONE', ( #533 ), #1169, .T. ) ;
#457 = CYLINDRICAL_SURFACE ( 'NONE', #2222, 0.09999999999999982514 ) ;
#458 = CIRCLE ( 'NONE', #2271, 0.1000000000000002554 ) ;
#459 = DIRECTION ( 'NONE',  ( -0.08715574274765132412, 0.9961946980917461003, 0.000000000000000000 ) ) ;
#460 = ORIENTED_EDGE ( 'NONE', *, *, #676, .F. ) ;
#461 = EDGE_CURVE ( 'NONE', #1003, #222, #499, .T. ) ;
#462 = CARTESIAN_POINT ( 'NONE',  ( 1.750000000000000222, 0.8999999999999818145, -1.499999999999999778 ) ) ;
#463 = LINE ( 'NONE', #657, #526 ) ;
#464 = EDGE_LOOP ( 'NONE', ( #643, #952, #980, #695 ) ) ;
#465 = CARTESIAN_POINT ( 'NONE',  ( -1.507395754244652775, 1.800000000000000044, -2.972395754244653077 ) ) ;
#466 = DIRECTION ( 'NONE',  ( 1.000000000000000000, 0.000000000000000000, 0.000000000000000000 ) ) ;
#467 = PLANE ( 'NONE',  #1756 ) ;
#468 = EDGE_CURVE ( 'NONE', #1961, #1779, #2114, .T. ) ;
#469 = LINE ( 'NONE', #1200, #2082 ) ;
#470 = DIRECTION ( 'NONE',  ( 0.000000000000000000, 0.000000000000000000, 1.000000000000000000 ) ) ;
#471 = ORIENTED_EDGE ( 'NONE', *, *, #238, .T. ) ;
#472 = CARTESIAN_POINT ( 'NONE',  ( -3.500000000000000000, 0.3486681443320837626, 2.649999999999999911 ) ) ;
#473 = CARTESIAN_POINT ( 'NONE',  ( -2.214680520680575082, 0.4500000000000094480, -2.649999999999999911 ) ) ;
#474 = EDGE_CURVE ( 'NONE', #265, #247, #463, .T. ) ;
#475 = VECTOR ( 'NONE', #184, 1000.000000000000000 ) ;
#476 = AXIS2_PLACEMENT_3D ( 'NONE', #350, #2211, #727 ) ;
#477 = ORIENTED_EDGE ( 'NONE', *, *, #1369, .F. ) ;
#478 =( NAMED_UNIT ( * ) SI_UNIT ( $, .STERADIAN. ) SOLID_ANGLE_UNIT ( ) );
#479 = FACE_OUTER_BOUND ( 'NONE', #1074, .T. ) ;
#480 = CARTESIAN_POINT ( 'NONE',  ( -2.214680520680575082, 0.5500000000000097033, 0.3500000000000000333 ) ) ;
#481 = CARTESIAN_POINT ( 'NONE',  ( -2.762645729458562460, 0.4493989326055494726, -0.3500000000000000333 ) ) ;
#482 = AXIS2_PLACEMENT_3D ( 'NONE', #2256, #1522, #1868 ) ;
#483 = EDGE_LOOP ( 'NONE', ( #1272, #1018, #508, #2106 ) ) ;
#484 = ADVANCED_FACE ( 'NONE', ( #539 ), #457, .F. ) ;
#485 = VECTOR ( 'NONE', #2097, 1000.000000000000000 ) ;
#486 = DIRECTION ( 'NONE',  ( -1.239088197126290817E-16, -0.000000000000000000, -1.000000000000000000 ) ) ;
#487 = LINE ( 'NONE', #1485, #563 ) ;
#488 = VERTEX_POINT ( 'NONE', #1614 ) ;
#489 = DIRECTION ( 'NONE',  ( 0.9961946980917461003, -0.08715574274765133800, -1.234373092445271211E-16 ) ) ;
#490 = VECTOR ( 'NONE', #23, 1000.000000000000000 ) ;
#491 = ADVANCED_FACE ( 'NONE', ( #1286 ), #544, .T. ) ;
#492 = FACE_OUTER_BOUND ( 'NONE', #291, .T. ) ;
#493 = DIRECTION ( 'NONE',  ( -0.000000000000000000, -0.000000000000000000, -1.000000000000000000 ) ) ;
#494 = ORIENTED_EDGE ( 'NONE', *, *, #1656, .F. ) ;
#495 = CARTESIAN_POINT ( 'NONE',  ( 1.750000000000000000, 0.8999999999999819256, 2.649999999999999911 ) ) ;
#496 = CIRCLE ( 'NONE', #775, 0.4499999999999725331 ) ;
#497 = DIRECTION ( 'NONE',  ( 1.000000000000000000, 0.000000000000000000, -1.239088197126290077E-16 ) ) ;
#498 = DIRECTION ( 'NONE',  ( 0.08715574274765121310, -0.9961946980917462113, 0.000000000000000000 ) ) ;
#499 = LINE ( 'NONE', #59, #2103 ) ;
#500 = LINE ( 'NONE', #1284, #1296 ) ;
#501 = ORIENTED_EDGE ( 'NONE', *, *, #2000, .T. ) ;
#502 = PLANE ( 'NONE',  #1664 ) ;
#503 = LINE ( 'NONE', #8, #2135 ) ;
#504 = VECTOR ( 'NONE', #905, 1000.000000000000000 ) ;
#505 = FILL_AREA_STYLE ('',( #92 ) ) ;
#506 = EDGE_CURVE ( 'NONE', #1541, #1050, #2174, .T. ) ;
#507 =( NAMED_UNIT ( * ) PLANE_ANGLE_UNIT ( ) SI_UNIT ( $, .RADIAN. ) );
#508 = ORIENTED_EDGE ( 'NONE', *, *, #1035, .T. ) ;
#509 = CARTESIAN_POINT ( 'NONE',  ( -1.637514226157749109, 0.09999999999999996392, 3.137514226157748887 ) ) ;
#510 = VECTOR ( 'NONE', #772, 1000.000000000000000 ) ;
#511 = VECTOR ( 'NONE', #261, 1000.000000000000000 ) ;
#512 = EDGE_CURVE ( 'NONE', #743, #1042, #1334, .T. ) ;
#513 = VERTEX_POINT ( 'NONE', #826 ) ;
#514 = DIRECTION ( 'NONE',  ( 0.9961946980917461003, -0.08715574274765147678, 0.000000000000000000 ) ) ;
#515 = VECTOR ( 'NONE', #1809, 1000.000000000000000 ) ;
#516 = ORIENTED_EDGE ( 'NONE', *, *, #868, .F. ) ;
#517 = EDGE_CURVE ( 'NONE', #1052, #1792, #1309, .T. ) ;
#518 = CIRCLE ( 'NONE', #1465, 0.4499999999999725331 ) ;
#519 = AXIS2_PLACEMENT_3D ( 'NONE', #1967, #65, #497 ) ;
#520 = CARTESIAN_POINT ( 'NONE',  ( 2.214680520680575082, 0.8999999999999820366, 1.500000000000000000 ) ) ;
#521 = CARTESIAN_POINT ( 'NONE',  ( 1.637514226157749109, 0.09999999999999982514, 3.137514226157748887 ) ) ;
#522 = VECTOR ( 'NONE', #125, 1000.000000000000000 ) ;
#523 = ORIENTED_EDGE ( 'NONE', *, *, #813, .T. ) ;
#524 = DIRECTION ( 'NONE',  ( 1.000000000000000000, -0.000000000000000000, -0.000000000000000000 ) ) ;
#525 = VECTOR ( 'NONE', #126, 1000.000000000000114 ) ;
#526 = VECTOR ( 'NONE', #1693, 1000.000000000000000 ) ;
#527 = CARTESIAN_POINT ( 'NONE',  ( -1.750000000000000000, 0.5500000000000094813, 3.250000000000000000 ) ) ;
#528 = EDGE_LOOP ( 'NONE', ( #444, #123, #121, #1501 ) ) ;
#529 = LINE ( 'NONE', #863, #1313 ) ;
#530 = ORIENTED_EDGE ( 'NONE', *, *, #335, .T. ) ;
#531 = CARTESIAN_POINT ( 'NONE',  ( 1.750000000000000000, 0.8999999999999819256, 3.249999999999999556 ) ) ;
#532 = VECTOR ( 'NONE', #809, 1000.000000000000000 ) ;
#533 = FACE_OUTER_BOUND ( 'NONE', #1983, .T. ) ;
#534 = CARTESIAN_POINT ( 'NONE',  ( -2.762645729458562460, 0.4493989326055494726, 2.649999999999999911 ) ) ;
#535 = ORIENTED_EDGE ( 'NONE', *, *, #1782, .F. ) ;
#536 = ADVANCED_FACE ( 'NONE', ( #479 ), #989, .F. ) ;
#537 = LINE ( 'NONE', #531, #543 ) ;
#538 = CARTESIAN_POINT ( 'NONE',  ( -2.214680520680575082, 0.4500000000000094480, -1.949999999999999956 ) ) ;
#539 = FACE_OUTER_BOUND ( 'NONE', #1527, .T. ) ;
#540 = UNCERTAINTY_MEASURE_WITH_UNIT (LENGTH_MEASURE( 1.000000000000000082E-05 ), #971, 'distance_accuracy_value', 'NONE');
#541 = ORIENTED_EDGE ( 'NONE', *, *, #1774, .T. ) ;
#542 = SURFACE_SIDE_STYLE ('',( #1423 ) ) ;
#543 = VECTOR ( 'NONE', #2167, 1000.000000000000000 ) ;
#544 = CYLINDRICAL_SURFACE ( 'NONE', #734, 0.4499999999999725331 ) ;
#545 = LINE ( 'NONE', #283, #2165 ) ;
#546 = FILL_AREA_STYLE ('',( #836 ) ) ;
#547 = LINE ( 'NONE', #1802, #2210 ) ;
#548 = PLANE ( 'NONE',  #143 ) ;
#549 = VECTOR ( 'NONE', #2142, 1000.000000000000000 ) ;
#550 = EDGE_CURVE ( 'NONE', #1927, #1076, #1290, .T. ) ;
#551 = LINE ( 'NONE', #565, #2100 ) ;
#552 = AXIS2_PLACEMENT_3D ( 'NONE', #2127, #769, #619 ) ;
#553 = VECTOR ( 'NONE', #1215, 1000.000000000000000 ) ;
#554 = VERTEX_POINT ( 'NONE', #1131 ) ;
#555 = VECTOR ( 'NONE', #1320, 1000.000000000000000 ) ;
#556 = DIRECTION ( 'NONE',  ( 0.000000000000000000, 1.000000000000000000, -0.000000000000000000 ) ) ;
#557 = AXIS2_PLACEMENT_3D ( 'NONE', #2319, #273, #1712 ) ;
#558 = LINE ( 'NONE', #2366, #553 ) ;
#559 = CARTESIAN_POINT ( 'NONE',  ( -1.586742895563462152, 0.1000000000000000472, 3.086742895563461264 ) ) ;
#560 = AXIS2_PLACEMENT_3D ( 'NONE', #2348, #2187, #2104 ) ;
#561 = EDGE_LOOP ( 'NONE', ( #1519, #1994, #1588, #739 ) ) ;
#562 = CARTESIAN_POINT ( 'NONE',  ( 2.762645729458562460, 0.4493989326055494726, 1.500000000000000000 ) ) ;
#563 = VECTOR ( 'NONE', #2378, 1000.000000000000000 ) ;
#564 = LINE ( 'NONE', #61, #1390 ) ;
#565 = CARTESIAN_POINT ( 'NONE',  ( -2.296865014811599881, 0.5069711236015997935, -0.3500000000000004774 ) ) ;
#566 = LINE ( 'NONE', #1307, #525 ) ;
#567 = VECTOR ( 'NONE', #1943, 1000.000000000000000 ) ;
#568 = DIRECTION ( 'NONE',  ( -0.8218449413102427714, 0.5697112360158992361, 0.000000000000000000 ) ) ;
#569 = VECTOR ( 'NONE', #768, 1000.000000000000000 ) ;
#570 = DIRECTION ( 'NONE',  ( -0.9961946980917461003, 0.08715574274765147678, 1.234373092445271211E-16 ) ) ;
#571 = VECTOR ( 'NONE', #220, 1000.000000000000000 ) ;
#572 = VECTOR ( 'NONE', #1675, 1000.000000000000114 ) ;
#573 = ORIENTED_EDGE ( 'NONE', *, *, #417, .F. ) ;
#574 = FACE_OUTER_BOUND ( 'NONE', #991, .T. ) ;
#575 = VECTOR ( 'NONE', #1658, 1000.000000000000000 ) ;
#576 = VECTOR ( 'NONE', #2265, 1000.000000000000000 ) ;
#577 = EDGE_CURVE ( 'NONE', #1426, #2286, #551, .T. ) ;
#578 = CARTESIAN_POINT ( 'NONE',  ( 1.750000000000000000, 0.5500000000000092593, 1.500000000000000000 ) ) ;
#579 = VECTOR ( 'NONE', #1171, 1000.000000000000000 ) ;
#580 =( BOUNDED_CURVE ( )  B_SPLINE_CURVE ( 3, ( #445, #1196, #1410, #1686 ),
 .UNSPECIFIED., .F., .F. ) 
 B_SPLINE_CURVE_WITH_KNOTS ( ( 4, 4 ),
 ( 3.316125578789224093, 4.712388980384690562 ),
 .UNSPECIFIED. ) 
 CURVE ( )  GEOMETRIC_REPRESENTATION_ITEM ( )  RATIONAL_B_SPLINE_CURVE ( ( 1.000000000000000000, 0.8440296287459846392, 0.8440296287459846392, 1.000000000000000000 ) ) 
 REPRESENTATION_ITEM ( '' )  );
#581 = DIRECTION ( 'NONE',  ( -0.5697112360159007904, -0.8218449413102416612, -0.000000000000000000 ) ) ;
#582 = FACE_OUTER_BOUND ( 'NONE', #1538, .T. ) ;
#584 = VECTOR ( 'NONE', #943, 1000.000000000000000 ) ;
#583 = CARTESIAN_POINT ( 'NONE',  ( -2.844830223589586371, 0.5063700562071395961, 2.649999999999999911 ) ) ;
#585 = LINE ( 'NONE', #2235, #2143 ) ;
#586 = CIRCLE ( 'NONE', #2220, 0.4499999999999725331 ) ;
#587 = DIRECTION ( 'NONE',  ( -1.000000000000000000, 0.000000000000000000, 0.000000000000000000 ) ) ;
#588 = PRESENTATION_STYLE_ASSIGNMENT (( #733 ) ) ;
#589 = CARTESIAN_POINT ( 'NONE',  ( -3.469495490038324359, 0.000000000000000000, 2.649999999999999911 ) ) ;
#590 = VECTOR ( 'NONE', #2244, 1000.000000000000000 ) ;
#591 = EDGE_CURVE ( 'NONE', #1104, #2347, #529, .T. ) ;
#592 = CARTESIAN_POINT ( 'NONE',  ( 1.750000000000000000, 0.8999999999999819256, -3.214999999999998970 ) ) ;
#593 = FACE_OUTER_BOUND ( 'NONE', #2372, .T. ) ;
#594 = AXIS2_PLACEMENT_3D ( 'NONE', #675, #825, #80 ) ;
#595 = VECTOR ( 'NONE', #875, 1000.000000000000000 ) ;
#596 = ORIENTED_EDGE ( 'NONE', *, *, #817, .T. ) ;
#597 = LINE ( 'NONE', #624, #629 ) ;
#598 = DIRECTION ( 'NONE',  ( -2.333220619830529272E-16, -1.000000000000000000, 0.000000000000000000 ) ) ;
#599 = CARTESIAN_POINT ( 'NONE',  ( -2.475000000000000089, 0.2499999999999999445, 2.649999999999999911 ) ) ;
#600 = VECTOR ( 'NONE', #1636, 1000.000000000000000 ) ;
#601 = CARTESIAN_POINT ( 'NONE',  ( 2.296865014811599881, 0.5069711236015997935, 2.649999999999999911 ) ) ;
#602 = DIRECTION ( 'NONE',  ( -1.000000000000000000, 0.000000000000000000, 0.000000000000000000 ) ) ;
#603 = CARTESIAN_POINT ( 'NONE',  ( -1.586742895563462152, 0.2000000000000000389, 0.000000000000000000 ) ) ;
#604 = EDGE_LOOP ( 'NONE', ( #1121, #1493, #1457, #460 ) ) ;
#605 = CARTESIAN_POINT ( 'NONE',  ( -3.500000000000000000, 0.3486681443320837626, -1.949999999999999956 ) ) ;
#606 = FACE_OUTER_BOUND ( 'NONE', #1368, .T. ) ;
#607 = DIRECTION ( 'NONE',  ( 1.000000000000000000, 0.000000000000000000, -1.239088197126290817E-16 ) ) ;
#608 = FACE_OUTER_BOUND ( 'NONE', #260, .T. ) ;
#609 = DIRECTION ( 'NONE',  ( 0.000000000000000000, 0.000000000000000000, -1.000000000000000000 ) ) ;
#610 = LINE ( 'NONE', #1654, #595 ) ;
#611 = VERTEX_POINT ( 'NONE', #2263 ) ;
#612 = ADVANCED_FACE ( 'NONE', ( #2137 ), #888, .F. ) ;
#613 = EDGE_CURVE ( 'NONE', #2336, #1960, #1340, .T. ) ;
#614 = VECTOR ( 'NONE', #678, 1000.000000000000000 ) ;
#615 = DIRECTION ( 'NONE',  ( -1.000000000000000000, -0.000000000000000000, -0.000000000000000000 ) ) ;
#616 = CARTESIAN_POINT ( 'NONE',  ( -2.214680520680575082, 0.5500000000000094813, 2.649999999999999911 ) ) ;
#617 = EDGE_LOOP ( 'NONE', ( #1846, #430, #267, #1565 ) ) ;
#618 = EDGE_CURVE ( 'NONE', #1927, #2375, #1357, .T. ) ;
#619 = DIRECTION ( 'NONE',  ( 0.000000000000000000, -0.000000000000000000, -1.000000000000000000 ) ) ;
#621 = COLOUR_RGB ( '',0.7921568627450980005, 0.8196078431372548767, 0.9333333333333333481 ) ;
#620 = DIRECTION ( 'NONE',  ( -0.9961946980917461003, 0.08715574274765133800, 0.000000000000000000 ) ) ;
#622 = CARTESIAN_POINT ( 'NONE',  ( -1.750000000000000000, 0.5500000000000094813, 3.250000000000000000 ) ) ;
#623 = ORIENTED_EDGE ( 'NONE', *, *, #1971, .T. ) ;
#624 = CARTESIAN_POINT ( 'NONE',  ( -2.805610139353145627, 0.05808244206588106251, -0.3500000000000000333 ) ) ;
#625 = AXIS2_PLACEMENT_3D ( 'NONE', #811, #1600, #1206 ) ;
#626 = PLANE ( 'NONE',  #1859 ) ;
#627 = AXIS2_PLACEMENT_3D ( 'NONE', #810, #710, #49 ) ;
#628 = ORIENTED_EDGE ( 'NONE', *, *, #18, .F. ) ;
#629 = VECTOR ( 'NONE', #806, 1000.000000000000000 ) ;
#630 = FACE_OUTER_BOUND ( 'NONE', #2320, .T. ) ;
#631 = AXIS2_PLACEMENT_3D ( 'NONE', #2353, #486, #2194 ) ;
#632 = DIRECTION ( 'NONE',  ( -0.000000000000000000, 1.000000000000000000, -0.000000000000000000 ) ) ;
#633 = FACE_OUTER_BOUND ( 'NONE', #2381, .T. ) ;
#634 = VERTEX_POINT ( 'NONE', #1281 ) ;
#635 = CARTESIAN_POINT ( 'NONE',  ( -2.844830223589586371, 0.5063700562071395961, 1.949999999999999956 ) ) ;
#636 = CARTESIAN_POINT ( 'NONE',  ( -3.469495490038324359, -2.474402185095003085E-17, 0.3500000000000000333 ) ) ;
#637 = VERTEX_POINT ( 'NONE', #760 ) ;
#638 = EDGE_CURVE ( 'NONE', #397, #2299, #1367, .T. ) ;
#639 = DIRECTION ( 'NONE',  ( -1.000000000000000000, 0.000000000000000000, -1.239088197126290570E-16 ) ) ;
#640 = ORIENTED_EDGE ( 'NONE', *, *, #361, .F. ) ;
#641 = FACE_OUTER_BOUND ( 'NONE', #187, .T. ) ;
#642 = EDGE_CURVE ( 'NONE', #1504, #916, #487, .T. ) ;
#643 = ORIENTED_EDGE ( 'NONE', *, *, #34, .T. ) ;
#644 = LINE ( 'NONE', #403, #1385 ) ;
#645 = CARTESIAN_POINT ( 'NONE',  ( 1.750000000000000000, 0.8999999999999819256, 3.249999999999999556 ) ) ;
#646 = EDGE_CURVE ( 'NONE', #99, #488, #2109, .T. ) ;
#647 = VERTEX_POINT ( 'NONE', #1500 ) ;
#649 = VECTOR ( 'NONE', #2288, 1000.000000000000114 ) ;
#648 = DIRECTION ( 'NONE',  ( 1.000000000000000000, 0.000000000000000000, 0.000000000000000000 ) ) ;
#650 = ADVANCED_FACE ( 'NONE', ( #1363 ), #1374, .F. ) ;
#651 = AXIS2_PLACEMENT_3D ( 'NONE', #603, #140, #1875 ) ;
#652 = CARTESIAN_POINT ( 'NONE',  ( -2.475000000000000089, 0.2499999999999999445, 2.649999999999999911 ) ) ;
#653 = ORIENTED_EDGE ( 'NONE', *, *, #2186, .T. ) ;
#654 = CARTESIAN_POINT ( 'NONE',  ( -3.500000000000000444, 0.3486681443320887031, 1.950000000000000178 ) ) ;
#655 = ORIENTED_EDGE ( 'NONE', *, *, #1478, .F. ) ;
#656 = DIRECTION ( 'NONE',  ( -0.000000000000000000, -0.000000000000000000, 1.000000000000000000 ) ) ;
#657 = CARTESIAN_POINT ( 'NONE',  ( -1.605876529545873677, 1.717364817766692697, -3.056305717362381547 ) ) ;
#658 = VERTEX_POINT ( 'NONE', #1621 ) ;
#659 = DIRECTION ( 'NONE',  ( -0.000000000000000000, -0.000000000000000000, -1.000000000000000000 ) ) ;
#660 = VERTEX_POINT ( 'NONE', #389 ) ;
#661 = DIRECTION ( 'NONE',  ( 0.8218449413102427714, 0.5697112360158992361, -0.000000000000000000 ) ) ;
#662 = DIRECTION ( 'NONE',  ( 1.000000000000000000, 0.000000000000000000, 0.000000000000000000 ) ) ;
#663 = VERTEX_POINT ( 'NONE', #324 ) ;
#664 = ADVANCED_FACE ( 'NONE', ( #1274 ), #2123, .T. ) ;
#665 = EDGE_LOOP ( 'NONE', ( #1913, #749, #2040, #380 ) ) ;
#666 = CARTESIAN_POINT ( 'NONE',  ( -2.844830223589586371, 0.5063700562071395961, 2.649999999999999911 ) ) ;
#667 = DIRECTION ( 'NONE',  ( -1.000000000000000000, 8.673617379884013384E-15, 0.000000000000000000 ) ) ;
#668 = CARTESIAN_POINT ( 'NONE',  ( -3.500000000000000000, 0.3486681443320837626, 2.649999999999999911 ) ) ;
#669 = DIRECTION ( 'NONE',  ( -0.000000000000000000, -0.000000000000000000, 1.000000000000000000 ) ) ;
#670 = ORIENTED_EDGE ( 'NONE', *, *, #777, .T. ) ;
#671 = EDGE_CURVE ( 'NONE', #1087, #1116, #1326, .T. ) ;
#672 = DIRECTION ( 'NONE',  ( -0.5697112360159006794, -0.8218449413102416612, 7.059224683175327108E-17 ) ) ;
#673 = MECHANICAL_DESIGN_GEOMETRIC_PRESENTATION_REPRESENTATION (  '', ( #210 ), #835 ) ;
#674 = VERTEX_POINT ( 'NONE', #1831 ) ;
#675 = CARTESIAN_POINT ( 'NONE',  ( -2.844830223589586371, 0.5063700562071395961, 1.949999999999999956 ) ) ;
#676 = EDGE_CURVE ( 'NONE', #1435, #1212, #1393, .T. ) ;
#677 = AXIS2_PLACEMENT_3D ( 'NONE', #821, #1625, #700 ) ;
#678 = DIRECTION ( 'NONE',  ( -1.000000000000000000, 0.000000000000000000, 0.000000000000000000 ) ) ;
#679 = EDGE_LOOP ( 'NONE', ( #258, #331, #728, #764 ) ) ;
#680 = ADVANCED_FACE ( 'NONE', ( #2237 ), #2248, .F. ) ;
#681 = CARTESIAN_POINT ( 'NONE',  ( -3.500000000000000000, 0.3486681443320837626, 2.649999999999999911 ) ) ;
#682 = DIRECTION ( 'NONE',  ( -1.000000000000000000, 0.000000000000000000, 0.000000000000000000 ) ) ;
#683 = CYLINDRICAL_SURFACE ( 'NONE', #2343, 0.4499999999999725331 ) ;
#684 = EDGE_LOOP ( 'NONE', ( #375, #1591, #1181, #1118 ) ) ;
#685 = CARTESIAN_POINT ( 'NONE',  ( 1.586742895563462152, 0.1000000000000000472, 0.000000000000000000 ) ) ;
#686 = DIRECTION ( 'NONE',  ( -0.000000000000000000, -0.000000000000000000, -1.000000000000000000 ) ) ;
#687 = DIRECTION ( 'NONE',  ( 0.000000000000000000, 0.000000000000000000, 1.000000000000000000 ) ) ;
#688 = MANIFOLD_SOLID_BREP ( 'Cut-Extrude3[1]', #906 ) ;
#689 = ORIENTED_EDGE ( 'NONE', *, *, #866, .F. ) ;
#690 = ORIENTED_EDGE ( 'NONE', *, *, #1107, .T. ) ;
#691 = DIRECTION ( 'NONE',  ( 1.000000000000000000, -2.333220619830529272E-16, 0.000000000000000000 ) ) ;
#692 = EDGE_CURVE ( 'NONE', #192, #328, #610, .T. ) ;
#693 = DIRECTION ( 'NONE',  ( 0.000000000000000000, 1.000000000000000000, 0.000000000000000000 ) ) ;
#694 = CYLINDRICAL_SURFACE ( 'NONE', #35, 0.4499999999999725331 ) ;
#695 = ORIENTED_EDGE ( 'NONE', *, *, #1027, .F. ) ;
#696 = DIRECTION ( 'NONE',  ( 0.5697112360158991251, 0.8218449413102427714, -7.059224683175307386E-17 ) ) ;
#697 = DIRECTION ( 'NONE',  ( -1.000000000000000000, 2.333220619830529272E-16, -0.000000000000000000 ) ) ;
#698 = EDGE_LOOP ( 'NONE', ( #993, #1132, #640, #1463 ) ) ;
#699 = DIRECTION ( 'NONE',  ( -1.000000000000000000, 0.000000000000000000, 0.000000000000000000 ) ) ;
#700 = DIRECTION ( 'NONE',  ( -1.000000000000000000, 0.000000000000000000, 0.000000000000000000 ) ) ;
#701 = ADVANCED_FACE ( 'NONE', ( #606 ), #1303, .F. ) ;
#702 = CARTESIAN_POINT ( 'NONE',  ( -2.844830223589586371, 0.5063700562071395961, 2.649999999999999911 ) ) ;
#703 = EDGE_CURVE ( 'NONE', #1850, #1749, #644, .T. ) ;
#704 = LINE ( 'NONE', #2344, #2285 ) ;
#705 = CARTESIAN_POINT ( 'NONE',  ( 1.507395754244652775, 1.800000000000000044, -3.056305717362381547 ) ) ;
#706 = EDGE_LOOP ( 'NONE', ( #1278, #1267, #1788, #203 ) ) ;
#707 = CARTESIAN_POINT ( 'NONE',  ( -3.469495490038324359, 0.000000000000000000, 2.649999999999999911 ) ) ;
#708 = LINE ( 'NONE', #2133, #1490 ) ;
#709 = ORIENTED_EDGE ( 'NONE', *, *, #1510, .F. ) ;
#710 = DIRECTION ( 'NONE',  ( 0.000000000000000000, 0.000000000000000000, 1.000000000000000000 ) ) ;
#711 = AXIS2_PLACEMENT_3D ( 'NONE', #2313, #22, #818 ) ;
#712 = EDGE_LOOP ( 'NONE', ( #1108, #1145, #284, #1805 ) ) ;
#713 = DIRECTION ( 'NONE',  ( 0.9961946980917461003, 0.08715574274765133800, -1.234373092445270472E-16 ) ) ;
#714 = EDGE_CURVE ( 'NONE', #658, #1046, #597, .T. ) ;
#715 = ORIENTED_EDGE ( 'NONE', *, *, #238, .F. ) ;
#716 = CARTESIAN_POINT ( 'NONE',  ( 1.501844411854913242, 2.307360275483777645, -2.966844411854913766 ) ) ;
#717 = CARTESIAN_POINT ( 'NONE',  ( -2.844830223589586371, 0.5063700562071395961, 2.649999999999999911 ) ) ;
#718 = VERTEX_POINT ( 'NONE', #52 ) ;
#719 = ADVANCED_FACE ( 'NONE', ( #641 ), #922, .F. ) ;
#720 = CARTESIAN_POINT ( 'NONE',  ( 1.750000000000000000, 0.5500000000000094813, 2.649999999999999911 ) ) ;
#721 = EDGE_LOOP ( 'NONE', ( #1019, #1084, #316, #189 ) ) ;
#722 = DIRECTION ( 'NONE',  ( -0.000000000000000000, -0.000000000000000000, -1.000000000000000000 ) ) ;
#723 = EDGE_CURVE ( 'NONE', #513, #1498, #2209, .T. ) ;
#724 = CARTESIAN_POINT ( 'NONE',  ( 2.475000000000000089, 0.2499999999999998890, -1.500000000000000000 ) ) ;
#725 = ORIENTED_EDGE ( 'NONE', *, *, #1067, .F. ) ;
#726 = EDGE_CURVE ( 'NONE', #1461, #185, #1447, .T. ) ;
#727 = DIRECTION ( 'NONE',  ( 0.000000000000000000, 0.000000000000000000, 1.000000000000000000 ) ) ;
#728 = ORIENTED_EDGE ( 'NONE', *, *, #134, .F. ) ;
#729 = CARTESIAN_POINT ( 'NONE',  ( -2.584510744270161364, 0.7063700562071489886, 2.649999999999999911 ) ) ;
#730 = EDGE_CURVE ( 'NONE', #718, #1509, #2191, .T. ) ;
#731 = CARTESIAN_POINT ( 'NONE',  ( -1.750000000000000000, 0.8999999999999819256, 2.649999999999999911 ) ) ;
#732 = ORIENTED_EDGE ( 'NONE', *, *, #1251, .F. ) ;
#733 = SURFACE_STYLE_USAGE ( .BOTH. , #542 ) ;
#734 = AXIS2_PLACEMENT_3D ( 'NONE', #293, #493, #699 ) ;
#735 = ORIENTED_EDGE ( 'NONE', *, *, #1107, .F. ) ;
#736 = CARTESIAN_POINT ( 'NONE',  ( -2.296865014811599881, 0.5069711236015997935, 2.649999999999999911 ) ) ;
#737 = DIRECTION ( 'NONE',  ( -0.000000000000000000, -0.000000000000000000, -1.000000000000000000 ) ) ;
#738 = ADVANCED_FACE ( 'NONE', ( #1428 ), #1341, .F. ) ;
#739 = ORIENTED_EDGE ( 'NONE', *, *, #1041, .F. ) ;
#740 = CARTESIAN_POINT ( 'NONE',  ( -1.750000000000000000, 0.5500000000000094813, 2.649999999999999911 ) ) ;
#741 = EDGE_LOOP ( 'NONE', ( #455, #229, #177, #936 ) ) ;
#742 = EDGE_CURVE ( 'NONE', #2336, #924, #1444, .T. ) ;
#743 = VERTEX_POINT ( 'NONE', #12 ) ;
#744 = EDGE_CURVE ( 'NONE', #1529, #1426, #2247, .T. ) ;
#745 = ORIENTED_EDGE ( 'NONE', *, *, #2354, .F. ) ;
#746 = CARTESIAN_POINT ( 'NONE',  ( -2.805610139353145627, 0.05808244206588106251, -2.649999999999999911 ) ) ;
#747 = CARTESIAN_POINT ( 'NONE',  ( 3.499999999999999556, 0.3486681443320838181, -1.500000000000000000 ) ) ;
#748 = EDGE_CURVE ( 'NONE', #1087, #1335, #1458, .T. ) ;
#749 = ORIENTED_EDGE ( 'NONE', *, *, #723, .T. ) ;
#750 = ADVANCED_FACE ( 'NONE', ( #1388 ), #2232, .T. ) ;
#751 = AXIS2_PLACEMENT_3D ( 'NONE', #882, #1845, #1481 ) ;
#752 = ORIENTED_EDGE ( 'NONE', *, *, #1630, .F. ) ;
#753 = DIRECTION ( 'NONE',  ( -0.000000000000000000, -0.000000000000000000, -1.000000000000000000 ) ) ;
#754 = AXIS2_PLACEMENT_3D ( 'NONE', #740, #556, #2067 ) ;
#755 = ADVANCED_FACE ( 'NONE', ( #1392 ), #1409, .T. ) ;
#756 = DIRECTION ( 'NONE',  ( -0.000000000000000000, -0.000000000000000000, -1.000000000000000000 ) ) ;
#757 = DIRECTION ( 'NONE',  ( -0.08715574274765132412, 0.9961946980917461003, 0.000000000000000000 ) ) ;
#758 = VERTEX_POINT ( 'NONE', #462 ) ;
#759 = CARTESIAN_POINT ( 'NONE',  ( 2.836114649314821268, 0.4067505863979649638, 1.500000000000000000 ) ) ;
#760 = CARTESIAN_POINT ( 'NONE',  ( -1.507395754244652775, 1.800000000000000044, 2.972395754244653077 ) ) ;
#761 = ORIENTED_EDGE ( 'NONE', *, *, #103, .F. ) ;
#762 = DIRECTION ( 'NONE',  ( 1.000000000000000000, 8.673617379884013384E-15, 0.000000000000000000 ) ) ;
#763 = DIRECTION ( 'NONE',  ( -1.000000000000000000, 0.000000000000000000, 0.000000000000000000 ) ) ;
#764 = ORIENTED_EDGE ( 'NONE', *, *, #1505, .F. ) ;
#765 = CARTESIAN_POINT ( 'NONE',  ( -2.584510744270161364, 0.7063700562071489886, 1.949999999999999956 ) ) ;
#766 = ORIENTED_EDGE ( 'NONE', *, *, #1233, .F. ) ;
#767 = CARTESIAN_POINT ( 'NONE',  ( 2.805610139353145627, 0.05808244206588106945, 1.500000000000000000 ) ) ;
#768 = DIRECTION ( 'NONE',  ( -0.000000000000000000, -0.000000000000000000, -1.000000000000000000 ) ) ;
#769 = DIRECTION ( 'NONE',  ( 0.000000000000000000, -1.000000000000000000, 0.000000000000000000 ) ) ;
#770 = CARTESIAN_POINT ( 'NONE',  ( -1.750000000000000000, 0.5500000000000094813, 3.250000000000000000 ) ) ;
#771 = ORIENTED_EDGE ( 'NONE', *, *, #3, .F. ) ;
#772 = DIRECTION ( 'NONE',  ( 0.9961946980917461003, 0.08715574274765133800, -0.000000000000000000 ) ) ;
#773 = VERTEX_POINT ( 'NONE', #1163 ) ;
#774 = EDGE_CURVE ( 'NONE', #743, #1860, #2200, .T. ) ;
#775 = AXIS2_PLACEMENT_3D ( 'NONE', #1119, #201, #1517 ) ;
#776 = ORIENTED_EDGE ( 'NONE', *, *, #1715, .T. ) ;
#777 = EDGE_CURVE ( 'NONE', #326, #773, #1401, .T. ) ;
#778 = PRESENTATION_LAYER_ASSIGNMENT (  '', '', ( #7 ) ) ;
#779 = ORIENTED_EDGE ( 'NONE', *, *, #230, .F. ) ;
#780 = CARTESIAN_POINT ( 'NONE',  ( 1.507395754244652775, 1.800000000000000044, -2.972395754244653077 ) ) ;
#781 = DIRECTION ( 'NONE',  ( 0.000000000000000000, -1.000000000000000000, -0.000000000000000000 ) ) ;
#782 = VERTEX_POINT ( 'NONE', #240 ) ;
#783 = DIRECTION ( 'NONE',  ( 0.000000000000000000, 1.000000000000000000, 0.000000000000000000 ) ) ;
#784 = VERTEX_POINT ( 'NONE', #1702 ) ;
#785 = CARTESIAN_POINT ( 'NONE',  ( -2.475000000000000089, 0.2499999999999999445, -1.949999999999999956 ) ) ;
#786 = ORIENTED_EDGE ( 'NONE', *, *, #852, .F. ) ;
#787 = EDGE_CURVE ( 'NONE', #278, #1062, #2214, .T. ) ;
#788 = ORIENTED_EDGE ( 'NONE', *, *, #2079, .T. ) ;
#789 = CARTESIAN_POINT ( 'NONE',  ( 1.685223670864682832, 0.1826351822333069919, -3.185223670864681722 ) ) ;
#790 = CARTESIAN_POINT ( 'NONE',  ( -1.507395754244652775, 1.800000000000000044, 3.056305717362381547 ) ) ;
#791 = ORIENTED_EDGE ( 'NONE', *, *, #379, .F. ) ;
#792 = DIRECTION ( 'NONE',  ( -0.000000000000000000, -0.000000000000000000, -1.000000000000000000 ) ) ;
#793 = EDGE_CURVE ( 'NONE', #1595, #2122, #2223, .T. ) ;
#794 = ORIENTED_EDGE ( 'NONE', *, *, #1138, .F. ) ;
#795 = DIRECTION ( 'NONE',  ( -0.000000000000000000, -0.000000000000000000, -1.000000000000000000 ) ) ;
#796 = CARTESIAN_POINT ( 'NONE',  ( -2.214680520680575082, 0.8999999999999820366, -1.949999999999999956 ) ) ;
#797 = AXIS2_PLACEMENT_3D ( 'NONE', #538, #2031, #2231 ) ;
#798 = ADVANCED_FACE ( 'NONE', ( #1419 ), #1887, .F. ) ;
#799 = EDGE_LOOP ( 'NONE', ( #1318, #1732, #314, #2349 ) ) ;
#800 = DIRECTION ( 'NONE',  ( -0.000000000000000000, -0.000000000000000000, -1.000000000000000000 ) ) ;
#801 = AXIS2_PLACEMENT_3D ( 'NONE', #1752, #1982, #2181 ) ;
#802 = ORIENTED_EDGE ( 'NONE', *, *, #2140, .F. ) ;
#803 = CARTESIAN_POINT ( 'NONE',  ( -2.584510744270161364, 0.7063700562071489886, 2.649999999999999911 ) ) ;
#804 = DIRECTION ( 'NONE',  ( 0.8218449413102416612, -0.5697112360159007904, 0.000000000000000000 ) ) ;
#805 = ORIENTED_EDGE ( 'NONE', *, *, #2234, .T. ) ;
#806 = DIRECTION ( 'NONE',  ( 0.9961946980917461003, 0.08715574274765133800, 0.000000000000000000 ) ) ;
#807 = LINE ( 'NONE', #979, #1572 ) ;
#808 = ORIENTED_EDGE ( 'NONE', *, *, #1583, .T. ) ;
#809 = DIRECTION ( 'NONE',  ( -0.000000000000000000, -0.000000000000000000, -1.000000000000000000 ) ) ;
#810 = CARTESIAN_POINT ( 'NONE',  ( -2.214680520680575082, 0.4500000000000094480, -2.649999999999999911 ) ) ;
#811 = CARTESIAN_POINT ( 'NONE',  ( -2.214680520680575082, 0.8999999999999820366, 2.649999999999999911 ) ) ;
#812 = PLANE ( 'NONE',  #1488 ) ;
#813 = EDGE_CURVE ( 'NONE', #2386, #1154, #228, .T. ) ;
#814 = EDGE_CURVE ( 'NONE', #265, #637, #580, .T. ) ;
#815 = DIRECTION ( 'NONE',  ( -0.5697112360158992361, -0.8218449413102427714, 0.000000000000000000 ) ) ;
#816 = CARTESIAN_POINT ( 'NONE',  ( -2.475000000000000089, 0.2499999999999999445, 2.649999999999999911 ) ) ;
#817 = EDGE_CURVE ( 'NONE', #2302, #488, #1044, .T. ) ;
#818 = DIRECTION ( 'NONE',  ( 0.9961946980917461003, -0.08715574274765147678, 0.000000000000000000 ) ) ;
#819 = AXIS2_PLACEMENT_3D ( 'NONE', #702, #687, #372 ) ;
#820 = DIRECTION ( 'NONE',  ( -0.000000000000000000, -0.000000000000000000, -1.000000000000000000 ) ) ;
#821 = CARTESIAN_POINT ( 'NONE',  ( -2.844830223589586371, 0.5063700562071395961, 0.3500000000000000333 ) ) ;
#822 = ADVANCED_FACE ( 'NONE', ( #1040 ), #1763, .F. ) ;
#823 = DIRECTION ( 'NONE',  ( 1.239088197126290817E-16, -0.000000000000000000, 1.000000000000000000 ) ) ;
#824 = LINE ( 'NONE', #1690, #830 ) ;
#825 = DIRECTION ( 'NONE',  ( -1.239088197126290077E-16, -0.000000000000000000, -1.000000000000000000 ) ) ;
#826 = CARTESIAN_POINT ( 'NONE',  ( -1.749999999999999556, 0.8999999999999818145, 1.949999999999999956 ) ) ;
#827 = CARTESIAN_POINT ( 'NONE',  ( 2.214680520680575082, 0.8999999999999820366, 2.649999999999999911 ) ) ;
#828 = DIRECTION ( 'NONE',  ( 0.000000000000000000, -0.1736481776669266952, -0.9848077530122087975 ) ) ;
#829 = DIRECTION ( 'NONE',  ( -0.000000000000000000, -0.000000000000000000, 1.000000000000000000 ) ) ;
#830 = VECTOR ( 'NONE', #1921, 999.9999999999998863 ) ;
#831 = CARTESIAN_POINT ( 'NONE',  ( 2.214680520680575082, 0.4500000000000094480, 1.500000000000000000 ) ) ;
#832 = CARTESIAN_POINT ( 'NONE',  ( -2.214680520680575082, 0.5500000000000097033, 1.949999999999999956 ) ) ;
#833 = EDGE_CURVE ( 'NONE', #1750, #397, #1833, .T. ) ;
#834 = DIRECTION ( 'NONE',  ( 0.000000000000000000, -1.000000000000000000, 0.000000000000000000 ) ) ;
#835 =( GEOMETRIC_REPRESENTATION_CONTEXT ( 3 ) GLOBAL_UNCERTAINTY_ASSIGNED_CONTEXT ( ( #2115 ) ) GLOBAL_UNIT_ASSIGNED_CONTEXT ( ( #1262, #883, #342 ) ) REPRESENTATION_CONTEXT ( 'NONE', 'WORKASPACE' ) );
#836 = FILL_AREA_STYLE_COLOUR ( '', #1143 ) ;
#837 = EDGE_CURVE ( 'NONE', #743, #2188, #205, .T. ) ;
#838 = PRESENTATION_LAYER_ASSIGNMENT (  '', '', ( #1824 ) ) ;
#839 = DIRECTION ( 'NONE',  ( 0.9961946980917462113, 0.08715574274765121310, -0.000000000000000000 ) ) ;
#840 = CARTESIAN_POINT ( 'NONE',  ( -3.469495490038324359, 0.000000000000000000, 2.649999999999999911 ) ) ;
#841 = DIRECTION ( 'NONE',  ( 0.000000000000000000, -0.000000000000000000, -1.000000000000000000 ) ) ;
#842 = DIRECTION ( 'NONE',  ( -1.000000000000000000, 0.000000000000000000, -0.000000000000000000 ) ) ;
#843 = DIRECTION ( 'NONE',  ( 0.000000000000000000, -0.9848077530122087975, -0.1736481776669266952 ) ) ;
#844 = DIRECTION ( 'NONE',  ( 0.000000000000000000, 0.000000000000000000, -1.000000000000000000 ) ) ;
#845 = VECTOR ( 'NONE', #70, 1000.000000000000000 ) ;
#846 = CARTESIAN_POINT ( 'NONE',  ( 1.586742895563462152, 0.1000000000000000472, -3.086742895563461264 ) ) ;
#847 = CARTESIAN_POINT ( 'NONE',  ( -2.214680520680575082, 0.5500000000000094813, -2.649999999999999911 ) ) ;
#848 = DIRECTION ( 'NONE',  ( 0.8218449413102416612, -0.5697112360159007904, 0.000000000000000000 ) ) ;
#849 = PRODUCT_DEFINITION_FORMATION_WITH_SPECIFIED_SOURCE ( 'ANY', '', #2327, .NOT_KNOWN. ) ;
#850 = CARTESIAN_POINT ( 'NONE',  ( -3.500000000000000444, -1.200000000000000030E-05, -0.3500000000000001443 ) ) ;
#851 = CARTESIAN_POINT ( 'NONE',  ( -1.750000000000000000, 0.1000000000000000472, 3.250000000000000000 ) ) ;
#852 = EDGE_CURVE ( 'NONE', #1742, #924, #1853, .T. ) ;
#853 = SURFACE_STYLE_USAGE ( .BOTH. , #1807 ) ;
#854 = AXIS2_PLACEMENT_3D ( 'NONE', #1024, #828, #1201 ) ;
#855 = CARTESIAN_POINT ( 'NONE',  ( 1.750000000000000000, 0.5500000000000094813, 3.249999999999999556 ) ) ;
#856 = CARTESIAN_POINT ( 'NONE',  ( -2.805610139353145627, 0.05808244206588106251, -2.649999999999999911 ) ) ;
#857 = AXIS2_PLACEMENT_3D ( 'NONE', #960, #40, #1920 ) ;
#858 = CARTESIAN_POINT ( 'NONE',  ( 3.500000000000000444, 0.3486681443320837070, -1.500000000000000000 ) ) ;
#859 = FACE_OUTER_BOUND ( 'NONE', #2384, .T. ) ;
#860 = DIRECTION ( 'NONE',  ( -1.000000000000000000, 0.000000000000000000, 0.000000000000000000 ) ) ;
#861 = CARTESIAN_POINT ( 'NONE',  ( 1.685223670864682832, 0.1826351822333072694, 3.185223670864682610 ) ) ;
#862 = VECTOR ( 'NONE', #1512, 1000.000000000000000 ) ;
#863 = CARTESIAN_POINT ( 'NONE',  ( -1.749999999999999778, -1.200000000000000030E-05, -0.3500000000000001443 ) ) ;
#864 = LINE ( 'NONE', #1128, #869 ) ;
#865 = CARTESIAN_POINT ( 'NONE',  ( -1.750000000000000000, 0.1000000000000000472, 3.250000000000000000 ) ) ;
#866 = EDGE_CURVE ( 'NONE', #1151, #1124, #1799, .T. ) ;
#867 = LINE ( 'NONE', #1355, #937 ) ;
#868 = EDGE_CURVE ( 'NONE', #1961, #2034, #1786, .T. ) ;
#869 = VECTOR ( 'NONE', #194, 1000.000000000000114 ) ;
#870 = AXIS2_PLACEMENT_3D ( 'NONE', #32, #288, #1449 ) ;
#871 = ADVANCED_FACE ( 'NONE', ( #1864 ), #1709, .F. ) ;
#872 = AXIS2_PLACEMENT_3D ( 'NONE', #2298, #1569, #1331 ) ;
#873 = DIRECTION ( 'NONE',  ( 0.8218449413102416612, -0.5697112360159007904, 0.000000000000000000 ) ) ;
#874 = VECTOR ( 'NONE', #844, 1000.000000000000000 ) ;
#875 = DIRECTION ( 'NONE',  ( -0.5697112360159007904, -0.8218449413102416612, -0.000000000000000000 ) ) ;
#876 = MECHANICAL_DESIGN_GEOMETRIC_PRESENTATION_REPRESENTATION (  '', ( #1378 ), #1494 ) ;
#877 = VECTOR ( 'NONE', #429, 1000.000000000000000 ) ;
#878 = FACE_OUTER_BOUND ( 'NONE', #929, .T. ) ;
#879 = VECTOR ( 'NONE', #648, 1000.000000000000000 ) ;
#880 = CARTESIAN_POINT ( 'NONE',  ( 2.214680520680575082, 0.8999999999999820366, 1.500000000000000000 ) ) ;
#881 = VECTOR ( 'NONE', #290, 1000.000000000000114 ) ;
#882 = CARTESIAN_POINT ( 'NONE',  ( -2.214680520680575082, 0.4500000000000094480, 2.649999999999999911 ) ) ;
#883 =( NAMED_UNIT ( * ) PLANE_ANGLE_UNIT ( ) SI_UNIT ( $, .RADIAN. ) );
#884 = CARTESIAN_POINT ( 'NONE',  ( -2.214680520680575082, 0.8999999999999820366, -2.649999999999999911 ) ) ;
#885 = LINE ( 'NONE', #1618, #1697 ) ;
#886 = DIRECTION ( 'NONE',  ( 0.000000000000000000, 0.000000000000000000, 1.000000000000000000 ) ) ;
#887 = ADVANCED_FACE ( 'NONE', ( #196 ), #2012, .F. ) ;
#888 = PLANE ( 'NONE',  #2162 ) ;
#889 = EDGE_CURVE ( 'NONE', #326, #743, #1079, .T. ) ;
#890 = LINE ( 'NONE', #1112, #1662 ) ;
#891 = CARTESIAN_POINT ( 'NONE',  ( 1.750000000000000000, 0.5500000000000094813, 3.249999999999999556 ) ) ;
#892 = EDGE_CURVE ( 'NONE', #2375, #93, #160, .T. ) ;
#893 = ORIENTED_EDGE ( 'NONE', *, *, #1971, .F. ) ;
#894 = EDGE_CURVE ( 'NONE', #1541, #325, #1064, .T. ) ;
#895 = LINE ( 'NONE', #790, #56 ) ;
#896 = ORIENTED_EDGE ( 'NONE', *, *, #1041, .T. ) ;
#897 = EDGE_CURVE ( 'NONE', #1796, #2246, #1036, .T. ) ;
#898 = VECTOR ( 'NONE', #1337, 1000.000000000000000 ) ;
#899 = CARTESIAN_POINT ( 'NONE',  ( 1.586742895563462152, 0.1000000000000000472, 3.086742895563460820 ) ) ;
#900 =( BOUNDED_CURVE ( )  B_SPLINE_CURVE ( 3, ( #1165, #1135, #1097, #1383 ),
 .UNSPECIFIED., .F., .F. ) 
 B_SPLINE_CURVE_WITH_KNOTS ( ( 4, 4 ),
 ( 4.712388980384689674, 6.108652381980159696 ),
 .UNSPECIFIED. ) 
 CURVE ( )  GEOMETRIC_REPRESENTATION_ITEM ( )  RATIONAL_B_SPLINE_CURVE ( ( 1.000000000000000000, 0.8440296287459840840, 0.8440296287459840840, 1.000000000000000000 ) ) 
 REPRESENTATION_ITEM ( '' )  );
#901 = ORIENTED_EDGE ( 'NONE', *, *, #692, .T. ) ;
#902 = CARTESIAN_POINT ( 'NONE',  ( -2.296865014811599881, 0.5069711236015997935, 2.649999999999999911 ) ) ;
#903 = CARTESIAN_POINT ( 'NONE',  ( 1.507395754244652775, 1.800000000000000044, 2.972395754244653077 ) ) ;
#904 = VECTOR ( 'NONE', #2087, 1000.000000000000000 ) ;
#905 = DIRECTION ( 'NONE',  ( -0.000000000000000000, -0.000000000000000000, -1.000000000000000000 ) ) ;
#906 = CLOSED_SHELL ( 'NONE', ( #1672, #932, #424, #719, #484, #1932, #1649, #2053, #50, #701, #2351, #2182, #612, #1577 ) ) ;
#907 = FACE_OUTER_BOUND ( 'NONE', #799, .T. ) ;
#908 = CARTESIAN_POINT ( 'NONE',  ( -2.296865014811599881, 0.5069711236015997935, 2.649999999999999911 ) ) ;
#909 = ADVANCED_FACE ( 'NONE', ( #972 ), #275, .T. ) ;
#910 = ORIENTED_EDGE ( 'NONE', *, *, #2269, .F. ) ;
#911 = FACE_OUTER_BOUND ( 'NONE', #334, .T. ) ;
#912 = ORIENTED_EDGE ( 'NONE', *, *, #2146, .T. ) ;
#913 = ORIENTED_EDGE ( 'NONE', *, *, #1931, .F. ) ;
#914 = CIRCLE ( 'NONE', #797, 0.4499999999999725331 ) ;
#915 = PLANE ( 'NONE',  #2036 ) ;
#916 = VERTEX_POINT ( 'NONE', #1768 ) ;
#917 = PRODUCT_CONTEXT ( 'NONE', #953, 'mechanical' ) ;
#918 = ORIENTED_EDGE ( 'NONE', *, *, #1269, .F. ) ;
#919 = CIRCLE ( 'NONE', #1110, 0.09999999999999982514 ) ;
#920 = DIRECTION ( 'NONE',  ( 1.000000000000000000, 0.000000000000000000, 0.000000000000000000 ) ) ;
#921 = EDGE_CURVE ( 'NONE', #1529, #647, #239, .T. ) ;
#922 = PLANE ( 'NONE',  #711 ) ;
#923 = ORIENTED_EDGE ( 'NONE', *, *, #892, .T. ) ;
#924 = VERTEX_POINT ( 'NONE', #1615 ) ;
#925 = VECTOR ( 'NONE', #1848, 1000.000000000000000 ) ;
#926 = CARTESIAN_POINT ( 'NONE',  ( -1.749999999999999778, -1.200000000000000030E-05, 0.3500000000000000333 ) ) ;
#927 = EDGE_CURVE ( 'NONE', #93, #1800, #1892, .T. ) ;
#928 = PRESENTATION_LAYER_ASSIGNMENT (  '', '', ( #1069 ) ) ;
#929 = EDGE_LOOP ( 'NONE', ( #745, #1176, #1164, #1214 ) ) ;
#930 = ORIENTED_EDGE ( 'NONE', *, *, #992, .F. ) ;
#931 = VECTOR ( 'NONE', #620, 1000.000000000000000 ) ;
#932 = ADVANCED_FACE ( 'NONE', ( #212 ), #2136, .F. ) ;
#933 = EDGE_CURVE ( 'NONE', #1922, #278, #1028, .T. ) ;
#934 = AXIS2_PLACEMENT_3D ( 'NONE', #1180, #1394, #1876 ) ;
#935 = ORIENTED_EDGE ( 'NONE', *, *, #1438, .F. ) ;
#936 = ORIENTED_EDGE ( 'NONE', *, *, #2264, .F. ) ;
#937 = VECTOR ( 'NONE', #1159, 1000.000000000000000 ) ;
#938 = DIRECTION ( 'NONE',  ( 0.000000000000000000, 0.000000000000000000, 1.000000000000000000 ) ) ;
#939 = ORIENTED_EDGE ( 'NONE', *, *, #2019, .T. ) ;
#940 = DIRECTION ( 'NONE',  ( -1.000000000000000000, 0.000000000000000000, 0.000000000000000000 ) ) ;
#941 = DIRECTION ( 'NONE',  ( 1.000000000000000000, 0.000000000000000000, 0.000000000000000000 ) ) ;
#942 = SURFACE_STYLE_FILL_AREA ( #10 ) ;
#943 = DIRECTION ( 'NONE',  ( -0.000000000000000000, -0.000000000000000000, -1.000000000000000000 ) ) ;
#944 = ORIENTED_EDGE ( 'NONE', *, *, #1264, .F. ) ;
#945 = CARTESIAN_POINT ( 'NONE',  ( -2.475000000000000089, 0.2499999999999999445, 0.3500000000000000333 ) ) ;
#946 = ORIENTED_EDGE ( 'NONE', *, *, #1256, .T. ) ;
#947 = COLOUR_RGB ( '',0.2509803921568627416, 0.2509803921568627416, 0.2509803921568627416 ) ;
#948 = EDGE_CURVE ( 'NONE', #647, #1046, #1791, .T. ) ;
#949 = EDGE_LOOP ( 'NONE', ( #1443, #286, #2272, #2225 ) ) ;
#950 = VECTOR ( 'NONE', #1068, 1000.000000000000000 ) ;
#951 = CARTESIAN_POINT ( 'NONE',  ( 2.805610139353145627, 0.05808244206588106945, -1.500000000000000000 ) ) ;
#952 = ORIENTED_EDGE ( 'NONE', *, *, #2216, .T. ) ;
#953 = APPLICATION_CONTEXT ( 'automotive_design' ) ;
#954 = VECTOR ( 'NONE', #1575, 999.9999999999998863 ) ;
#955 = PRODUCT_RELATED_PRODUCT_CATEGORY ( 'part', '', ( #2327 ) ) ;
#956 = CARTESIAN_POINT ( 'NONE',  ( -2.214680520680575082, 0.8999999999999820366, 1.949999999999999956 ) ) ;
#957 = ORIENTED_EDGE ( 'NONE', *, *, #692, .F. ) ;
#958 = EDGE_CURVE ( 'NONE', #1779, #1467, #1871, .T. ) ;
#959 = LINE ( 'NONE', #356, #191 ) ;
#960 = CARTESIAN_POINT ( 'NONE',  ( 3.469495490038324359, 0.000000000000000000, 2.649999999999999911 ) ) ;
#961 = CARTESIAN_POINT ( 'NONE',  ( -2.296865014811599881, 0.5069711236015999045, 0.3500000000000000333 ) ) ;
#962 = AXIS2_PLACEMENT_3D ( 'NONE', #108, #346, #762 ) ;
#963 = ORIENTED_EDGE ( 'NONE', *, *, #1536, .F. ) ;
#964 = DIRECTION ( 'NONE',  ( -1.000000000000000000, 1.409462824231152135E-14, 0.000000000000000000 ) ) ;
#965 = VECTOR ( 'NONE', #2273, 1000.000000000000000 ) ;
#966 = AXIS2_PLACEMENT_3D ( 'NONE', #155, #2390, #2364 ) ;
#967 = ORIENTED_EDGE ( 'NONE', *, *, #618, .T. ) ;
#968 = LINE ( 'NONE', #77, #1030 ) ;
#969 =( LENGTH_UNIT ( ) NAMED_UNIT ( * ) SI_UNIT ( .MILLI., .METRE. ) );
#970 = ORIENTED_EDGE ( 'NONE', *, *, #517, .F. ) ;
#971 =( LENGTH_UNIT ( ) NAMED_UNIT ( * ) SI_UNIT ( .MILLI., .METRE. ) );
#972 = FACE_OUTER_BOUND ( 'NONE', #1129, .T. ) ;
#973 = LINE ( 'NONE', #1699, #1764 ) ;
#974 = ORIENTED_EDGE ( 'NONE', *, *, #75, .T. ) ;
#975 = ADVANCED_FACE ( 'NONE', ( #1819 ), #1065, .T. ) ;
#976 = ORIENTED_EDGE ( 'NONE', *, *, #28, .F. ) ;
#977 = VECTOR ( 'NONE', #1417, 1000.000000000000000 ) ;
#978 = PLANE ( 'NONE',  #1761 ) ;
#979 = CARTESIAN_POINT ( 'NONE',  ( -1.750000000000000000, 0.1826351822333071029, -3.185223670864682610 ) ) ;
#980 = ORIENTED_EDGE ( 'NONE', *, *, #894, .T. ) ;
#981 = ORIENTED_EDGE ( 'NONE', *, *, #2255, .T. ) ;
#982 = LINE ( 'NONE', #2346, #1794 ) ;
#983 = DIRECTION ( 'NONE',  ( -0.000000000000000000, -0.000000000000000000, -1.000000000000000000 ) ) ;
#984 = ORIENTED_EDGE ( 'NONE', *, *, #60, .T. ) ;
#985 = EDGE_CURVE ( 'NONE', #488, #397, #190, .T. ) ;
#986 = PLANE ( 'NONE',  #1271 ) ;
#987 = VERTEX_POINT ( 'NONE', #58 ) ;
#988 = CYLINDRICAL_SURFACE ( 'NONE', #1439, 0.1000000000000000472 ) ;
#989 = PLANE ( 'NONE',  #754 ) ;
#990 = PLANE ( 'NONE',  #419 ) ;
#991 = EDGE_LOOP ( 'NONE', ( #426, #449, #234, #241 ) ) ;
#992 = EDGE_CURVE ( 'NONE', #1212, #1151, #218, .T. ) ;
#993 = ORIENTED_EDGE ( 'NONE', *, *, #744, .T. ) ;
#994 = DIRECTION ( 'NONE',  ( 0.000000000000000000, 0.000000000000000000, -1.000000000000000000 ) ) ;
#995 = DIRECTION ( 'NONE',  ( 0.9961946980917461003, 0.08715574274765133800, -0.000000000000000000 ) ) ;
#996 = VECTOR ( 'NONE', #2027, 1000.000000000000000 ) ;
#997 = ADVANCED_FACE ( 'NONE', ( #1812 ), #1436, .F. ) ;
#998 = ORIENTED_EDGE ( 'NONE', *, *, #1680, .T. ) ;
#999 = EDGE_CURVE ( 'NONE', #1530, #111, #982, .T. ) ;
#1000 = AXIS2_PLACEMENT_3D ( 'NONE', #2064, #804, #401 ) ;
#1001 = ORIENTED_EDGE ( 'NONE', *, *, #1937, .T. ) ;
#1002 = CARTESIAN_POINT ( 'NONE',  ( -1.750000000000000000, 0.5500000000000094813, 3.250000000000000000 ) ) ;
#1003 = VERTEX_POINT ( 'NONE', #2241 ) ;
#1004 = EDGE_LOOP ( 'NONE', ( #1972, #1870, #180, #2323 ) ) ;
#1005 = VECTOR ( 'NONE', #693, 1000.000000000000000 ) ;
#1006 =( GEOMETRIC_REPRESENTATION_CONTEXT ( 3 ) GLOBAL_UNCERTAINTY_ASSIGNED_CONTEXT ( ( #2400 ) ) GLOBAL_UNIT_ASSIGNED_CONTEXT ( ( #358, #1638, #2035 ) ) REPRESENTATION_CONTEXT ( 'NONE', 'WORKASPACE' ) );
#1007 = CARTESIAN_POINT ( 'NONE',  ( 2.214680520680575082, 0.5500000000000097033, 1.500000000000000000 ) ) ;
#1008 = VECTOR ( 'NONE', #2107, 999.9999999999998863 ) ;
#1009 = ORIENTED_EDGE ( 'NONE', *, *, #1035, .F. ) ;
#1010 = CARTESIAN_POINT ( 'NONE',  ( -1.750000000000000000, 0.8999999999999819256, -3.250000000000000000 ) ) ;
#1011 = ORIENTED_EDGE ( 'NONE', *, *, #1925, .F. ) ;
#1012 = VECTOR ( 'NONE', #829, 1000.000000000000000 ) ;
#1013 = VECTOR ( 'NONE', #1158, 1000.000000000000000 ) ;
#1014 = CARTESIAN_POINT ( 'NONE',  ( -1.750000000000000000, 0.5500000000000094813, 2.649999999999999911 ) ) ;
#1015 = ORIENTED_EDGE ( 'NONE', *, *, #1657, .F. ) ;
#1016 = ORIENTED_EDGE ( 'NONE', *, *, #2333, .F. ) ;
#1017 = DIRECTION ( 'NONE',  ( 1.000000000000000000, 8.673617379884013384E-15, 0.000000000000000000 ) ) ;
#1018 = ORIENTED_EDGE ( 'NONE', *, *, #461, .T. ) ;
#1019 = ORIENTED_EDGE ( 'NONE', *, *, #837, .F. ) ;
#1020 = VECTOR ( 'NONE', #1506, 1000.000000000000000 ) ;
#1021 = ADVANCED_FACE ( 'NONE', ( #174 ), #988, .T. ) ;
#1022 = LINE ( 'NONE', #2283, #1008 ) ;
#1023 = CARTESIAN_POINT ( 'NONE',  ( 2.805610139353145183, 0.05808244206588111108, -1.500000000000000000 ) ) ;
#1024 = CARTESIAN_POINT ( 'NONE',  ( -1.750000000000000000, 1.800000000000000044, 3.056305717362381547 ) ) ;
#1025 = EDGE_LOOP ( 'NONE', ( #2391, #1757, #165, #1713 ) ) ;
#1026 = ORIENTED_EDGE ( 'NONE', *, *, #1857, .F. ) ;
#1027 = EDGE_CURVE ( 'NONE', #1749, #325, #1828, .T. ) ;
#1028 = CIRCLE ( 'NONE', #677, 0.09999999999999982514 ) ;
#1029 = DIRECTION ( 'NONE',  ( -1.000000000000000000, 0.000000000000000000, -1.204669080539522806E-16 ) ) ;
#1030 = VECTOR ( 'NONE', #1471, 1000.000000000000000 ) ;
#1031 = ORIENTED_EDGE ( 'NONE', *, *, #200, .F. ) ;
#1032 = CARTESIAN_POINT ( 'NONE',  ( -2.214680520680575082, 0.5500000000000097033, -1.949999999999999956 ) ) ;
#1033 = DIRECTION ( 'NONE',  ( -0.000000000000000000, -0.000000000000000000, -1.000000000000000000 ) ) ;
#1034 = EDGE_LOOP ( 'NONE', ( #1058, #690, #357, #1918 ) ) ;
#1035 = EDGE_CURVE ( 'NONE', #222, #1882, #1806, .T. ) ;
#1036 = LINE ( 'NONE', #729, #1057 ) ;
#1037 = CARTESIAN_POINT ( 'NONE',  ( -1.750000000000000000, 0.1000000000000000472, -3.250000000000000000 ) ) ;
#1038 = ORIENTED_EDGE ( 'NONE', *, *, #208, .T. ) ;
#1039 = ORIENTED_EDGE ( 'NONE', *, *, #15, .T. ) ;
#1040 = FACE_OUTER_BOUND ( 'NONE', #1066, .T. ) ;
#1041 = EDGE_CURVE ( 'NONE', #660, #1523, #186, .T. ) ;
#1042 = VERTEX_POINT ( 'NONE', #789 ) ;
#1043 = EDGE_LOOP ( 'NONE', ( #1745, #1015, #2166, #1411 ) ) ;
#1044 = CIRCLE ( 'NONE', #631, 0.09999999999999982514 ) ;
#1045 = DIRECTION ( 'NONE',  ( -1.239088197126290817E-16, -0.000000000000000000, -1.000000000000000000 ) ) ;
#1046 = VERTEX_POINT ( 'NONE', #1372 ) ;
#1047 = ORIENTED_EDGE ( 'NONE', *, *, #2333, .T. ) ;
#1048 = VECTOR ( 'NONE', #1223, 1000.000000000000000 ) ;
#1049 = DIRECTION ( 'NONE',  ( -1.000000000000000000, 1.409462824231152135E-14, 0.000000000000000000 ) ) ;
#1050 = VERTEX_POINT ( 'NONE', #381 ) ;
#1051 = CARTESIAN_POINT ( 'NONE',  ( -2.762645729458562460, 0.4493989326055494726, -0.3500000000000000333 ) ) ;
#1052 = VERTEX_POINT ( 'NONE', #1823 ) ;
#1053 = VECTOR ( 'NONE', #2, 1000.000000000000000 ) ;
#1054 = ORIENTED_EDGE ( 'NONE', *, *, #958, .F. ) ;
#1055 = ORIENTED_EDGE ( 'NONE', *, *, #948, .F. ) ;
#1056 = DIRECTION ( 'NONE',  ( 1.000000000000000000, -0.000000000000000000, -0.000000000000000000 ) ) ;
#1057 = VECTOR ( 'NONE', #248, 1000.000000000000000 ) ;
#1058 = ORIENTED_EDGE ( 'NONE', *, *, #417, .T. ) ;
#1059 = VERTEX_POINT ( 'NONE', #780 ) ;
#1060 = VECTOR ( 'NONE', #632, 1000.000000000000000 ) ;
#1061 = CARTESIAN_POINT ( 'NONE',  ( 1.750000000000000000, 0.8999999999999819256, 3.214999999999999414 ) ) ;
#1062 = VERTEX_POINT ( 'NONE', #1640 ) ;
#1063 = EDGE_LOOP ( 'NONE', ( #2268, #345, #244, #1477 ) ) ;
#1064 = LINE ( 'NONE', #716, #246 ) ;
#1065 = PLANE ( 'NONE',  #2086 ) ;
#1066 = EDGE_LOOP ( 'NONE', ( #1123, #1047, #2360, #1916 ) ) ;
#1067 = EDGE_CURVE ( 'NONE', #1749, #634, #1878, .T. ) ;
#1068 = DIRECTION ( 'NONE',  ( -0.000000000000000000, -0.000000000000000000, -1.000000000000000000 ) ) ;
#1069 = STYLED_ITEM ( 'NONE', ( #206 ), #339 ) ;
#1070 = ORIENTED_EDGE ( 'NONE', *, *, #1067, .T. ) ;
#1071 = LINE ( 'NONE', #1651, #363 ) ;
#1072 = ADVANCED_FACE ( 'NONE', ( #259 ), #915, .F. ) ;
#1073 = FILL_AREA_STYLE_COLOUR ( '', #621 ) ;
#1074 = EDGE_LOOP ( 'NONE', ( #1441, #2282, #2297, #307 ) ) ;
#1075 = EDGE_CURVE ( 'NONE', #1933, #1966, #1838, .T. ) ;
#1076 = VERTEX_POINT ( 'NONE', #1156 ) ;
#1077 = CARTESIAN_POINT ( 'NONE',  ( -2.214680520680575082, 0.4500000000000094480, -2.649999999999999911 ) ) ;
#1078 = CARTESIAN_POINT ( 'NONE',  ( -2.214680520680575082, 0.4500000000000094480, 1.949999999999999956 ) ) ;
#1079 = LINE ( 'NONE', #1479, #1048 ) ;
#1080 = AXIS2_PLACEMENT_3D ( 'NONE', #1789, #1115, #1628 ) ;
#1081 = ORIENTED_EDGE ( 'NONE', *, *, #2287, .T. ) ;
#1082 = EDGE_LOOP ( 'NONE', ( #114, #2017, #2379, #910 ) ) ;
#1083 = ORIENTED_EDGE ( 'NONE', *, *, #1925, .T. ) ;
#1084 = ORIENTED_EDGE ( 'NONE', *, *, #774, .T. ) ;
#1085 = PRESENTATION_STYLE_ASSIGNMENT (( #67 ) ) ;
#1086 = DIRECTION ( 'NONE',  ( -1.000000000000000000, 0.000000000000000000, 0.000000000000000000 ) ) ;
#1087 = VERTEX_POINT ( 'NONE', #578 ) ;
#1088 = CARTESIAN_POINT ( 'NONE',  ( 1.750000000000000000, 0.1000000000000000472, 3.249999999999999556 ) ) ;
#1089 = CARTESIAN_POINT ( 'NONE',  ( -2.296865014811599881, 0.5069711236015997935, -0.3500000000000004774 ) ) ;
#1090 = ORIENTED_EDGE ( 'NONE', *, *, #1685, .F. ) ;
#1091 = VECTOR ( 'NONE', #25, 1000.000000000000000 ) ;
#1092 = DIRECTION ( 'NONE',  ( 0.000000000000000000, 0.000000000000000000, -1.000000000000000000 ) ) ;
#1093 = ORIENTED_EDGE ( 'NONE', *, *, #353, .T. ) ;
#1094 = VECTOR ( 'NONE', #1633, 1000.000000000000000 ) ;
#1095 = ORIENTED_EDGE ( 'NONE', *, *, #1096, .F. ) ;
#1096 = EDGE_CURVE ( 'NONE', #1218, #192, #1841, .T. ) ;
#1097 = CARTESIAN_POINT ( 'NONE',  ( 1.597060180510450955, 1.767364817766692742, 3.062060180510450813 ) ) ;
#1098 = COLOUR_RGB ( '',0.7921568627450980005, 0.8196078431372548767, 0.9333333333333333481 ) ;
#1099 = CARTESIAN_POINT ( 'NONE',  ( -1.507395754244652775, 1.699999999999999956, 0.000000000000000000 ) ) ;
#1100 = ADVANCED_FACE ( 'NONE', ( #1847 ), #354, .F. ) ;
#1101 = EDGE_LOOP ( 'NONE', ( #1977, #2206, #573, #336 ) ) ;
#1102 = ORIENTED_EDGE ( 'NONE', *, *, #2079, .F. ) ;
#1103 = FACE_OUTER_BOUND ( 'NONE', #395, .T. ) ;
#1104 = VERTEX_POINT ( 'NONE', #1801 ) ;
#1105 = ORIENTED_EDGE ( 'NONE', *, *, #409, .T. ) ;
#1106 = CARTESIAN_POINT ( 'NONE',  ( 0.000000000000000000, 1.699999999999999956, 2.972395754244653077 ) ) ;
#1107 = EDGE_CURVE ( 'NONE', #2299, #758, #263, .T. ) ;
#1108 = ORIENTED_EDGE ( 'NONE', *, *, #2023, .F. ) ;
#1109 = CARTESIAN_POINT ( 'NONE',  ( -2.214680520680575082, 0.8999999999999820366, 2.649999999999999911 ) ) ;
#1110 = AXIS2_PLACEMENT_3D ( 'NONE', #1245, #756, #1637 ) ;
#1111 = CARTESIAN_POINT ( 'NONE',  ( -2.762645729458562460, 0.4493989326055494726, 2.649999999999999911 ) ) ;
#1112 = CARTESIAN_POINT ( 'NONE',  ( -2.836114649314821268, 0.4067505863979649083, 2.649999999999999911 ) ) ;
#1113 = ORIENTED_EDGE ( 'NONE', *, *, #1755, .T. ) ;
#1114 = VECTOR ( 'NONE', #659, 1000.000000000000000 ) ;
#1115 = DIRECTION ( 'NONE',  ( -0.000000000000000000, -0.000000000000000000, -1.000000000000000000 ) ) ;
#1116 = VERTEX_POINT ( 'NONE', #119 ) ;
#1117 = AXIS2_PLACEMENT_3D ( 'NONE', #1526, #39, #2096 ) ;
#1118 = ORIENTED_EDGE ( 'NONE', *, *, #330, .F. ) ;
#1119 = CARTESIAN_POINT ( 'NONE',  ( -2.214680520680575082, 0.4500000000000094480, 0.3500000000000000333 ) ) ;
#1120 = FACE_OUTER_BOUND ( 'NONE', #2134, .T. ) ;
#1121 = ORIENTED_EDGE ( 'NONE', *, *, #1198, .F. ) ;
#1122 = VERTEX_POINT ( 'NONE', #767 ) ;
#1123 = ORIENTED_EDGE ( 'NONE', *, *, #139, .T. ) ;
#1124 = VERTEX_POINT ( 'NONE', #559 ) ;
#1125 = CIRCLE ( 'NONE', #1688, 0.4499999999999725331 ) ;
#1126 = ORIENTED_EDGE ( 'NONE', *, *, #1430, .F. ) ;
#1127 = DIRECTION ( 'NONE',  ( 0.000000000000000000, 0.000000000000000000, 1.000000000000000000 ) ) ;
#1128 = CARTESIAN_POINT ( 'NONE',  ( 2.762645729458562460, 0.4493989326055494726, 1.500000000000000000 ) ) ;
#1129 = EDGE_LOOP ( 'NONE', ( #95, #1, #946, #226 ) ) ;
#1130 = VECTOR ( 'NONE', #66, 1000.000000000000000 ) ;
#1131 = CARTESIAN_POINT ( 'NONE',  ( -1.749999999999999556, 0.5500000000000092593, 1.949999999999999956 ) ) ;
#1132 = ORIENTED_EDGE ( 'NONE', *, *, #577, .T. ) ;
#1133 = EDGE_CURVE ( 'NONE', #1050, #265, #1071, .T. ) ;
#1134 = ORIENTED_EDGE ( 'NONE', *, *, #1661, .F. ) ;
#1135 = CARTESIAN_POINT ( 'NONE',  ( 1.558167084838940175, 1.800000000000000266, 3.023167084838941143 ) ) ;
#1136 = VECTOR ( 'NONE', #672, 1000.000000000000114 ) ;
#1137 = EDGE_LOOP ( 'NONE', ( #2101, #1753, #896, #1346, #109, #901, #129, #471, #1767, #104, #1738, #974 ) ) ;
#1138 = EDGE_CURVE ( 'NONE', #1335, #2028, #1928, .T. ) ;
#1139 = ORIENTED_EDGE ( 'NONE', *, *, #1843, .F. ) ;
#1140 = VECTOR ( 'NONE', #2309, 1000.000000000000000 ) ;
#1141 = ORIENTED_EDGE ( 'NONE', *, *, #1685, .T. ) ;
#1142 = AXIS2_PLACEMENT_3D ( 'NONE', #850, #2229, #1641 ) ;
#1143 = COLOUR_RGB ( '',0.7921568627450980005, 0.8196078431372548767, 0.9333333333333333481 ) ;
#1144 = CARTESIAN_POINT ( 'NONE',  ( -1.676407321829259445, 0.1326351822333069752, -3.176407321829259001 ) ) ;
#1145 = ORIENTED_EDGE ( 'NONE', *, *, #474, .T. ) ;
#1146 = DIRECTION ( 'NONE',  ( 1.000000000000000000, 2.333220619830529272E-16, 0.000000000000000000 ) ) ;
#1147 = CARTESIAN_POINT ( 'NONE',  ( -2.296865014811599881, 0.5069711236015997935, 2.649999999999999911 ) ) ;
#1148 = CYLINDRICAL_SURFACE ( 'NONE', #1907, 0.09999999999999982514 ) ;
#1149 = AXIS2_PLACEMENT_3D ( 'NONE', #1077, #1551, #466 ) ;
#1150 = DIRECTION ( 'NONE',  ( -0.08715574274765121310, 0.9961946980917462113, -1.079936521503899135E-17 ) ) ;
#1151 = VERTEX_POINT ( 'NONE', #899 ) ;
#1152 = DIRECTION ( 'NONE',  ( 1.239088197126290570E-16, 0.000000000000000000, -1.000000000000000000 ) ) ;
#1153 = EDGE_LOOP ( 'NONE', ( #154, #2098, #146, #1701, #2072, #1031, #1832, #1910, #255, #1904, #1863, #735 ) ) ;
#1154 = VERTEX_POINT ( 'NONE', #2270 ) ;
#1155 = VECTOR ( 'NONE', #277, 1000.000000000000000 ) ;
#1156 = CARTESIAN_POINT ( 'NONE',  ( -3.500000000000000000, 0.3486681443320837626, -2.649999999999999911 ) ) ;
#1157 = EDGE_LOOP ( 'NONE', ( #1543, #1093, #1837, #1919, #322, #1070 ) ) ;
#1158 = DIRECTION ( 'NONE',  ( -0.000000000000000000, -0.000000000000000000, -1.000000000000000000 ) ) ;
#1159 = DIRECTION ( 'NONE',  ( 1.000000000000000000, 0.000000000000000000, 0.000000000000000000 ) ) ;
#1160 = FACE_OUTER_BOUND ( 'NONE', #1734, .T. ) ;
#1161 = EDGE_CURVE ( 'NONE', #183, #1087, #1985, .T. ) ;
#1162 = ADVANCED_FACE ( 'NONE', ( #1120 ), #344, .T. ) ;
#1163 = CARTESIAN_POINT ( 'NONE',  ( 1.750000000000000000, 0.8999999999999819256, 3.249999999999999556 ) ) ;
#1164 = ORIENTED_EDGE ( 'NONE', *, *, #468, .T. ) ;
#1165 = CARTESIAN_POINT ( 'NONE',  ( 1.507395754244652775, 1.800000000000000044, 2.972395754244653077 ) ) ;
#1166 = LINE ( 'NONE', #803, #1909 ) ;
#1167 = EDGE_CURVE ( 'NONE', #2028, #1750, #371, .T. ) ;
#1168 = CLOSED_SHELL ( 'NONE', ( #242, #1958, #1100, #822, #1480, #2033, #871, #491, #2239, #1825, #536, #1881, #1627, #57 ) ) ;
#1169 = PLANE ( 'NONE',  #2192 ) ;
#1170 = LINE ( 'NONE', #645, #1091 ) ;
#1171 = DIRECTION ( 'NONE',  ( -0.000000000000000000, -0.000000000000000000, -1.000000000000000000 ) ) ;
#1172 = ORIENTED_EDGE ( 'NONE', *, *, #1886, .T. ) ;
#1173 = STYLED_ITEM ( 'NONE', ( #1085 ), #1384 ) ;
#1174 = LINE ( 'NONE', #2170, #1130 ) ;
#1175 = DIRECTION ( 'NONE',  ( -1.000000000000000000, 0.000000000000000000, 0.000000000000000000 ) ) ;
#1176 = ORIENTED_EDGE ( 'NONE', *, *, #287, .T. ) ;
#1177 = UNCERTAINTY_MEASURE_WITH_UNIT (LENGTH_MEASURE( 1.000000000000000082E-05 ), #2149, 'distance_accuracy_value', 'NONE');
#1178 = APPLICATION_CONTEXT ( 'automotive_design' ) ;
#1179 = CARTESIAN_POINT ( 'NONE',  ( -1.750000000000000000, 0.8999999999999819256, -3.214999999999999414 ) ) ;
#1180 = CARTESIAN_POINT ( 'NONE',  ( 1.586742895563462152, 0.2000000000000000389, 0.000000000000000000 ) ) ;
#1181 = ORIENTED_EDGE ( 'NONE', *, *, #1075, .F. ) ;
#1182 = CARTESIAN_POINT ( 'NONE',  ( 1.749999999999999556, 0.5500000000000094813, -1.500000000000000000 ) ) ;
#1183 = DIRECTION ( 'NONE',  ( 0.000000000000000000, -0.000000000000000000, -1.000000000000000000 ) ) ;
#1184 = VECTOR ( 'NONE', #696, 1000.000000000000114 ) ;
#1185 = EDGE_LOOP ( 'NONE', ( #2021, #1604, #963, #1599 ) ) ;
#1186 = CARTESIAN_POINT ( 'NONE',  ( 1.501844411854913242, 2.307360275483777645, 2.966844411854913766 ) ) ;
#1187 = FACE_OUTER_BOUND ( 'NONE', #684, .T. ) ;
#1188 = VERTEX_POINT ( 'NONE', #599 ) ;
#1189 = CARTESIAN_POINT ( 'NONE',  ( 0.000000000000000000, 1.800000000000000044, -2.972395754244653077 ) ) ;
#1190 = LINE ( 'NONE', #747, #382 ) ;
#1191 = DIRECTION ( 'NONE',  ( 0.000000000000000000, 0.000000000000000000, -1.000000000000000000 ) ) ;
#1192 = ORIENTED_EDGE ( 'NONE', *, *, #2113, .T. ) ;
#1193 = PLANE ( 'NONE',  #1301 ) ;
#1194 = DIRECTION ( 'NONE',  ( 1.239088197126290817E-16, 0.000000000000000000, 1.000000000000000000 ) ) ;
#1195 = LINE ( 'NONE', #2355, #1184 ) ;
#1196 = CARTESIAN_POINT ( 'NONE',  ( -1.597060180510449623, 1.767364817766692964, 3.062060180510451257 ) ) ;
#1197 = ORIENTED_EDGE ( 'NONE', *, *, #468, .F. ) ;
#1198 = EDGE_CURVE ( 'NONE', #2332, #1435, #1770, .T. ) ;
#1199 = ADVANCED_FACE ( 'NONE', ( #1934 ), #2335, .F. ) ;
#1200 = CARTESIAN_POINT ( 'NONE',  ( -1.750000000000000000, 0.5500000000000094813, 2.649999999999999911 ) ) ;
#1201 = DIRECTION ( 'NONE',  ( 0.000000000000000000, 0.9848077530122087975, -0.1736481776669266952 ) ) ;
#1202 = AXIS2_PLACEMENT_3D ( 'NONE', #635, #38, #1684 ) ;
#1203 = VERTEX_POINT ( 'NONE', #951 ) ;
#1204 = DIRECTION ( 'NONE',  ( -0.1710878697460331832, -0.9702875252478146972, 0.1710878697460335718 ) ) ;
#1205 = CARTESIAN_POINT ( 'NONE',  ( -1.750000000000000000, 0.5500000000000094813, -2.649999999999999911 ) ) ;
#1206 = DIRECTION ( 'NONE',  ( 1.000000000000000000, -2.333220619830529272E-16, 0.000000000000000000 ) ) ;
#1207 = CARTESIAN_POINT ( 'NONE',  ( -2.214680520680575082, 0.5500000000000094813, 2.649999999999999911 ) ) ;
#1208 = EDGE_CURVE ( 'NONE', #2034, #674, #315, .T. ) ;
#1209 = LINE ( 'NONE', #1023, #427 ) ;
#1210 = AXIS2_PLACEMENT_3D ( 'NONE', #72, #270, #294 ) ;
#1211 = DIRECTION ( 'NONE',  ( -1.000000000000000000, 0.000000000000000000, 0.000000000000000000 ) ) ;
#1212 = VERTEX_POINT ( 'NONE', #1590 ) ;
#1213 = DIRECTION ( 'NONE',  ( -0.000000000000000000, -0.000000000000000000, -1.000000000000000000 ) ) ;
#1214 = ORIENTED_EDGE ( 'NONE', *, *, #958, .T. ) ;
#1215 = DIRECTION ( 'NONE',  ( -0.000000000000000000, -0.000000000000000000, -1.000000000000000000 ) ) ;
#1216 = CIRCLE ( 'NONE', #1516, 0.1000000000000002554 ) ;
#1217 = CARTESIAN_POINT ( 'NONE',  ( -3.469495490038324359, 0.000000000000000000, 2.649999999999999911 ) ) ;
#1218 = VERTEX_POINT ( 'NONE', #1987 ) ;
#1219 = CARTESIAN_POINT ( 'NONE',  ( 1.558167084838939731, 1.800000000000000044, -3.023167084838940699 ) ) ;
#1220 = CARTESIAN_POINT ( 'NONE',  ( -2.214680520680575082, 0.8999999999999820366, -0.3500000000000000333 ) ) ;
#1221 = VECTOR ( 'NONE', #737, 1000.000000000000000 ) ;
#1222 = ORIENTED_EDGE ( 'NONE', *, *, #2085, .F. ) ;
#1223 = DIRECTION ( 'NONE',  ( 0.000000000000000000, 0.000000000000000000, -1.000000000000000000 ) ) ;
#1224 = CARTESIAN_POINT ( 'NONE',  ( -1.749999999999999778, 0.8999999999999818145, 0.3500000000000000333 ) ) ;
#1225 = ADVANCED_FACE ( 'NONE', ( #306 ), #990, .F. ) ;
#1226 = CARTESIAN_POINT ( 'NONE',  ( -1.750000000000000000, 1.800000000000000044, -3.056305717362381547 ) ) ;
#1227 = EDGE_CURVE ( 'NONE', #192, #2242, #1166, .T. ) ;
#1228 = CARTESIAN_POINT ( 'NONE',  ( 2.844830223589586371, 0.5063700562071395961, 1.500000000000000000 ) ) ;
#1229 = ORIENTED_EDGE ( 'NONE', *, *, #175, .T. ) ;
#1230 = CARTESIAN_POINT ( 'NONE',  ( -2.296865014811599881, 0.5069711236015997935, 2.649999999999999911 ) ) ;
#1231 = ORIENTED_EDGE ( 'NONE', *, *, #432, .T. ) ;
#1232 = CYLINDRICAL_SURFACE ( 'NONE', #651, 0.1000000000000000472 ) ;
#1233 = EDGE_CURVE ( 'NONE', #325, #1718, #1170, .T. ) ;
#1234 = CARTESIAN_POINT ( 'NONE',  ( 2.584510744270161364, 0.7063700562071489886, 2.649999999999999911 ) ) ;
#1235 = ORIENTED_EDGE ( 'NONE', *, *, #1803, .T. ) ;
#1236 = DIRECTION ( 'NONE',  ( -0.1710878697460331832, 0.9702875252478148083, 0.1710878697460332110 ) ) ;
#1237 = VECTOR ( 'NONE', #1830, 1000.000000000000000 ) ;
#1238 = ORIENTED_EDGE ( 'NONE', *, *, #1161, .F. ) ;
#1239 = CARTESIAN_POINT ( 'NONE',  ( 1.605876529545873677, 1.717364817766692697, 3.056305717362381547 ) ) ;
#1240 = MECHANICAL_DESIGN_GEOMETRIC_PRESENTATION_REPRESENTATION (  '', ( #7 ), #1006 ) ;
#1241 = DIRECTION ( 'NONE',  ( -0.000000000000000000, 0.000000000000000000, -1.000000000000000000 ) ) ;
#1242 = CYLINDRICAL_SURFACE ( 'NONE', #1616, 0.1000000000000002554 ) ;
#1243 = DIRECTION ( 'NONE',  ( -0.000000000000000000, -0.000000000000000000, 1.000000000000000000 ) ) ;
#1244 = ORIENTED_EDGE ( 'NONE', *, *, #837, .T. ) ;
#1245 = CARTESIAN_POINT ( 'NONE',  ( -2.844830223589586371, 0.5063700562071395961, 2.649999999999999911 ) ) ;
#1246 = LINE ( 'NONE', #1585, #2022 ) ;
#1247 = ORIENTED_EDGE ( 'NONE', *, *, #1208, .T. ) ;
#1248 = CARTESIAN_POINT ( 'NONE',  ( -2.214680520680575082, 0.8999999999999820366, 1.949999999999999956 ) ) ;
#1249 = FACE_OUTER_BOUND ( 'NONE', #698, .T. ) ;
#1250 = ORIENTED_EDGE ( 'NONE', *, *, #60, .F. ) ;
#1251 = EDGE_CURVE ( 'NONE', #2242, #611, #1905, .T. ) ;
#1252 = CARTESIAN_POINT ( 'NONE',  ( 1.507395754244652775, 1.800000000000000044, -2.972395754244653077 ) ) ;
#1253 = DIRECTION ( 'NONE',  ( -1.220263663195890900E-16, 0.1736481776669279442, -0.9848077530122085754 ) ) ;
#1254 = CIRCLE ( 'NONE', #1400, 0.4499999999999725331 ) ;
#1255 = ORIENTED_EDGE ( 'NONE', *, *, #82, .T. ) ;
#1256 = EDGE_CURVE ( 'NONE', #1003, #1553, #1949, .T. ) ;
#1257 = DIRECTION ( 'NONE',  ( -0.000000000000000000, -0.000000000000000000, -1.000000000000000000 ) ) ;
#1258 = MANIFOLD_SOLID_BREP ( 'Cut-Extrude3[4]', #2251 ) ;
#1259 = SURFACE_STYLE_FILL_AREA ( #505 ) ;
#1260 = CARTESIAN_POINT ( 'NONE',  ( 3.469495490038324359, -6.776263578034402713E-18, -1.500000000000000000 ) ) ;
#1261 = ORIENTED_EDGE ( 'NONE', *, *, #1161, .T. ) ;
#1262 =( LENGTH_UNIT ( ) NAMED_UNIT ( * ) SI_UNIT ( .MILLI., .METRE. ) );
#1263 = PRODUCT_DEFINITION_CONTEXT ( 'detailed design', #1178, 'design' ) ;
#1264 = EDGE_CURVE ( 'NONE', #1062, #1154, #1174, .T. ) ;
#1265 = CIRCLE ( 'NONE', #2393, 0.1000000000000002554 ) ;
#1266 = FILL_AREA_STYLE ('',( #1073 ) ) ;
#1267 = ORIENTED_EDGE ( 'NONE', *, *, #2102, .T. ) ;
#1268 = PLANE ( 'NONE',  #393 ) ;
#1269 = EDGE_CURVE ( 'NONE', #359, #2302, #1954, .T. ) ;
#1270 = VECTOR ( 'NONE', #1836, 1000.000000000000000 ) ;
#1271 = AXIS2_PLACEMENT_3D ( 'NONE', #76, #757, #1849 ) ;
#1272 = ORIENTED_EDGE ( 'NONE', *, *, #1256, .F. ) ;
#1273 = DIRECTION ( 'NONE',  ( -0.000000000000000000, -0.000000000000000000, -1.000000000000000000 ) ) ;
#1274 = FACE_OUTER_BOUND ( 'NONE', #1282, .T. ) ;
#1275 = ORIENTED_EDGE ( 'NONE', *, *, #1484, .T. ) ;
#1276 = DIRECTION ( 'NONE',  ( -1.000000000000000000, 0.000000000000000000, 0.000000000000000000 ) ) ;
#1277 = VECTOR ( 'NONE', #1704, 1000.000000000000000 ) ;
#1278 = ORIENTED_EDGE ( 'NONE', *, *, #1536, .T. ) ;
#1279 = FILL_AREA_STYLE_COLOUR ( '', #947 ) ;
#1280 = CIRCLE ( 'NONE', #1149, 0.1000000000000002554 ) ;
#1281 = CARTESIAN_POINT ( 'NONE',  ( -1.750000000000000000, 0.8999999999999819256, -3.249999999999999556 ) ) ;
#1282 = EDGE_LOOP ( 'NONE', ( #2080, #1817, #1343, #913 ) ) ;
#1283 = DIRECTION ( 'NONE',  ( 0.000000000000000000, 1.000000000000000000, 0.000000000000000000 ) ) ;
#1284 = CARTESIAN_POINT ( 'NONE',  ( -1.750000000000000000, 0.8999999999999819256, -2.649999999999999911 ) ) ;
#1285 = DIRECTION ( 'NONE',  ( -1.000000000000000000, 0.000000000000000000, 0.000000000000000000 ) ) ;
#1286 = FACE_OUTER_BOUND ( 'NONE', #89, .T. ) ;
#1287 = LINE ( 'NONE', #1592, #511 ) ;
#1288 = ORIENTED_EDGE ( 'NONE', *, *, #1291, .F. ) ;
#1289 = ADVANCED_FACE ( 'NONE', ( #1103 ), #1695, .F. ) ;
#1290 = LINE ( 'NONE', #2018, #522 ) ;
#1291 = EDGE_CURVE ( 'NONE', #1530, #1003, #1125, .T. ) ;
#1292 = ORIENTED_EDGE ( 'NONE', *, *, #591, .T. ) ;
#1293 = CYLINDRICAL_SURFACE ( 'NONE', #364, 0.09999999999999982514 ) ;
#1294 = CARTESIAN_POINT ( 'NONE',  ( -1.750000000000000000, 0.8999999999999819256, 2.649999999999999911 ) ) ;
#1295 = PLANE ( 'NONE',  #1975 ) ;
#1296 = VECTOR ( 'NONE', #1487, 1000.000000000000000 ) ;
#1297 = ADVANCED_FACE ( 'NONE', ( #1160 ), #502, .F. ) ;
#1298 = EDGE_CURVE ( 'NONE', #1860, #634, #1923, .T. ) ;
#1299 = ORIENTED_EDGE ( 'NONE', *, *, #1339, .F. ) ;
#1300 = CARTESIAN_POINT ( 'NONE',  ( -2.836114649314821268, 0.4067505863979649083, -2.649999999999999911 ) ) ;
#1301 = AXIS2_PLACEMENT_3D ( 'NONE', #902, #428, #815 ) ;
#1302 = LINE ( 'NONE', #589, #490 ) ;
#1303 = PLANE ( 'NONE',  #118 ) ;
#1304 = VECTOR ( 'NONE', #1056, 1000.000000000000000 ) ;
#1305 = ORIENTED_EDGE ( 'NONE', *, *, #897, .T. ) ;
#1306 = EDGE_CURVE ( 'NONE', #1523, #1218, #285, .T. ) ;
#1307 = CARTESIAN_POINT ( 'NONE',  ( -2.762645729458562460, 0.4493989326055494726, -1.949999999999999956 ) ) ;
#1308 =( GEOMETRIC_REPRESENTATION_CONTEXT ( 3 ) GLOBAL_UNCERTAINTY_ASSIGNED_CONTEXT ( ( #1969 ) ) GLOBAL_UNIT_ASSIGNED_CONTEXT ( ( #969, #1952, #478 ) ) REPRESENTATION_CONTEXT ( 'NONE', 'WORKASPACE' ) );
#1309 = LINE ( 'NONE', #1744, #2163 ) ;
#1310 = LINE ( 'NONE', #527, #2110 ) ;
#1311 = ORIENTED_EDGE ( 'NONE', *, *, #2267, .F. ) ;
#1312 = LINE ( 'NONE', #266, #1344 ) ;
#1313 = VECTOR ( 'NONE', #142, 1000.000000000000000 ) ;
#1314 = ORIENTED_EDGE ( 'NONE', *, *, #813, .F. ) ;
#1315 = CARTESIAN_POINT ( 'NONE',  ( 2.214680520680574638, 0.8999999999999820366, -1.500000000000000000 ) ) ;
#1316 = ADVANCED_FACE ( 'NONE', ( #351 ), #1148, .T. ) ;
#1317 = CARTESIAN_POINT ( 'NONE',  ( -2.475000000000000089, 0.2499999999999999445, -2.649999999999999911 ) ) ;
#1318 = ORIENTED_EDGE ( 'NONE', *, *, #742, .T. ) ;
#1319 = DIRECTION ( 'NONE',  ( 0.08715574274765147678, -0.9961946980917461003, 0.000000000000000000 ) ) ;
#1320 = DIRECTION ( 'NONE',  ( -0.000000000000000000, -0.000000000000000000, -1.000000000000000000 ) ) ;
#1321 = FACE_OUTER_BOUND ( 'NONE', #2118, .T. ) ;
#1322 = DIRECTION ( 'NONE',  ( -0.9848077530122085754, 0.1736481776669279442, 0.000000000000000000 ) ) ;
#1323 = ORIENTED_EDGE ( 'NONE', *, *, #2255, .F. ) ;
#1324 = PRODUCT_DEFINITION_SHAPE ( 'NONE', 'NONE',  #1854 ) ;
#1325 = DIRECTION ( 'NONE',  ( -1.000000000000000000, 0.000000000000000000, -1.239088197126290570E-16 ) ) ;
#1326 = LINE ( 'NONE', #720, #1405 ) ;
#1327 = EDGE_LOOP ( 'NONE', ( #1948, #1238, #1997, #148, #1776, #1610, #1707, #391, #893, #802, #2402, #794 ) ) ;
#1328 = LINE ( 'NONE', #1361, #1332 ) ;
#1329 = LINE ( 'NONE', #865, #2155 ) ;
#1330 = EDGE_LOOP ( 'NONE', ( #251, #1906, #776, #237 ) ) ;
#1331 = DIRECTION ( 'NONE',  ( 0.000000000000000000, 0.000000000000000000, 1.000000000000000000 ) ) ;
#1332 = VECTOR ( 'NONE', #1540, 1000.000000000000000 ) ;
#1333 = CARTESIAN_POINT ( 'NONE',  ( -1.685223670864682832, 0.1826351822333069919, -3.185223670864682166 ) ) ;
#1334 = LINE ( 'NONE', #1415, #1351 ) ;
#1335 = VERTEX_POINT ( 'NONE', #1571 ) ;
#1336 = APPLICATION_PROTOCOL_DEFINITION ( 'draft international standard', 'automotive_design', 1998, #1178 ) ;
#1337 = DIRECTION ( 'NONE',  ( -0.000000000000000000, -0.000000000000000000, -1.000000000000000000 ) ) ;
#1338 = PLANE ( 'NONE',  #2058 ) ;
#1339 = EDGE_CURVE ( 'NONE', #1059, #204, #1914, .T. ) ;
#1340 = LINE ( 'NONE', #1460, #510 ) ;
#1341 = PLANE ( 'NONE',  #367 ) ;
#1342 = AXIS2_PLACEMENT_3D ( 'NONE', #534, #848, #42 ) ;
#1343 = ORIENTED_EDGE ( 'NONE', *, *, #2146, .F. ) ;
#1344 = VECTOR ( 'NONE', #514, 1000.000000000000000 ) ;
#1345 = LINE ( 'NONE', #827, #1277 ) ;
#1346 = ORIENTED_EDGE ( 'NONE', *, *, #1306, .T. ) ;
#1347 = FACE_OUTER_BOUND ( 'NONE', #1137, .T. ) ;
#1348 = CIRCLE ( 'NONE', #1491, 0.1000000000000002554 ) ;
#1349 = CARTESIAN_POINT ( 'NONE',  ( -2.214680520680575082, 0.4500000000000094480, 2.649999999999999911 ) ) ;
#1350 =( BOUNDED_CURVE ( )  B_SPLINE_CURVE ( 3, ( #1252, #1219, #1765, #1747 ),
 .UNSPECIFIED., .F., .F. ) 
 B_SPLINE_CURVE_WITH_KNOTS ( ( 4, 4 ),
 ( 1.570796326794896558, 2.967059728390362139 ),
 .UNSPECIFIED. ) 
 CURVE ( )  GEOMETRIC_REPRESENTATION_ITEM ( )  RATIONAL_B_SPLINE_CURVE ( ( 1.000000000000000000, 0.8440296287459849722, 0.8440296287459849722, 1.000000000000000000 ) ) 
 REPRESENTATION_ITEM ( '' )  );
#1351 = VECTOR ( 'NONE', #1204, 1000.000000000000114 ) ;
#1352 = FACE_OUTER_BOUND ( 'NONE', #483, .T. ) ;
#1353 = ORIENTED_EDGE ( 'NONE', *, *, #254, .T. ) ;
#1354 = CARTESIAN_POINT ( 'NONE',  ( -2.214680520680575082, 0.8999999999999820366, -0.3500000000000000333 ) ) ;
#1355 = CARTESIAN_POINT ( 'NONE',  ( -1.750000000000000000, 1.717364817766692475, -3.070876529545873979 ) ) ;
#1356 = VECTOR ( 'NONE', #87, 1000.000000000000000 ) ;
#1357 = LINE ( 'NONE', #605, #515 ) ;
#1358 = CARTESIAN_POINT ( 'NONE',  ( -2.214680520680575082, 0.4500000000000094480, 2.649999999999999911 ) ) ;
#1359 = EDGE_CURVE ( 'NONE', #1504, #1124, #2044, .T. ) ;
#1360 = FACE_OUTER_BOUND ( 'NONE', #420, .T. ) ;
#1361 = CARTESIAN_POINT ( 'NONE',  ( -1.750000000000000000, 0.8999999999999819256, 2.649999999999999911 ) ) ;
#1362 = ADVANCED_FACE ( 'NONE', ( #310 ), #1781, .F. ) ;
#1363 = FACE_OUTER_BOUND ( 'NONE', #1082, .T. ) ;
#1364 = EDGE_CURVE ( 'NONE', #2048, #185, #1899, .T. ) ;
#1365 = VECTOR ( 'NONE', #2201, 1000.000000000000114 ) ;
#1366 = CIRCLE ( 'NONE', #819, 0.4499999999999725331 ) ;
#1367 = CIRCLE ( 'NONE', #966, 0.4499999999999725331 ) ;
#1368 = EDGE_LOOP ( 'NONE', ( #2008, #404, #2057, #1261 ) ) ;
#1369 = EDGE_CURVE ( 'NONE', #1882, #1553, #1940, .T. ) ;
#1370 = CARTESIAN_POINT ( 'NONE',  ( -1.605876529545873677, 1.717364817766692697, -3.070876529545873979 ) ) ;
#1371 = LINE ( 'NONE', #961, #2198 ) ;
#1372 = CARTESIAN_POINT ( 'NONE',  ( -2.805610139353145627, 0.05808244206588106945, -0.3500000000000000333 ) ) ;
#1373 =( GEOMETRIC_REPRESENTATION_CONTEXT ( 3 ) GLOBAL_UNCERTAINTY_ASSIGNED_CONTEXT ( ( #1570 ) ) GLOBAL_UNIT_ASSIGNED_CONTEXT ( ( #1775, #507, #1629 ) ) REPRESENTATION_CONTEXT ( 'NONE', 'WORKASPACE' ) );
#1374 = CYLINDRICAL_SURFACE ( 'NONE', #1080, 0.09999999999999982514 ) ;
#1375 = ORIENTED_EDGE ( 'NONE', *, *, #726, .F. ) ;
#1376 = CARTESIAN_POINT ( 'NONE',  ( -2.836114649314821268, 0.4067505863979649638, -1.949999999999999956 ) ) ;
#1377 = FACE_OUTER_BOUND ( 'NONE', #679, .T. ) ;
#1378 = STYLED_ITEM ( 'NONE', ( #2071 ), #385 ) ;
#1379 = DIRECTION ( 'NONE',  ( -1.000000000000000000, 2.333220619830529272E-16, 1.239088197126290077E-16 ) ) ;
#1380 = LINE ( 'NONE', #1552, #576 ) ;
#1381 = VECTOR ( 'NONE', #296, 999.9999999999998863 ) ;
#1382 = FACE_OUTER_BOUND ( 'NONE', #2061, .T. ) ;
#1383 = CARTESIAN_POINT ( 'NONE',  ( 1.605876529545873899, 1.717364817766692253, 3.070876529545873979 ) ) ;
#1384 = MANIFOLD_SOLID_BREP ( 'Cut-Extrude3[2]', #1168 ) ;
#1385 = VECTOR ( 'NONE', #2077, 1000.000000000000000 ) ;
#1386 = FACE_OUTER_BOUND ( 'NONE', #464, .T. ) ;
#1387 = CARTESIAN_POINT ( 'NONE',  ( 1.591305717362381245, 1.800000000000000044, 0.000000000000000000 ) ) ;
#1388 = FACE_OUTER_BOUND ( 'NONE', #195, .T. ) ;
#1389 = CIRCLE ( 'NONE', #962, 0.1000000000000002554 ) ;
#1390 = VECTOR ( 'NONE', #1454, 1000.000000000000000 ) ;
#1391 = CARTESIAN_POINT ( 'NONE',  ( 2.836114649314821268, 0.4067505863979649083, 2.649999999999999911 ) ) ;
#1392 = FACE_OUTER_BOUND ( 'NONE', #2330, .T. ) ;
#1393 = LINE ( 'NONE', #90, #1452 ) ;
#1394 = DIRECTION ( 'NONE',  ( 0.000000000000000000, 0.000000000000000000, -1.000000000000000000 ) ) ;
#1395 = LINE ( 'NONE', #2292, #1424 ) ;
#1396 = EDGE_CURVE ( 'NONE', #2111, #1966, #458, .T. ) ;
#1397 = VECTOR ( 'NONE', #1379, 1000.000000000000000 ) ;
#1398 = LINE ( 'NONE', #2062, #2233 ) ;
#1399 = DIRECTION ( 'NONE',  ( -0.9961946980917461003, -0.08715574274765133800, 0.000000000000000000 ) ) ;
#1400 = AXIS2_PLACEMENT_3D ( 'NONE', #2207, #1759, #308 ) ;
#1401 = LINE ( 'NONE', #1537, #571 ) ;
#1402 = PRESENTATION_LAYER_ASSIGNMENT (  '', '', ( #1173 ) ) ;
#1403 = LINE ( 'NONE', #601, #569 ) ;
#1404 = DIRECTION ( 'NONE',  ( 0.000000000000000000, 0.000000000000000000, 1.000000000000000000 ) ) ;
#1405 = VECTOR ( 'NONE', #2218, 1000.000000000000000 ) ;
#1406 = LINE ( 'NONE', #138, #2046 ) ;
#1407 = CARTESIAN_POINT ( 'NONE',  ( -2.762645729458562460, 0.4493989326055494726, 2.649999999999999911 ) ) ;
#1408 = DIRECTION ( 'NONE',  ( -0.000000000000000000, -0.000000000000000000, -1.000000000000000000 ) ) ;
#1409 = CYLINDRICAL_SURFACE ( 'NONE', #934, 0.1000000000000000472 ) ;
#1410 = CARTESIAN_POINT ( 'NONE',  ( -1.558167084838939953, 1.799999999999999600, 3.023167084838940699 ) ) ;
#1411 = ORIENTED_EDGE ( 'NONE', *, *, #1937, .F. ) ;
#1412 = CARTESIAN_POINT ( 'NONE',  ( -3.469495490038324359, -1.355252715606880543E-17, -1.949999999999999956 ) ) ;
#1413 = CARTESIAN_POINT ( 'NONE',  ( -1.750000000000000000, 0.8999999999999819256, -3.214999999999999414 ) ) ;
#1414 = VECTOR ( 'NONE', #2112, 1000.000000000000114 ) ;
#1415 = CARTESIAN_POINT ( 'NONE',  ( 1.559738115367468092, -0.5290287672826863297, -3.059738115367466538 ) ) ;
#1416 = ORIENTED_EDGE ( 'NONE', *, *, #2358, .T. ) ;
#1417 = DIRECTION ( 'NONE',  ( -0.000000000000000000, -0.000000000000000000, -1.000000000000000000 ) ) ;
#1418 = DIRECTION ( 'NONE',  ( -0.000000000000000000, -0.000000000000000000, -1.000000000000000000 ) ) ;
#1419 = FACE_OUTER_BOUND ( 'NONE', #202, .T. ) ;
#1420 = LINE ( 'NONE', #1567, #2227 ) ;
#1421 = ADVANCED_FACE ( 'NONE', ( #1352 ), #1607, .F. ) ;
#1422 = SURFACE_STYLE_USAGE ( .BOTH. , #46 ) ;
#1423 = SURFACE_STYLE_FILL_AREA ( #1266 ) ;
#1424 = VECTOR ( 'NONE', #800, 1000.000000000000000 ) ;
#1425 = EDGE_CURVE ( 'NONE', #1850, #1718, #2083, .T. ) ;
#1426 = VERTEX_POINT ( 'NONE', #2221 ) ;
#1427 = DIRECTION ( 'NONE',  ( -0.9961946980917461003, -0.08715574274765132412, 0.000000000000000000 ) ) ;
#1428 = FACE_OUTER_BOUND ( 'NONE', #1025, .T. ) ;
#1429 = CARTESIAN_POINT ( 'NONE',  ( 1.750000000000000000, 0.1000000000000000472, -3.250000000000000000 ) ) ;
#1430 = EDGE_CURVE ( 'NONE', #634, #2188, #1287, .T. ) ;
#1431 = ORIENTED_EDGE ( 'NONE', *, *, #166, .T. ) ;
#1432 = CARTESIAN_POINT ( 'NONE',  ( -2.805610139353145627, 0.05808244206588106251, 2.649999999999999911 ) ) ;
#1433 = VECTOR ( 'NONE', #1150, 999.9999999999998863 ) ;
#1434 = ORIENTED_EDGE ( 'NONE', *, *, #1269, .T. ) ;
#1435 = VERTEX_POINT ( 'NONE', #2189 ) ;
#1436 = PLANE ( 'NONE',  #801 ) ;
#1437 = CARTESIAN_POINT ( 'NONE',  ( -2.584510744270161364, 0.7063700562071489886, 2.649999999999999911 ) ) ;
#1438 = EDGE_CURVE ( 'NONE', #1467, #1792, #500, .T. ) ;
#1439 = AXIS2_PLACEMENT_3D ( 'NONE', #2073, #398, #164 ) ;
#1440 = PLANE ( 'NONE',  #1589 ) ;
#1441 = ORIENTED_EDGE ( 'NONE', *, *, #2314, .T. ) ;
#1442 = DIRECTION ( 'NONE',  ( 0.000000000000000000, 0.000000000000000000, 1.000000000000000000 ) ) ;
#1443 = ORIENTED_EDGE ( 'NONE', *, *, #646, .T. ) ;
#1444 = LINE ( 'NONE', #1579, #2195 ) ;
#1445 = DIRECTION ( 'NONE',  ( 0.9961946980917461003, 0.08715574274765147678, 0.000000000000000000 ) ) ;
#1446 = ORIENTED_EDGE ( 'NONE', *, *, #2290, .T. ) ;
#1447 = LINE ( 'NONE', #2300, #575 ) ;
#1448 = DIRECTION ( 'NONE',  ( -0.08715574274765119922, 0.9961946980917461003, 0.000000000000000000 ) ) ;
#1449 = DIRECTION ( 'NONE',  ( -0.08715574274765119922, 0.9961946980917461003, 0.000000000000000000 ) ) ;
#1450 = CARTESIAN_POINT ( 'NONE',  ( -2.844830223589586371, 0.5063700562071395961, -0.3500000000000000333 ) ) ;
#1451 = ORIENTED_EDGE ( 'NONE', *, *, #2243, .T. ) ;
#1452 = VECTOR ( 'NONE', #524, 1000.000000000000000 ) ;
#1453 = DIRECTION ( 'NONE',  ( -0.000000000000000000, -0.000000000000000000, -1.000000000000000000 ) ) ;
#1454 = DIRECTION ( 'NONE',  ( -0.9961946980917461003, -0.08715574274765147678, 0.000000000000000000 ) ) ;
#1455 = EDGE_CURVE ( 'NONE', #611, #106, #2105, .T. ) ;
#1456 = CARTESIAN_POINT ( 'NONE',  ( -2.844830223589586371, 0.5063700562071395961, 2.649999999999999911 ) ) ;
#1457 = ORIENTED_EDGE ( 'NONE', *, *, #1484, .F. ) ;
#1458 = LINE ( 'NONE', #176, #2254 ) ;
#1459 = CARTESIAN_POINT ( 'NONE',  ( 3.500000000000000000, 0.3486681443320837626, 2.649999999999999911 ) ) ;
#1460 = CARTESIAN_POINT ( 'NONE',  ( -2.805610139353145627, 0.05808244206588106251, 2.649999999999999911 ) ) ;
#1461 = VERTEX_POINT ( 'NONE', #2338 ) ;
#1462 = DIRECTION ( 'NONE',  ( 1.000000000000000000, 0.000000000000000000, -1.239088197126290817E-16 ) ) ;
#1463 = ORIENTED_EDGE ( 'NONE', *, *, #1777, .T. ) ;
#1464 = EDGE_CURVE ( 'NONE', #1515, #1052, #545, .T. ) ;
#1465 = AXIS2_PLACEMENT_3D ( 'NONE', #1502, #2051, #2277 ) ;
#1466 = CARTESIAN_POINT ( 'NONE',  ( -2.584510744270161364, 0.7063700562071489886, -1.949999999999999956 ) ) ;
#1467 = VERTEX_POINT ( 'NONE', #1974 ) ;
#1468 = DIRECTION ( 'NONE',  ( -0.9961946980917461003, 0.08715574274765132412, 0.000000000000000000 ) ) ;
#1469 = CARTESIAN_POINT ( 'NONE',  ( -2.836114649314821268, 0.4067505863979649083, 0.3500000000000001443 ) ) ;
#1470 = ORIENTED_EDGE ( 'NONE', *, *, #646, .F. ) ;
#1471 = DIRECTION ( 'NONE',  ( 1.000000000000000000, -0.000000000000000000, -1.239088197126290077E-16 ) ) ;
#1472 = ORIENTED_EDGE ( 'NONE', *, *, #889, .F. ) ;
#1473 = CARTESIAN_POINT ( 'NONE',  ( 2.584510744270161364, 0.7063700562071489886, -1.500000000000000000 ) ) ;
#1474 = CARTESIAN_POINT ( 'NONE',  ( -3.500000000000000000, 0.3486681443320837626, 2.649999999999999911 ) ) ;
#1475 = VERTEX_POINT ( 'NONE', #481 ) ;
#1476 = DIRECTION ( 'NONE',  ( -1.000000000000000000, 0.000000000000000000, 0.000000000000000000 ) ) ;
#1477 = ORIENTED_EDGE ( 'NONE', *, *, #921, .T. ) ;
#1478 = EDGE_CURVE ( 'NONE', #916, #1042, #558, .T. ) ;
#1479 = CARTESIAN_POINT ( 'NONE',  ( 1.750000000000000000, 0.5500000000000094813, 3.249999999999999556 ) ) ;
#1480 = ADVANCED_FACE ( 'NONE', ( #492 ), #1268, .F. ) ;
#1481 = DIRECTION ( 'NONE',  ( -1.000000000000000000, 0.000000000000000000, 0.000000000000000000 ) ) ;
#1482 = ORIENTED_EDGE ( 'NONE', *, *, #2294, .F. ) ;
#1483 = CARTESIAN_POINT ( 'NONE',  ( -1.685223670864682832, 0.1826351822333069919, -3.185223670864682166 ) ) ;
#1484 = EDGE_CURVE ( 'NONE', #1212, #1042, #323, .T. ) ;
#1485 = CARTESIAN_POINT ( 'NONE',  ( -1.750000000000000000, 0.1826351822333072139, 3.185223670864683054 ) ) ;
#1486 = EDGE_LOOP ( 'NONE', ( #2125, #494, #791, #477, #976, #1613, #1311, #120, #1867, #1862, #935, #1054 ) ) ;
#1487 = DIRECTION ( 'NONE',  ( -0.000000000000000000, 1.000000000000000000, -0.000000000000000000 ) ) ;
#1488 = AXIS2_PLACEMENT_3D ( 'NONE', #495, #452, #1241 ) ;
#1489 = CARTESIAN_POINT ( 'NONE',  ( 3.469495490038324359, 0.000000000000000000, 2.649999999999999911 ) ) ;
#1490 = VECTOR ( 'NONE', #2178, 1000.000000000000000 ) ;
#1491 = AXIS2_PLACEMENT_3D ( 'NONE', #1980, #1045, #1706 ) ;
#1492 = ORIENTED_EDGE ( 'NONE', *, *, #1359, .T. ) ;
#1493 = ORIENTED_EDGE ( 'NONE', *, *, #1722, .F. ) ;
#1494 =( GEOMETRIC_REPRESENTATION_CONTEXT ( 3 ) GLOBAL_UNCERTAINTY_ASSIGNED_CONTEXT ( ( #1177 ) ) GLOBAL_UNIT_ASSIGNED_CONTEXT ( ( #2149, #48, #1698 ) ) REPRESENTATION_CONTEXT ( 'NONE', 'WORKASPACE' ) );
#1495 = DIRECTION ( 'NONE',  ( -1.000000000000000000, -0.000000000000000000, -0.000000000000000000 ) ) ;
#1496 = FACE_OUTER_BOUND ( 'NONE', #706, .T. ) ;
#1497 = DIRECTION ( 'NONE',  ( 1.000000000000000000, -0.000000000000000000, 0.000000000000000000 ) ) ;
#1498 = VERTEX_POINT ( 'NONE', #1248 ) ;
#1499 = DIRECTION ( 'NONE',  ( -0.000000000000000000, 1.000000000000000000, -0.000000000000000000 ) ) ;
#1500 = CARTESIAN_POINT ( 'NONE',  ( -2.805610139353145627, 0.05808244206588106945, 0.3500000000000000333 ) ) ;
#1501 = ORIENTED_EDGE ( 'NONE', *, *, #474, .F. ) ;
#1502 = CARTESIAN_POINT ( 'NONE',  ( 2.844830223589586371, 0.5063700562071395961, 1.500000000000000000 ) ) ;
#1503 = ORIENTED_EDGE ( 'NONE', *, *, #1639, .T. ) ;
#1504 = VERTEX_POINT ( 'NONE', #2208 ) ;
#1505 = EDGE_CURVE ( 'NONE', #2054, #326, #1310, .T. ) ;
#1506 = DIRECTION ( 'NONE',  ( 0.000000000000000000, 0.000000000000000000, -1.000000000000000000 ) ) ;
#1507 = LINE ( 'NONE', #2116, #2305 ) ;
#1508 = CARTESIAN_POINT ( 'NONE',  ( -1.750000000000000000, 0.8999999999999819256, 3.250000000000000000 ) ) ;
#1509 = VERTEX_POINT ( 'NONE', #724 ) ;
#1510 = EDGE_CURVE ( 'NONE', #2286, #340, #1389, .T. ) ;
#1511 = CARTESIAN_POINT ( 'NONE',  ( 1.676407321829259667, 0.1326351822333069752, 3.176407321829259445 ) ) ;
#1512 = DIRECTION ( 'NONE',  ( -1.000000000000000000, 2.333220619830529272E-16, -0.000000000000000000 ) ) ;
#1513 = DIRECTION ( 'NONE',  ( -0.9961946980917461003, -0.08715574274765149065, -0.000000000000000000 ) ) ;
#1514 = DIRECTION ( 'NONE',  ( 0.5697112360158991251, 0.8218449413102427714, 0.000000000000000000 ) ) ;
#1515 = VERTEX_POINT ( 'NONE', #796 ) ;
#1516 = AXIS2_PLACEMENT_3D ( 'NONE', #1692, #249, #964 ) ;
#1517 = DIRECTION ( 'NONE',  ( -1.000000000000000000, 0.000000000000000000, -1.204669080539522806E-16 ) ) ;
#1518 = AXIS2_PLACEMENT_3D ( 'NONE', #2010, #1273, #1476 ) ;
#1519 = ORIENTED_EDGE ( 'NONE', *, *, #413, .T. ) ;
#1520 = ORIENTED_EDGE ( 'NONE', *, *, #134, .T. ) ;
#1521 = DIRECTION ( 'NONE',  ( 1.000000000000000000, -2.333220619830529272E-16, 0.000000000000000000 ) ) ;
#1522 = DIRECTION ( 'NONE',  ( -0.08715574274765132412, 0.9961946980917461003, 0.000000000000000000 ) ) ;
#1523 = VERTEX_POINT ( 'NONE', #2394 ) ;
#1524 = CARTESIAN_POINT ( 'NONE',  ( 2.475000000000000089, 0.2499999999999999445, 1.500000000000000000 ) ) ;
#1525 = CARTESIAN_POINT ( 'NONE',  ( 2.214680520680575082, 0.5500000000000097033, -1.500000000000000000 ) ) ;
#1526 = CARTESIAN_POINT ( 'NONE',  ( 3.824746689456117464E-16, 0.2000000000000000389, 3.086742895563461264 ) ) ;
#1527 = EDGE_LOOP ( 'NONE', ( #1434, #596, #1470, #623 ) ) ;
#1528 = CARTESIAN_POINT ( 'NONE',  ( -3.469495490038324359, -2.710505431213761085E-17, 0.3499999999999999223 ) ) ;
#1529 = VERTEX_POINT ( 'NONE', #945 ) ;
#1530 = VERTEX_POINT ( 'NONE', #785 ) ;
#1531 = DIRECTION ( 'NONE',  ( 0.000000000000000000, 0.000000000000000000, -1.000000000000000000 ) ) ;
#1532 = EDGE_CURVE ( 'NONE', #2034, #1530, #2183, .T. ) ;
#1533 =( GEOMETRIC_REPRESENTATION_CONTEXT ( 3 ) GLOBAL_UNCERTAINTY_ASSIGNED_CONTEXT ( ( #540 ) ) GLOBAL_UNIT_ASSIGNED_CONTEXT ( ( #971, #415, #235 ) ) REPRESENTATION_CONTEXT ( 'NONE', 'WORKASPACE' ) );
#1534 = ORIENTED_EDGE ( 'NONE', *, *, #1645, .F. ) ;
#1535 = CARTESIAN_POINT ( 'NONE',  ( 2.296865014811599881, 0.5069711236015997935, 1.500000000000000000 ) ) ;
#1536 = EDGE_CURVE ( 'NONE', #2405, #1509, #1380, .T. ) ;
#1537 = CARTESIAN_POINT ( 'NONE',  ( 1.750000000000000000, 0.1000000000000000472, 3.249999999999999556 ) ) ;
#1538 = EDGE_LOOP ( 'NONE', ( #1231, #1192, #1793, #1095 ) ) ;
#1539 = VECTOR ( 'NONE', #820, 1000.000000000000000 ) ;
#1540 = DIRECTION ( 'NONE',  ( -0.000000000000000000, -0.000000000000000000, -1.000000000000000000 ) ) ;
#1541 = VERTEX_POINT ( 'NONE', #156 ) ;
#1542 = LINE ( 'NONE', #1432, #1539 ) ;
#1543 = ORIENTED_EDGE ( 'NONE', *, *, #1298, .F. ) ;
#1544 = CARTESIAN_POINT ( 'NONE',  ( -2.844830223589586371, 0.5063700562071395961, -1.949999999999999956 ) ) ;
#1545 = ORIENTED_EDGE ( 'NONE', *, *, #1505, .T. ) ;
#1546 = CARTESIAN_POINT ( 'NONE',  ( -1.749999999999999778, 0.8999999999999818145, -0.3500000000000001443 ) ) ;
#1547 = PLANE ( 'NONE',  #1717 ) ;
#1548 = CARTESIAN_POINT ( 'NONE',  ( 2.296865014811599881, 0.5069711236016000155, -1.500000000000000000 ) ) ;
#1549 = ORIENTED_EDGE ( 'NONE', *, *, #742, .F. ) ;
#1550 = EDGE_CURVE ( 'NONE', #183, #2084, #585, .T. ) ;
#1551 = DIRECTION ( 'NONE',  ( -0.000000000000000000, -0.000000000000000000, -1.000000000000000000 ) ) ;
#1552 = CARTESIAN_POINT ( 'NONE',  ( 2.475000000000000089, 0.2499999999999998890, 2.649999999999999911 ) ) ;
#1553 = VERTEX_POINT ( 'NONE', #746 ) ;
#1554 = EDGE_LOOP ( 'NONE', ( #211, #1081, #1810, #124 ) ) ;
#1555 = LINE ( 'NONE', #116, #2357 ) ;
#1556 = EDGE_CURVE ( 'NONE', #1461, #387, #503, .T. ) ;
#1557 = DIRECTION ( 'NONE',  ( 0.9961946980917462113, 0.08715574274765121310, -0.000000000000000000 ) ) ;
#1558 = AXIS2_PLACEMENT_3D ( 'NONE', #1456, #1418, #320 ) ;
#1559 = ORIENTED_EDGE ( 'NONE', *, *, #82, .F. ) ;
#1560 = SURFACE_STYLE_USAGE ( .BOTH. , #281 ) ;
#1561 = DIRECTION ( 'NONE',  ( 0.000000000000000000, 0.000000000000000000, -1.000000000000000000 ) ) ;
#1562 = DIRECTION ( 'NONE',  ( 0.000000000000000000, -0.000000000000000000, 1.000000000000000000 ) ) ;
#1563 = ORIENTED_EDGE ( 'NONE', *, *, #2055, .T. ) ;
#1564 = PLANE ( 'NONE',  #20 ) ;
#1565 = ORIENTED_EDGE ( 'NONE', *, *, #676, .T. ) ;
#1566 = DIRECTION ( 'NONE',  ( 0.9961946980917461003, 0.08715574274765147678, 0.000000000000000000 ) ) ;
#1567 = CARTESIAN_POINT ( 'NONE',  ( -1.750000000000000000, 0.8999999999999819256, 3.250000000000000000 ) ) ;
#1568 = ORIENTED_EDGE ( 'NONE', *, *, #894, .F. ) ;
#1569 = DIRECTION ( 'NONE',  ( 0.000000000000000000, 1.000000000000000000, -0.000000000000000000 ) ) ;
#1570 = UNCERTAINTY_MEASURE_WITH_UNIT (LENGTH_MEASURE( 1.000000000000000082E-05 ), #1775, 'distance_accuracy_value', 'NONE');
#1571 = CARTESIAN_POINT ( 'NONE',  ( 1.750000000000000000, 0.8999999999999818145, 1.500000000000000000 ) ) ;
#1572 = VECTOR ( 'NONE', #2301, 1000.000000000000000 ) ;
#1573 = ORIENTED_EDGE ( 'NONE', *, *, #2308, .F. ) ;
#1574 = CARTESIAN_POINT ( 'NONE',  ( -2.836114649314821268, 0.4067505863979649083, 2.649999999999999911 ) ) ;
#1575 = DIRECTION ( 'NONE',  ( -0.08715574274765121310, -0.9961946980917462113, 0.000000000000000000 ) ) ;
#1576 = CARTESIAN_POINT ( 'NONE',  ( -2.214680520680575082, 0.8999999999999820366, 0.3500000000000000333 ) ) ;
#1577 = ADVANCED_FACE ( 'NONE', ( #2126 ), #626, .F. ) ;
#1578 = EDGE_CURVE ( 'NONE', #2076, #1050, #900, .T. ) ;
#1579 = CARTESIAN_POINT ( 'NONE',  ( -3.469495490038324359, 0.000000000000000000, 2.649999999999999911 ) ) ;
#1580 = VERTEX_POINT ( 'NONE', #144 ) ;
#1581 = CARTESIAN_POINT ( 'NONE',  ( 3.469495490038324359, -1.355252715606880543E-17, 1.500000000000000000 ) ) ;
#1582 = CARTESIAN_POINT ( 'NONE',  ( -2.214680520680575082, 0.8999999999999820366, 2.649999999999999911 ) ) ;
#1583 = EDGE_CURVE ( 'NONE', #93, #1796, #566, .T. ) ;
#1584 = ORIENTED_EDGE ( 'NONE', *, *, #1755, .F. ) ;
#1585 = CARTESIAN_POINT ( 'NONE',  ( 1.750000000000000000, 0.5500000000000094813, 3.249999999999999556 ) ) ;
#1586 = DIRECTION ( 'NONE',  ( 0.08715574274765147678, -0.9961946980917461003, 0.000000000000000000 ) ) ;
#1587 = CARTESIAN_POINT ( 'NONE',  ( 2.762645729458562460, 0.4493989326055494726, 2.649999999999999911 ) ) ;
#1588 = ORIENTED_EDGE ( 'NONE', *, *, #2280, .F. ) ;
#1589 = AXIS2_PLACEMENT_3D ( 'NONE', #1587, #2334, #1785 ) ;
#1590 = CARTESIAN_POINT ( 'NONE',  ( 1.586742895563462152, 0.1000000000000000472, -3.086742895563461264 ) ) ;
#1591 = ORIENTED_EDGE ( 'NONE', *, *, #1396, .T. ) ;
#1592 = CARTESIAN_POINT ( 'NONE',  ( 1.750000000000000000, 0.8999999999999819256, -3.250000000000000000 ) ) ;
#1593 = AXIS2_PLACEMENT_3D ( 'NONE', #666, #1257, #860 ) ;
#1594 = CARTESIAN_POINT ( 'NONE',  ( 3.824746689456117464E-16, 0.1000000000000000472, 3.086742895563461264 ) ) ;
#1595 = VERTEX_POINT ( 'NONE', #1528 ) ;
#1596 = ADVANCED_FACE ( 'NONE', ( #574 ), #360, .F. ) ;
#1597 = DIRECTION ( 'NONE',  ( -0.5697112360158992361, -0.8218449413102427714, 0.000000000000000000 ) ) ;
#1598 = DIRECTION ( 'NONE',  ( -0.000000000000000000, -0.000000000000000000, -1.000000000000000000 ) ) ;
#1599 = ORIENTED_EDGE ( 'NONE', *, *, #97, .T. ) ;
#1600 = DIRECTION ( 'NONE',  ( -2.333220619830529272E-16, -1.000000000000000000, 0.000000000000000000 ) ) ;
#1601 = PLANE ( 'NONE',  #295 ) ;
#1602 = PLANE ( 'NONE',  #519 ) ;
#1603 = FACE_OUTER_BOUND ( 'NONE', #1004, .T. ) ;
#1604 = ORIENTED_EDGE ( 'NONE', *, *, #730, .T. ) ;
#1605 = DIRECTION ( 'NONE',  ( -0.08715574274765119922, 0.9961946980917461003, 0.000000000000000000 ) ) ;
#1606 = ORIENTED_EDGE ( 'NONE', *, *, #2406, .F. ) ;
#1607 = PLANE ( 'NONE',  #145 ) ;
#1608 = DIRECTION ( 'NONE',  ( 0.08715574274765121310, -0.9961946980917462113, -1.079936521503898672E-17 ) ) ;
#1609 = VECTOR ( 'NONE', #1236, 1000.000000000000114 ) ;
#1610 = ORIENTED_EDGE ( 'NONE', *, *, #2186, .F. ) ;
#1611 = EDGE_CURVE ( 'NONE', #1122, #2405, #518, .T. ) ;
#1612 = DIRECTION ( 'NONE',  ( 1.000000000000000000, 0.000000000000000000, 0.000000000000000000 ) ) ;
#1613 = ORIENTED_EDGE ( 'NONE', *, *, #335, .F. ) ;
#1614 = CARTESIAN_POINT ( 'NONE',  ( 2.762645729458562460, 0.4493989326055494726, -1.500000000000000000 ) ) ;
#1615 = CARTESIAN_POINT ( 'NONE',  ( -3.469495490038324359, -2.032879073410320814E-17, 1.949999999999999956 ) ) ;
#1616 = AXIS2_PLACEMENT_3D ( 'NONE', #2052, #2252, #763 ) ;
#1617 = ADVANCED_FACE ( 'NONE', ( #1382 ), #1293, .T. ) ;
#1618 = CARTESIAN_POINT ( 'NONE',  ( -1.501844411854913242, 2.307360275483777645, 2.966844411854913766 ) ) ;
#1619 = DIRECTION ( 'NONE',  ( 0.9961946980917461003, 0.08715574274765147678, 0.000000000000000000 ) ) ;
#1620 = ORIENTED_EDGE ( 'NONE', *, *, #2267, .T. ) ;
#1621 = CARTESIAN_POINT ( 'NONE',  ( -3.469495490038324359, -1.355252715606880543E-17, -0.3500000000000000333 ) ) ;
#1622 = EDGE_LOOP ( 'NONE', ( #2312, #1986, #771, #262 ) ) ;
#1623 = CARTESIAN_POINT ( 'NONE',  ( -3.469495490038324359, 0.000000000000000000, -2.649999999999999911 ) ) ;
#1624 = LINE ( 'NONE', #1963, #532 ) ;
#1625 = DIRECTION ( 'NONE',  ( -1.239088197126290570E-16, -0.000000000000000000, 1.000000000000000000 ) ) ;
#1626 = CARTESIAN_POINT ( 'NONE',  ( -2.214680520680575082, 0.5500000000000094813, 2.649999999999999911 ) ) ;
#1627 = ADVANCED_FACE ( 'NONE', ( #1321 ), #376, .F. ) ;
#1628 = DIRECTION ( 'NONE',  ( -1.000000000000000000, 0.000000000000000000, 0.000000000000000000 ) ) ;
#1629 =( NAMED_UNIT ( * ) SI_UNIT ( $, .STERADIAN. ) SOLID_ANGLE_UNIT ( ) );
#1630 = EDGE_CURVE ( 'NONE', #185, #2347, #1328, .T. ) ;
#1631 = CARTESIAN_POINT ( 'NONE',  ( -1.676407321829259445, 0.1326351822333070862, 3.176407321829259445 ) ) ;
#1632 = PRESENTATION_LAYER_ASSIGNMENT (  '', '', ( #210 ) ) ;
#1633 = DIRECTION ( 'NONE',  ( -0.9961946980917461003, -0.08715574274765133800, -1.234373092445270965E-16 ) ) ;
#1634 = EDGE_CURVE ( 'NONE', #1933, #660, #2099, .T. ) ;
#1635 = AXIS2_PLACEMENT_3D ( 'NONE', #2317, #2373, #842 ) ;
#1636 = DIRECTION ( 'NONE',  ( 0.5697112360158992361, 0.8218449413102427714, -0.000000000000000000 ) ) ;
#1637 = DIRECTION ( 'NONE',  ( 1.000000000000000000, 0.000000000000000000, 0.000000000000000000 ) ) ;
#1638 =( NAMED_UNIT ( * ) PLANE_ANGLE_UNIT ( ) SI_UNIT ( $, .RADIAN. ) );
#1639 = EDGE_CURVE ( 'NONE', #1595, #658, #1302, .T. ) ;
#1640 = CARTESIAN_POINT ( 'NONE',  ( -2.584510744270161364, 0.7063700562071489886, 0.3500000000000000333 ) ) ;
#1641 = DIRECTION ( 'NONE',  ( 1.000000000000000000, 0.000000000000000000, 0.000000000000000000 ) ) ;
#1642 = CARTESIAN_POINT ( 'NONE',  ( -2.844830223589586371, 0.5063700562071395961, -2.649999999999999911 ) ) ;
#1643 = CARTESIAN_POINT ( 'NONE',  ( 3.500000000000000000, 0.3486681443320836515, 1.500000000000000000 ) ) ;
#1644 = CARTESIAN_POINT ( 'NONE',  ( 1.750000000000000000, 0.5500000000000094813, 2.649999999999999911 ) ) ;
#1645 = EDGE_CURVE ( 'NONE', #1062, #2048, #496, .T. ) ;
#1646 = CARTESIAN_POINT ( 'NONE',  ( -1.750000000000000000, 0.5500000000000094813, -1.949999999999999956 ) ) ;
#1647 = AXIS2_PLACEMENT_3D ( 'NONE', #908, #568, #2078 ) ;
#1648 = VECTOR ( 'NONE', #697, 1000.000000000000000 ) ;
#1649 = ADVANCED_FACE ( 'NONE', ( #2119 ), #683, .T. ) ;
#1650 = AXIS2_PLACEMENT_3D ( 'NONE', #150, #1531, #9 ) ;
#1651 = CARTESIAN_POINT ( 'NONE',  ( -1.750000000000000000, 1.717364817766692475, 3.070876529545873979 ) ) ;
#1652 = CARTESIAN_POINT ( 'NONE',  ( -2.584510744270161364, 0.7063700562071489886, -2.649999999999999911 ) ) ;
#1653 = PLANE ( 'NONE',  #1941 ) ;
#1654 = CARTESIAN_POINT ( 'NONE',  ( -2.762645729458562460, 0.4493989326055494726, 2.649999999999999911 ) ) ;
#1655 = DIRECTION ( 'NONE',  ( -1.000000000000000000, 0.000000000000000000, 0.000000000000000000 ) ) ;
#1656 = EDGE_CURVE ( 'NONE', #111, #674, #708, .T. ) ;
#1657 = EDGE_CURVE ( 'NONE', #1124, #1435, #704, .T. ) ;
#1658 = DIRECTION ( 'NONE',  ( -0.000000000000000000, 1.000000000000000000, -0.000000000000000000 ) ) ;
#1659 = VECTOR ( 'NONE', #2362, 1000.000000000000114 ) ;
#1660 = LINE ( 'NONE', #1220, #1648 ) ;
#1661 = EDGE_CURVE ( 'NONE', #924, #1580, #1507, .T. ) ;
#1662 = VECTOR ( 'NONE', #300, 1000.000000000000000 ) ;
#1663 = DIRECTION ( 'NONE',  ( -0.000000000000000000, -0.000000000000000000, -1.000000000000000000 ) ) ;
#1664 = AXIS2_PLACEMENT_3D ( 'NONE', #707, #1557, #1605 ) ;
#1665 = CYLINDRICAL_SURFACE ( 'NONE', #2030, 0.09999999999999982514 ) ;
#1666 = CARTESIAN_POINT ( 'NONE',  ( -1.685223670864682832, 0.1826351822333072694, 3.185223670864683054 ) ) ;
#1667 = CARTESIAN_POINT ( 'NONE',  ( -1.750000000000000000, 0.8999999999999819256, -3.214999999999999414 ) ) ;
#1668 = LINE ( 'NONE', #2284, #931 ) ;
#1669 = PLANE ( 'NONE',  #552 ) ;
#1670 = CARTESIAN_POINT ( 'NONE',  ( 2.844830223589586371, 0.5063700562071395961, -1.500000000000000000 ) ) ;
#1671 = DIRECTION ( 'NONE',  ( 0.9848077530122085754, 0.1736481776669279442, -0.000000000000000000 ) ) ;
#1672 = ADVANCED_FACE ( 'NONE', ( #1496 ), #694, .T. ) ;
#1673 = DIRECTION ( 'NONE',  ( -0.000000000000000000, -0.000000000000000000, -1.000000000000000000 ) ) ;
#1674 = EDGE_CURVE ( 'NONE', #2347, #2386, #1660, .T. ) ;
#1675 = DIRECTION ( 'NONE',  ( -0.5697112360158991251, -0.8218449413102427714, 0.000000000000000000 ) ) ;
#1676 = FACE_OUTER_BOUND ( 'NONE', #1063, .T. ) ;
#1677 = LINE ( 'NONE', #1873, #877 ) ;
#1678 = LINE ( 'NONE', #434, #881 ) ;
#1679 = FILL_AREA_STYLE ('',( #304 ) ) ;
#1680 = EDGE_CURVE ( 'NONE', #1946, #1835, #824, .T. ) ;
#1681 =( GEOMETRIC_REPRESENTATION_CONTEXT ( 3 ) GLOBAL_UNCERTAINTY_ASSIGNED_CONTEXT ( ( #1705 ) ) GLOBAL_UNIT_ASSIGNED_CONTEXT ( ( #400, #37, #193 ) ) REPRESENTATION_CONTEXT ( 'NONE', 'WORKASPACE' ) );
#1682 = CYLINDRICAL_SURFACE ( 'NONE', #1558, 0.09999999999999982514 ) ;
#1683 = CARTESIAN_POINT ( 'NONE',  ( -1.750000000000000000, 0.5500000000000094813, 2.649999999999999911 ) ) ;
#1684 = DIRECTION ( 'NONE',  ( 1.000000000000000000, 0.000000000000000000, 0.000000000000000000 ) ) ;
#1685 = EDGE_CURVE ( 'NONE', #2122, #1922, #29, .T. ) ;
#1686 = CARTESIAN_POINT ( 'NONE',  ( -1.507395754244652775, 1.800000000000000044, 2.972395754244653077 ) ) ;
#1687 = LINE ( 'NONE', #44, #1719 ) ;
#1688 = AXIS2_PLACEMENT_3D ( 'NONE', #1544, #1191, #1175 ) ;
#1689 = PLANE ( 'NONE',  #857 ) ;
#1690 = CARTESIAN_POINT ( 'NONE',  ( 3.469495490038324359, -4.464682203540983713E-17, -1.500000000000000000 ) ) ;
#1691 = FACE_OUTER_BOUND ( 'NONE', #2398, .T. ) ;
#1692 = CARTESIAN_POINT ( 'NONE',  ( -2.214680520680575082, 0.4500000000000094480, 0.3500000000000000333 ) ) ;
#1693 = DIRECTION ( 'NONE',  ( -0.000000000000000000, 0.000000000000000000, -1.000000000000000000 ) ) ;
#1694 = FACE_OUTER_BOUND ( 'NONE', #949, .T. ) ;
#1695 = PLANE ( 'NONE',  #299 ) ;
#1696 = ORIENTED_EDGE ( 'NONE', *, *, #1532, .F. ) ;
#1697 = VECTOR ( 'NONE', #2203, 999.9999999999998863 ) ;
#1698 =( NAMED_UNIT ( * ) SI_UNIT ( $, .STERADIAN. ) SOLID_ANGLE_UNIT ( ) );
#1699 = CARTESIAN_POINT ( 'NONE',  ( -1.750000000000000000, 0.5500000000000094813, -0.3500000000000000333 ) ) ;
#1700 = CARTESIAN_POINT ( 'NONE',  ( -1.750000000000000000, 0.5500000000000094813, 2.649999999999999911 ) ) ;
#1701 = ORIENTED_EDGE ( 'NONE', *, *, #282, .F. ) ;
#1702 = CARTESIAN_POINT ( 'NONE',  ( -3.500000000000000444, 0.3486681443320888141, -0.3500000000000003109 ) ) ;
#1703 = CIRCLE ( 'NONE', #2002, 0.09999999999999982514 ) ;
#1704 = DIRECTION ( 'NONE',  ( -0.000000000000000000, -0.000000000000000000, -1.000000000000000000 ) ) ;
#1705 = UNCERTAINTY_MEASURE_WITH_UNIT (LENGTH_MEASURE( 1.000000000000000082E-05 ), #400, 'distance_accuracy_value', 'NONE');
#1706 = DIRECTION ( 'NONE',  ( 1.000000000000000000, 1.409462824231152135E-14, 0.000000000000000000 ) ) ;
#1707 = ORIENTED_EDGE ( 'NONE', *, *, #2358, .F. ) ;
#1708 = CYLINDRICAL_SURFACE ( 'NONE', #332, 0.4499999999999725331 ) ;
#1709 = PLANE ( 'NONE',  #1342 ) ;
#1710 = PLANE ( 'NONE',  #625 ) ;
#1711 = DIRECTION ( 'NONE',  ( -0.000000000000000000, -0.000000000000000000, -1.000000000000000000 ) ) ;
#1712 = DIRECTION ( 'NONE',  ( 1.000000000000000000, 0.000000000000000000, -0.000000000000000000 ) ) ;
#1713 = ORIENTED_EDGE ( 'NONE', *, *, #1991, .T. ) ;
#1714 = FACE_OUTER_BOUND ( 'NONE', #1929, .T. ) ;
#1715 = EDGE_CURVE ( 'NONE', #2332, #1860, #1678, .T. ) ;
#1716 = CARTESIAN_POINT ( 'NONE',  ( -2.762645729458562460, 0.4493989326055494171, 1.949999999999999956 ) ) ;
#1717 = AXIS2_PLACEMENT_3D ( 'NONE', #153, #27, #1146 ) ;
#1718 = VERTEX_POINT ( 'NONE', #1766 ) ;
#1719 = VECTOR ( 'NONE', #669, 1000.000000000000000 ) ;
#1720 = SURFACE_STYLE_USAGE ( .BOTH. , #2091 ) ;
#1721 = CARTESIAN_POINT ( 'NONE',  ( -2.296865014811599881, 0.5069711236015997935, 1.949999999999999956 ) ) ;
#1722 = EDGE_CURVE ( 'NONE', #1042, #2332, #807, .T. ) ;
#1723 = AXIS2_PLACEMENT_3D ( 'NONE', #1358, #1673, #1938 ) ;
#1724 = ORIENTED_EDGE ( 'NONE', *, *, #927, .F. ) ;
#1725 = DIRECTION ( 'NONE',  ( -0.9961946980917461003, -0.08715574274765149065, -0.000000000000000000 ) ) ;
#1726 = CARTESIAN_POINT ( 'NONE',  ( -3.499999999999999556, 0.3486681443320837626, 0.3500000000000000333 ) ) ;
#1727 = ORIENTED_EDGE ( 'NONE', *, *, #13, .T. ) ;
#1728 = ORIENTED_EDGE ( 'NONE', *, *, #591, .F. ) ;
#1729 = LINE ( 'NONE', #45, #904 ) ;
#1730 = DIRECTION ( 'NONE',  ( 0.1710878697460327114, -0.9702875252478151413, -0.1710878697460319897 ) ) ;
#1731 = ADVANCED_FACE ( 'NONE', ( #2374 ), #467, .T. ) ;
#1732 = ORIENTED_EDGE ( 'NONE', *, *, #1661, .T. ) ;
#1733 = CARTESIAN_POINT ( 'NONE',  ( -3.500000000000000444, 0.3486681443320888141, -1.950000000000000178 ) ) ;
#1734 = EDGE_LOOP ( 'NONE', ( #1009, #2129, #1829, #446 ) ) ;
#1735 = FACE_OUTER_BOUND ( 'NONE', #1951, .T. ) ;
#1736 = ADVANCED_FACE ( 'NONE', ( #1603 ), #223, .F. ) ;
#1737 = ORIENTED_EDGE ( 'NONE', *, *, #2180, .T. ) ;
#1738 = ORIENTED_EDGE ( 'NONE', *, *, #1931, .T. ) ;
#1739 = CIRCLE ( 'NONE', #168, 0.4499999999999725331 ) ;
#1740 = DIRECTION ( 'NONE',  ( -1.239088197126290077E-16, -0.000000000000000000, -1.000000000000000000 ) ) ;
#1741 = EDGE_CURVE ( 'NONE', #1504, #2054, #2397, .T. ) ;
#1742 = VERTEX_POINT ( 'NONE', #654 ) ;
#1743 = DIRECTION ( 'NONE',  ( -1.000000000000000000, -0.000000000000000000, 1.239088197126291310E-16 ) ) ;
#1744 = CARTESIAN_POINT ( 'NONE',  ( -1.750000000000000000, 0.8999999999999819256, 2.649999999999999911 ) ) ;
#1745 = ORIENTED_EDGE ( 'NONE', *, *, #1198, .T. ) ;
#1746 = CIRCLE ( 'NONE', #2245, 0.09999999999999982514 ) ;
#1747 = CARTESIAN_POINT ( 'NONE',  ( 1.605876529545873677, 1.717364817766692697, -3.070876529545873979 ) ) ;
#1748 = DIRECTION ( 'NONE',  ( -0.5697112360158991251, -0.8218449413102427714, -7.059224683175311084E-17 ) ) ;
#1749 = VERTEX_POINT ( 'NONE', #1413 ) ;
#1750 = VERTEX_POINT ( 'NONE', #2158 ) ;
#1751 = LINE ( 'NONE', #1051, #1659 ) ;
#1752 = CARTESIAN_POINT ( 'NONE',  ( -1.750000000000000000, 0.8999999999999819256, 2.649999999999999911 ) ) ;
#1753 = ORIENTED_EDGE ( 'NONE', *, *, #1634, .T. ) ;
#1754 = DIRECTION ( 'NONE',  ( -0.000000000000000000, -0.000000000000000000, -1.000000000000000000 ) ) ;
#1755 = EDGE_CURVE ( 'NONE', #782, #1742, #1624, .T. ) ;
#1756 = AXIS2_PLACEMENT_3D ( 'NONE', #54, #2315, #841 ) ;
#1757 = ORIENTED_EDGE ( 'NONE', *, *, #1464, .T. ) ;
#1758 = LINE ( 'NONE', #1626, #950 ) ;
#1759 = DIRECTION ( 'NONE',  ( 0.000000000000000000, 0.000000000000000000, 1.000000000000000000 ) ) ;
#1760 = CARTESIAN_POINT ( 'NONE',  ( 1.637514226157749775, 0.1000000000000000333, -3.137514226157748443 ) ) ;
#1761 = AXIS2_PLACEMENT_3D ( 'NONE', #668, #1586, #1566 ) ;
#1762 = ORIENTED_EDGE ( 'NONE', *, *, #245, .T. ) ;
#1763 = PLANE ( 'NONE',  #64 ) ;
#1764 = VECTOR ( 'NONE', #1872, 1000.000000000000000 ) ;
#1765 = CARTESIAN_POINT ( 'NONE',  ( 1.597060180510449845, 1.767364817766692742, -3.062060180510451257 ) ) ;
#1766 = CARTESIAN_POINT ( 'NONE',  ( 1.750000000000000000, 0.8999999999999819256, 3.214999999999999414 ) ) ;
#1767 = ORIENTED_EDGE ( 'NONE', *, *, #230, .T. ) ;
#1768 = CARTESIAN_POINT ( 'NONE',  ( 1.685223670864682832, 0.1826351822333072694, 3.185223670864682610 ) ) ;
#1769 = ORIENTED_EDGE ( 'NONE', *, *, #2113, .F. ) ;
#1770 =( BOUNDED_CURVE ( )  B_SPLINE_CURVE ( 3, ( #1333, #1144, #2089, #2281 ),
 .UNSPECIFIED., .F., .F. ) 
 B_SPLINE_CURVE_WITH_KNOTS ( ( 4, 4 ),
 ( 3.316125578789226314, 4.712388980384689674 ),
 .UNSPECIFIED. ) 
 CURVE ( )  GEOMETRIC_REPRESENTATION_ITEM ( )  RATIONAL_B_SPLINE_CURVE ( ( 1.000000000000000000, 0.8440296287459854163, 0.8440296287459854163, 1.000000000000000000 ) ) 
 REPRESENTATION_ITEM ( '' )  );
#1771 = FACE_OUTER_BOUND ( 'NONE', #1890, .T. ) ;
#1772 = CARTESIAN_POINT ( 'NONE',  ( 2.762645729458562460, 0.4493989326055494726, 2.649999999999999911 ) ) ;
#1773 = ORIENTED_EDGE ( 'NONE', *, *, #1438, .T. ) ;
#1774 = EDGE_CURVE ( 'NONE', #359, #348, #1312, .T. ) ;
#1775 =( LENGTH_UNIT ( ) NAMED_UNIT ( * ) SI_UNIT ( .MILLI., .METRE. ) );
#1776 = ORIENTED_EDGE ( 'NONE', *, *, #1611, .F. ) ;
#1777 = EDGE_CURVE ( 'NONE', #2024, #1529, #1371, .T. ) ;
#1778 = CARTESIAN_POINT ( 'NONE',  ( -1.750000000000000000, 0.5500000000000094813, -3.250000000000000000 ) ) ;
#1779 = VERTEX_POINT ( 'NONE', #847 ) ;
#1780 = LINE ( 'NONE', #301, #137 ) ;
#1781 = PLANE ( 'NONE',  #627 ) ;
#1782 = EDGE_CURVE ( 'NONE', #1475, #2289, #2153, .T. ) ;
#1783 = AXIS2_PLACEMENT_3D ( 'NONE', #2075, #661, #11 ) ;
#1784 = ORIENTED_EDGE ( 'NONE', *, *, #892, .F. ) ;
#1785 = DIRECTION ( 'NONE',  ( 0.5697112360159007904, -0.8218449413102416612, 0.000000000000000000 ) ) ;
#1786 = CIRCLE ( 'NONE', #2321, 0.1000000000000002554 ) ;
#1787 = CYLINDRICAL_SURFACE ( 'NONE', #1816, 0.1000000000000002554 ) ;
#1788 = ORIENTED_EDGE ( 'NONE', *, *, #1815, .F. ) ;
#1789 = CARTESIAN_POINT ( 'NONE',  ( -2.844830223589586371, 0.5063700562071395961, 2.649999999999999911 ) ) ;
#1790 = ORIENTED_EDGE ( 'NONE', *, *, #287, .F. ) ;
#1791 = LINE ( 'NONE', #98, #181 ) ;
#1792 = VERTEX_POINT ( 'NONE', #243 ) ;
#1793 = ORIENTED_EDGE ( 'NONE', *, *, #1227, .F. ) ;
#1794 = VECTOR ( 'NONE', #1453, 1000.000000000000000 ) ;
#1795 = LINE ( 'NONE', #1683, #1013 ) ;
#1796 = VERTEX_POINT ( 'NONE', #1466 ) ;
#1797 = ADVANCED_FACE ( 'NONE', ( #1377 ), #1564, .F. ) ;
#1798 = EDGE_LOOP ( 'NONE', ( #1737, #1292, #752, #1375 ) ) ;
#1799 = LINE ( 'NONE', #1594, #167 ) ;
#1800 = VERTEX_POINT ( 'NONE', #84 ) ;
#1801 = CARTESIAN_POINT ( 'NONE',  ( -1.749999999999999778, 0.5500000000000092593, -0.3500000000000001443 ) ) ;
#1802 = CARTESIAN_POINT ( 'NONE',  ( 2.296865014811599881, 0.5069711236015997935, 1.500000000000000000 ) ) ;
#1803 = EDGE_CURVE ( 'NONE', #2084, #718, #1348, .T. ) ;
#1804 = ADVANCED_FACE ( 'NONE', ( #582 ), #2392, .T. ) ;
#1805 = ORIENTED_EDGE ( 'NONE', *, *, #703, .F. ) ;
#1806 = LINE ( 'NONE', #412, #1053 ) ;
#1807 = SURFACE_SIDE_STYLE ('',( #161 ) ) ;
#1808 = ORIENTED_EDGE ( 'NONE', *, *, #1133, .F. ) ;
#1809 = DIRECTION ( 'NONE',  ( 0.9961946980917461003, 0.08715574274765147678, 0.000000000000000000 ) ) ;
#1810 = ORIENTED_EDGE ( 'NONE', *, *, #15, .F. ) ;
#1811 = EDGE_CURVE ( 'NONE', #1960, #1580, #1542, .T. ) ;
#1812 = FACE_OUTER_BOUND ( 'NONE', #561, .T. ) ;
#1813 = ORIENTED_EDGE ( 'NONE', *, *, #1674, .F. ) ;
#1814 = ORIENTED_EDGE ( 'NONE', *, *, #361, .T. ) ;
#1815 = EDGE_CURVE ( 'NONE', #1122, #1203, #1555, .T. ) ;
#1816 = AXIS2_PLACEMENT_3D ( 'NONE', #215, #1915, #940 ) ;
#1817 = ORIENTED_EDGE ( 'NONE', *, *, #2085, .T. ) ;
#1818 = ORIENTED_EDGE ( 'NONE', *, *, #1478, .T. ) ;
#1819 = FACE_OUTER_BOUND ( 'NONE', #1157, .T. ) ;
#1820 = AXIS2_PLACEMENT_3D ( 'NONE', #2094, #1671, #886 ) ;
#1821 = LINE ( 'NONE', #1407, #965 ) ;
#1822 = ORIENTED_EDGE ( 'NONE', *, *, #282, .T. ) ;
#1823 = CARTESIAN_POINT ( 'NONE',  ( -1.750000000000000000, 0.8999999999999818145, -1.950000000000000400 ) ) ;
#1824 = STYLED_ITEM ( 'NONE', ( #319 ), #1258 ) ;
#1825 = ADVANCED_FACE ( 'NONE', ( #1926 ), #2025, .F. ) ;
#1826 = DIRECTION ( 'NONE',  ( 0.000000000000000000, 0.000000000000000000, -1.000000000000000000 ) ) ;
#1827 = ORIENTED_EDGE ( 'NONE', *, *, #131, .F. ) ;
#1828 = LINE ( 'NONE', #188, #996 ) ;
#1829 = ORIENTED_EDGE ( 'NONE', *, *, #550, .T. ) ;
#1830 = DIRECTION ( 'NONE',  ( -0.000000000000000000, -0.000000000000000000, -1.000000000000000000 ) ) ;
#1831 = CARTESIAN_POINT ( 'NONE',  ( -2.296865014811599881, 0.5069711236015997935, -2.649999999999999911 ) ) ;
#1832 = ORIENTED_EDGE ( 'NONE', *, *, #2102, .F. ) ;
#1833 = LINE ( 'NONE', #1234, #268 ) ;
#1834 = COLOUR_RGB ( '',0.7921568627450980005, 0.8196078431372548767, 0.9333333333333333481 ) ;
#1835 = VERTEX_POINT ( 'NONE', #858 ) ;
#1836 = DIRECTION ( 'NONE',  ( -1.000000000000000000, 0.000000000000000000, 0.000000000000000000 ) ) ;
#1837 = ORIENTED_EDGE ( 'NONE', *, *, #405, .T. ) ;
#1838 = LINE ( 'NONE', #616, #1883 ) ;
#1839 = ORIENTED_EDGE ( 'NONE', *, *, #461, .F. ) ;
#1840 = ORIENTED_EDGE ( 'NONE', *, *, #53, .T. ) ;
#1841 = CIRCLE ( 'NONE', #21, 0.4499999999999725331 ) ;
#1842 = ORIENTED_EDGE ( 'NONE', *, *, #1674, .T. ) ;
#1843 = EDGE_CURVE ( 'NONE', #647, #1595, #289, .T. ) ;
#1844 = DIRECTION ( 'NONE',  ( 1.000000000000000000, 0.000000000000000000, 0.000000000000000000 ) ) ;
#1845 = DIRECTION ( 'NONE',  ( -0.000000000000000000, -0.000000000000000000, -1.000000000000000000 ) ) ;
#1846 = ORIENTED_EDGE ( 'NONE', *, *, #992, .T. ) ;
#1847 = FACE_OUTER_BOUND ( 'NONE', #411, .T. ) ;
#1848 = DIRECTION ( 'NONE',  ( -0.000000000000000000, -0.000000000000000000, -1.000000000000000000 ) ) ;
#1849 = DIRECTION ( 'NONE',  ( -0.9961946980917461003, -0.08715574274765132412, 0.000000000000000000 ) ) ;
#1850 = VERTEX_POINT ( 'NONE', #333 ) ;
#1851 = DIRECTION ( 'NONE',  ( -0.000000000000000000, -0.000000000000000000, -1.000000000000000000 ) ) ;
#1852 = ORIENTED_EDGE ( 'NONE', *, *, #1510, .T. ) ;
#1853 = LINE ( 'NONE', #2342, #233 ) ;
#1854 = PRODUCT_DEFINITION ( 'UNKNOWN', '', #849, #1263 ) ;
#1855 = ORIENTED_EDGE ( 'NONE', *, *, #1583, .F. ) ;
#1856 = DIRECTION ( 'NONE',  ( -0.000000000000000000, -0.000000000000000000, -1.000000000000000000 ) ) ;
#1857 = EDGE_CURVE ( 'NONE', #773, #1718, #1912, .T. ) ;
#1858 = DIRECTION ( 'NONE',  ( -0.9848077530122086864, 0.1736481776669273891, 0.000000000000000000 ) ) ;
#1859 = AXIS2_PLACEMENT_3D ( 'NONE', #406, #2069, #607 ) ;
#1860 = VERTEX_POINT ( 'NONE', #1778 ) ;
#1861 = VECTOR ( 'NONE', #2213, 1000.000000000000000 ) ;
#1862 = ORIENTED_EDGE ( 'NONE', *, *, #1991, .F. ) ;
#1863 = ORIENTED_EDGE ( 'NONE', *, *, #1900, .T. ) ;
#1864 = FACE_OUTER_BOUND ( 'NONE', #1554, .T. ) ;
#1865 = AXIS2_PLACEMENT_3D ( 'NONE', #2004, #2205, #587 ) ;
#1866 = CARTESIAN_POINT ( 'NONE',  ( -1.597060180510450067, 1.767364817766692964, -3.062060180510451257 ) ) ;
#1867 = ORIENTED_EDGE ( 'NONE', *, *, #2000, .F. ) ;
#1868 = DIRECTION ( 'NONE',  ( -0.9961946980917461003, -0.08715574274765132412, 0.000000000000000000 ) ) ;
#1869 =( BOUNDED_CURVE ( )  B_SPLINE_CURVE ( 3, ( #1370, #1866, #163, #19 ),
 .UNSPECIFIED., .F., .F. ) 
 B_SPLINE_CURVE_WITH_KNOTS ( ( 4, 4 ),
 ( 0.1745329251994313935, 1.570796326794898778 ),
 .UNSPECIFIED. ) 
 CURVE ( )  GEOMETRIC_REPRESENTATION_ITEM ( )  RATIONAL_B_SPLINE_CURVE ( ( 1.000000000000000000, 0.8440296287459846392, 0.8440296287459846392, 1.000000000000000000 ) ) 
 REPRESENTATION_ITEM ( '' )  );
#1870 = ORIENTED_EDGE ( 'NONE', *, *, #1133, .T. ) ;
#1871 = LINE ( 'NONE', #1205, #1861 ) ;
#1872 = DIRECTION ( 'NONE',  ( 1.000000000000000000, 0.000000000000000000, 0.000000000000000000 ) ) ;
#1873 = CARTESIAN_POINT ( 'NONE',  ( -3.500000000000000000, 0.3486681443320837626, 1.950000000000000178 ) ) ;
#1874 = ORIENTED_EDGE ( 'NONE', *, *, #726, .T. ) ;
#1875 = DIRECTION ( 'NONE',  ( 1.000000000000000000, 0.000000000000000000, 0.000000000000000000 ) ) ;
#1876 = DIRECTION ( 'NONE',  ( -1.000000000000000000, 0.000000000000000000, 0.000000000000000000 ) ) ;
#1877 = ORIENTED_EDGE ( 'NONE', *, *, #933, .F. ) ;
#1878 = LINE ( 'NONE', #1667, #1020 ) ;
#1879 = ORIENTED_EDGE ( 'NONE', *, *, #714, .T. ) ;
#1880 = CARTESIAN_POINT ( 'NONE',  ( -2.296865014811599881, 0.5069711236015997935, -1.949999999999999956 ) ) ;
#1881 = ADVANCED_FACE ( 'NONE', ( #593 ), #2148, .F. ) ;
#1882 = VERTEX_POINT ( 'NONE', #1623 ) ;
#1883 = VECTOR ( 'NONE', #753, 1000.000000000000000 ) ;
#1884 = EDGE_LOOP ( 'NONE', ( #1255, #132, #1323, #1855, #1784, #2070, #136, #1839, #1288, #1696, #516, #1790 ) ) ;
#1885 = ORIENTED_EDGE ( 'NONE', *, *, #793, .F. ) ;
#1886 = EDGE_CURVE ( 'NONE', #2188, #325, #537, .T. ) ;
#1887 = CYLINDRICAL_SURFACE ( 'NONE', #1723, 0.1000000000000002554 ) ;
#1888 = ORIENTED_EDGE ( 'NONE', *, *, #3, .T. ) ;
#1889 = DIRECTION ( 'NONE',  ( 0.000000000000000000, 0.000000000000000000, 1.000000000000000000 ) ) ;
#1890 = EDGE_LOOP ( 'NONE', ( #1957, #2257, #1563, #1901 ) ) ;
#1891 = EDGE_CURVE ( 'NONE', #115, #1850, #2160, .T. ) ;
#1892 = LINE ( 'NONE', #1996, #977 ) ;
#1893 = CARTESIAN_POINT ( 'NONE',  ( 3.469495490038324359, 0.000000000000000000, 1.500000000000000000 ) ) ;
#1894 = CARTESIAN_POINT ( 'NONE',  ( -0.000000000000000000, 1.800000000000000044, 2.972395754244653077 ) ) ;
#1895 = ORIENTED_EDGE ( 'NONE', *, *, #1741, .T. ) ;
#1896 = CARTESIAN_POINT ( 'NONE',  ( -2.214680520680575082, 0.4500000000000094480, 2.649999999999999911 ) ) ;
#1897 = DIRECTION ( 'NONE',  ( -0.000000000000000000, 0.000000000000000000, 1.000000000000000000 ) ) ;
#1898 = ORIENTED_EDGE ( 'NONE', *, *, #921, .F. ) ;
#1899 = LINE ( 'NONE', #2020, #279 ) ;
#1900 = EDGE_CURVE ( 'NONE', #1116, #758, #2172, .T. ) ;
#1901 = ORIENTED_EDGE ( 'NONE', *, *, #2151, .T. ) ;
#1902 = CARTESIAN_POINT ( 'NONE',  ( -1.750000000000000000, 0.5500000000000094813, 2.649999999999999911 ) ) ;
#1903 = AXIS2_PLACEMENT_3D ( 'NONE', #1179, #781, #1561 ) ;
#1904 = ORIENTED_EDGE ( 'NONE', *, *, #438, .F. ) ;
#1905 = LINE ( 'NONE', #1716, #1136 ) ;
#1906 = ORIENTED_EDGE ( 'NONE', *, *, #1722, .T. ) ;
#1907 = AXIS2_PLACEMENT_3D ( 'NONE', #36, #231, #1404 ) ;
#1908 = ORIENTED_EDGE ( 'NONE', *, *, #714, .F. ) ;
#1909 = VECTOR ( 'NONE', #2296, 1000.000000000000000 ) ;
#1910 = ORIENTED_EDGE ( 'NONE', *, *, #730, .F. ) ;
#1911 = DIRECTION ( 'NONE',  ( 0.000000000000000000, 1.000000000000000000, 0.000000000000000000 ) ) ;
#1912 = LINE ( 'NONE', #1061, #297 ) ;
#1913 = ORIENTED_EDGE ( 'NONE', *, *, #2280, .T. ) ;
#1914 = LINE ( 'NONE', #1189, #1964 ) ;
#1915 = DIRECTION ( 'NONE',  ( -0.000000000000000000, -0.000000000000000000, -1.000000000000000000 ) ) ;
#1916 = ORIENTED_EDGE ( 'NONE', *, *, #793, .T. ) ;
#1917 = CARTESIAN_POINT ( 'NONE',  ( -1.750000000000000000, 0.5500000000000094813, -3.250000000000000000 ) ) ;
#1918 = ORIENTED_EDGE ( 'NONE', *, *, #1138, .T. ) ;
#1919 = ORIENTED_EDGE ( 'NONE', *, *, #1891, .T. ) ;
#1920 = DIRECTION ( 'NONE',  ( -0.08715574274765119922, -0.9961946980917461003, 0.000000000000000000 ) ) ;
#1921 = DIRECTION ( 'NONE',  ( 0.08715574274765121310, 0.9961946980917462113, -1.079936521503899289E-17 ) ) ;
#1922 = VERTEX_POINT ( 'NONE', #1469 ) ;
#1923 = LINE ( 'NONE', #1037, #341 ) ;
#1924 = ORIENTED_EDGE ( 'NONE', *, *, #353, .F. ) ;
#1925 = EDGE_CURVE ( 'NONE', #1922, #2289, #2168, .T. ) ;
#1926 = FACE_OUTER_BOUND ( 'NONE', #1798, .T. ) ;
#1927 = VERTEX_POINT ( 'NONE', #1733 ) ;
#1928 = LINE ( 'NONE', #880, #1981 ) ;
#1929 = EDGE_LOOP ( 'NONE', ( #2095, #1842, #1250, #2150 ) ) ;
#1930 = CARTESIAN_POINT ( 'NONE',  ( -1.750000000000000000, 0.8999999999999819256, 3.214999999999999414 ) ) ;
#1931 = EDGE_CURVE ( 'NONE', #1960, #1188, #1366, .T. ) ;
#1932 = ADVANCED_FACE ( 'NONE', ( #1694 ), #1440, .F. ) ;
#1933 = VERTEX_POINT ( 'NONE', #2322 ) ;
#1934 = FACE_OUTER_BOUND ( 'NONE', #1330, .T. ) ;
#1935 = CARTESIAN_POINT ( 'NONE',  ( -3.500000000000000444, 0.3486681443320888141, 0.3499999999999999223 ) ) ;
#1936 = EDGE_LOOP ( 'NONE', ( #1039, #2316, #1011, #2325 ) ) ;
#1937 = EDGE_CURVE ( 'NONE', #2332, #1504, #1687, .T. ) ;
#1938 = DIRECTION ( 'NONE',  ( -1.000000000000000000, 0.000000000000000000, 0.000000000000000000 ) ) ;
#1939 = ORIENTED_EDGE ( 'NONE', *, *, #1900, .F. ) ;
#1940 = LINE ( 'NONE', #856, #329 ) ;
#1941 = AXIS2_PLACEMENT_3D ( 'NONE', #851, #823, #1999 ) ;
#1942 = ORIENTED_EDGE ( 'NONE', *, *, #506, .T. ) ;
#1943 = DIRECTION ( 'NONE',  ( 1.000000000000000000, 0.000000000000000000, -1.239088197126290817E-16 ) ) ;
#1944 = ORIENTED_EDGE ( 'NONE', *, *, #1634, .F. ) ;
#1945 = DIRECTION ( 'NONE',  ( -0.1710878697460327114, 0.9702875252478151413, -0.1710878697460319897 ) ) ;
#1946 = VERTEX_POINT ( 'NONE', #1260 ) ;
#1947 = DIRECTION ( 'NONE',  ( 1.000000000000000000, 0.000000000000000000, 0.000000000000000000 ) ) ;
#1948 = ORIENTED_EDGE ( 'NONE', *, *, #748, .F. ) ;
#1949 = LINE ( 'NONE', #2145, #347 ) ;
#1950 = ADVANCED_FACE ( 'NONE', ( #859 ), #1602, .F. ) ;
#1951 = EDGE_LOOP ( 'NONE', ( #159, #967, #939, #530 ) ) ;
#1952 =( NAMED_UNIT ( * ) PLANE_ANGLE_UNIT ( ) SI_UNIT ( $, .RADIAN. ) );
#1953 = EDGE_LOOP ( 'NONE', ( #1979, #1235, #761, #1229 ) ) ;
#1954 = LINE ( 'NONE', #1391, #1155 ) ;
#1955 = FILL_AREA_STYLE_COLOUR ( '', #1834 ) ;
#1956 = SURFACE_SIDE_STYLE ('',( #366 ) ) ;
#1957 = ORIENTED_EDGE ( 'NONE', *, *, #2264, .T. ) ;
#1958 = ADVANCED_FACE ( 'NONE', ( #1676 ), #1708, .T. ) ;
#1959 = DIRECTION ( 'NONE',  ( 1.000000000000000000, -2.333220619830529272E-16, 0.000000000000000000 ) ) ;
#1960 = VERTEX_POINT ( 'NONE', #453 ) ;
#1961 = VERTEX_POINT ( 'NONE', #1032 ) ;
#1962 = PLANE ( 'NONE',  #2190 ) ;
#1963 = CARTESIAN_POINT ( 'NONE',  ( -3.500000000000000000, 0.3486681443320837626, 2.649999999999999911 ) ) ;
#1964 = VECTOR ( 'NONE', #615, 1000.000000000000000 ) ;
#1965 = CARTESIAN_POINT ( 'NONE',  ( 2.762645729458562460, 0.4493989326055496947, -1.500000000000000000 ) ) ;
#1966 = VERTEX_POINT ( 'NONE', #832 ) ;
#1967 = CARTESIAN_POINT ( 'NONE',  ( -1.749999999999999556, -1.200000000000000030E-05, 1.949999999999999956 ) ) ;
#1968 =( BOUNDED_CURVE ( )  B_SPLINE_CURVE ( 3, ( #88, #521, #1511, #861 ),
 .UNSPECIFIED., .F., .F. ) 
 B_SPLINE_CURVE_WITH_KNOTS ( ( 4, 4 ),
 ( 1.570796326794892339, 2.967059728390363471 ),
 .UNSPECIFIED. ) 
 CURVE ( )  GEOMETRIC_REPRESENTATION_ITEM ( )  RATIONAL_B_SPLINE_CURVE ( ( 1.000000000000000000, 0.8440296287459837510, 0.8440296287459837510, 1.000000000000000000 ) ) 
 REPRESENTATION_ITEM ( '' )  );
#1969 = UNCERTAINTY_MEASURE_WITH_UNIT (LENGTH_MEASURE( 1.000000000000000082E-05 ), #969, 'distance_accuracy_value', 'NONE');
#1970 = SURFACE_STYLE_FILL_AREA ( #1679 ) ;
#1971 = EDGE_CURVE ( 'NONE', #99, #359, #1703, .T. ) ;
#1972 = ORIENTED_EDGE ( 'NONE', *, *, #131, .T. ) ;
#1973 = DIRECTION ( 'NONE',  ( -1.000000000000000000, 0.000000000000000000, -0.000000000000000000 ) ) ;
#1974 = CARTESIAN_POINT ( 'NONE',  ( -1.750000000000000000, 0.5500000000000094813, -2.649999999999999911 ) ) ;
#1975 = AXIS2_PLACEMENT_3D ( 'NONE', #1088, #1497, #1826 ) ;
#1976 = ADVANCED_FACE ( 'NONE', ( #47 ), #1653, .T. ) ;
#1977 = ORIENTED_EDGE ( 'NONE', *, *, #833, .T. ) ;
#1978 = DIRECTION ( 'NONE',  ( -0.000000000000000000, -0.000000000000000000, 1.000000000000000000 ) ) ;
#1979 = ORIENTED_EDGE ( 'NONE', *, *, #1550, .T. ) ;
#1980 = CARTESIAN_POINT ( 'NONE',  ( 2.214680520680575082, 0.4500000000000094480, -1.500000000000000000 ) ) ;
#1981 = VECTOR ( 'NONE', #2399, 1000.000000000000000 ) ;
#1982 = DIRECTION ( 'NONE',  ( -1.000000000000000000, 0.000000000000000000, 0.000000000000000000 ) ) ;
#1983 = EDGE_LOOP ( 'NONE', ( #1568, #1942, #1827, #766 ) ) ;
#1984 = DIRECTION ( 'NONE',  ( 0.000000000000000000, 0.000000000000000000, 1.000000000000000000 ) ) ;
#1985 = LINE ( 'NONE', #135, #1988 ) ;
#1986 = ORIENTED_EDGE ( 'NONE', *, *, #1891, .F. ) ;
#1987 = CARTESIAN_POINT ( 'NONE',  ( -2.214680520680575082, 0.8999999999999820366, 2.649999999999999911 ) ) ;
#1988 = VECTOR ( 'NONE', #369, 1000.000000000000000 ) ;
#1989 = CARTESIAN_POINT ( 'NONE',  ( 1.676407321829259889, 0.1326351822333069752, -3.176407321829258112 ) ) ;
#1990 = ORIENTED_EDGE ( 'NONE', *, *, #208, .F. ) ;
#1991 = EDGE_CURVE ( 'NONE', #1792, #663, #79, .T. ) ;
#1992 = DIRECTION ( 'NONE',  ( -0.000000000000000000, -0.000000000000000000, -1.000000000000000000 ) ) ;
#1993 = ADVANCED_FACE ( 'NONE', ( #51 ), #1682, .F. ) ;
#1994 = ORIENTED_EDGE ( 'NONE', *, *, #2337, .T. ) ;
#1995 = DIRECTION ( 'NONE',  ( 1.000000000000000000, 0.000000000000000000, -1.239088197126290817E-16 ) ) ;
#1996 = CARTESIAN_POINT ( 'NONE',  ( -2.762645729458562460, 0.4493989326055494726, 2.649999999999999911 ) ) ;
#1997 = ORIENTED_EDGE ( 'NONE', *, *, #175, .F. ) ;
#1998 = PLANE ( 'NONE',  #1142 ) ;
#1999 = DIRECTION ( 'NONE',  ( 1.000000000000000000, 0.000000000000000000, -1.239088197126290817E-16 ) ) ;
#2000 = EDGE_CURVE ( 'NONE', #663, #2246, #85, .T. ) ;
#2001 = CYLINDRICAL_SURFACE ( 'NONE', #2341, 0.1000000000000000472 ) ;
#2002 = AXIS2_PLACEMENT_3D ( 'NONE', #1228, #1243, #1211 ) ;
#2003 = ORIENTED_EDGE ( 'NONE', *, *, #723, .F. ) ;
#2004 = CARTESIAN_POINT ( 'NONE',  ( -2.844830223589586371, 0.5063700562071395961, 2.649999999999999911 ) ) ;
#2005 = FACE_OUTER_BOUND ( 'NONE', #665, .T. ) ;
#2006 = DIRECTION ( 'NONE',  ( 1.000000000000000000, -2.333220619830529272E-16, 1.239088197126290570E-16 ) ) ;
#2007 = PRESENTATION_LAYER_ASSIGNMENT (  '', '', ( #1378 ) ) ;
#2008 = ORIENTED_EDGE ( 'NONE', *, *, #671, .T. ) ;
#2009 = ORIENTED_EDGE ( 'NONE', *, *, #1075, .T. ) ;
#2010 = CARTESIAN_POINT ( 'NONE',  ( -2.214680520680575082, 0.4500000000000094480, 2.649999999999999911 ) ) ;
#2011 = LINE ( 'NONE', #1574, #2050 ) ;
#2012 = PLANE ( 'NONE',  #1635 ) ;
#2013 = ADVANCED_FACE ( 'NONE', ( #907 ), #986, .F. ) ;
#2014 = ORIENTED_EDGE ( 'NONE', *, *, #2354, .T. ) ;
#2015 = CARTESIAN_POINT ( 'NONE',  ( -2.836114649314821268, 0.4067505863979649083, 2.649999999999999911 ) ) ;
#2016 = PLANE ( 'NONE',  #83 ) ;
#2017 = ORIENTED_EDGE ( 'NONE', *, *, #1455, .T. ) ;
#2018 = CARTESIAN_POINT ( 'NONE',  ( -3.500000000000000000, 0.3486681443320837626, 2.649999999999999911 ) ) ;
#2019 = EDGE_CURVE ( 'NONE', #2375, #2345, #890, .T. ) ;
#2020 = CARTESIAN_POINT ( 'NONE',  ( -2.214680520680574638, 0.8999999999999820366, 0.3500000000000000333 ) ) ;
#2021 = ORIENTED_EDGE ( 'NONE', *, *, #103, .T. ) ;
#2022 = VECTOR ( 'NONE', #450, 1000.000000000000114 ) ;
#2023 = EDGE_CURVE ( 'NONE', #265, #1850, #885, .T. ) ;
#2024 = VERTEX_POINT ( 'NONE', #2361 ) ;
#2025 = PLANE ( 'NONE',  #476 ) ;
#2026 = VECTOR ( 'NONE', #312, 1000.000000000000114 ) ;
#2027 = DIRECTION ( 'NONE',  ( 1.000000000000000000, -0.000000000000000000, -0.000000000000000000 ) ) ;
#2028 = VERTEX_POINT ( 'NONE', #520 ) ;
#2029 = DIRECTION ( 'NONE',  ( -0.5697112360158991251, 0.8218449413102427714, 0.000000000000000000 ) ) ;
#2030 = AXIS2_PLACEMENT_3D ( 'NONE', #717, #1408, #602 ) ;
#2031 = DIRECTION ( 'NONE',  ( 0.000000000000000000, 0.000000000000000000, -1.000000000000000000 ) ) ;
#2032 = LINE ( 'NONE', #472, #399 ) ;
#2033 = ADVANCED_FACE ( 'NONE', ( #100 ), #1665, .F. ) ;
#2034 = VERTEX_POINT ( 'NONE', #5 ) ;
#2035 =( NAMED_UNIT ( * ) SI_UNIT ( $, .STERADIAN. ) SOLID_ANGLE_UNIT ( ) );
#2036 = AXIS2_PLACEMENT_3D ( 'NONE', #2385, #2042, #938 ) ;
#2037 = ORIENTED_EDGE ( 'NONE', *, *, #748, .T. ) ;
#2038 = ADVANCED_FACE ( 'NONE', ( #911 ), #216, .F. ) ;
#2039 = FACE_OUTER_BOUND ( 'NONE', #2141, .T. ) ;
#2040 = ORIENTED_EDGE ( 'NONE', *, *, #432, .F. ) ;
#2041 = LINE ( 'NONE', #681, #407 ) ;
#2042 = DIRECTION ( 'NONE',  ( -1.000000000000000000, 0.000000000000000000, 0.000000000000000000 ) ) ;
#2043 = ORIENTED_EDGE ( 'NONE', *, *, #1227, .T. ) ;
#2044 =( BOUNDED_CURVE ( )  B_SPLINE_CURVE ( 3, ( #1666, #1631, #509, #2382 ),
 .UNSPECIFIED., .F., .F. ) 
 B_SPLINE_CURVE_WITH_KNOTS ( ( 4, 4 ),
 ( 0.1745329251994299502, 1.570796326794897668 ),
 .UNSPECIFIED. ) 
 CURVE ( )  GEOMETRIC_REPRESENTATION_ITEM ( )  RATIONAL_B_SPLINE_CURVE ( ( 1.000000000000000000, 0.8440296287459843061, 0.8440296287459843061, 1.000000000000000000 ) ) 
 REPRESENTATION_ITEM ( '' )  );
#2045 = DIRECTION ( 'NONE',  ( -0.000000000000000000, -0.000000000000000000, -1.000000000000000000 ) ) ;
#2046 = VECTOR ( 'NONE', #581, 1000.000000000000000 ) ;
#2047 = CARTESIAN_POINT ( 'NONE',  ( -2.762645729458562460, 0.4493989326055494726, 2.649999999999999911 ) ) ;
#2048 = VERTEX_POINT ( 'NONE', #1576 ) ;
#2049 = DIRECTION ( 'NONE',  ( -1.000000000000000000, 0.000000000000000000, -0.000000000000000000 ) ) ;
#2050 = VECTOR ( 'NONE', #722, 1000.000000000000000 ) ;
#2051 = DIRECTION ( 'NONE',  ( 0.000000000000000000, 0.000000000000000000, -1.000000000000000000 ) ) ;
#2052 = CARTESIAN_POINT ( 'NONE',  ( -2.214680520680575082, 0.4500000000000094480, 2.649999999999999911 ) ) ;
#2053 = ADVANCED_FACE ( 'NONE', ( #96 ), #1547, .F. ) ;
#2054 = VERTEX_POINT ( 'NONE', #770 ) ;
#2055 = EDGE_CURVE ( 'NONE', #204, #637, #895, .T. ) ;
#2056 = VECTOR ( 'NONE', #1513, 1000.000000000000000 ) ;
#2057 = ORIENTED_EDGE ( 'NONE', *, *, #1550, .F. ) ;
#2058 = AXIS2_PLACEMENT_3D ( 'NONE', #2274, #994, #1973 ) ;
#2059 = LINE ( 'NONE', #1186, #435 ) ;
#2060 = DIRECTION ( 'NONE',  ( 0.000000000000000000, 0.000000000000000000, -1.000000000000000000 ) ) ;
#2061 = EDGE_LOOP ( 'NONE', ( #1451, #1299, #1762, #2074 ) ) ;
#2062 = CARTESIAN_POINT ( 'NONE',  ( -1.750000000000000000, -1.200000000000000030E-05, -1.950000000000000400 ) ) ;
#2063 = CARTESIAN_POINT ( 'NONE',  ( 2.836114649314821268, 0.4067505863979649638, -1.500000000000000000 ) ) ;
#2064 = CARTESIAN_POINT ( 'NONE',  ( -2.762645729458562460, 0.4493989326055494726, 2.649999999999999911 ) ) ;
#2065 = FACE_OUTER_BOUND ( 'NONE', #528, .T. ) ;
#2066 = ORIENTED_EDGE ( 'NONE', *, *, #2294, .T. ) ;
#2067 = DIRECTION ( 'NONE',  ( 0.000000000000000000, 0.000000000000000000, 1.000000000000000000 ) ) ;
#2068 = LINE ( 'NONE', #840, #2026 ) ;
#2069 = DIRECTION ( 'NONE',  ( 1.239088197126290817E-16, 0.000000000000000000, 1.000000000000000000 ) ) ;
#2070 = ORIENTED_EDGE ( 'NONE', *, *, #618, .F. ) ;
#2071 = PRESENTATION_STYLE_ASSIGNMENT (( #1560 ) ) ;
#2072 = ORIENTED_EDGE ( 'NONE', *, *, #1680, .F. ) ;
#2073 = CARTESIAN_POINT ( 'NONE',  ( 1.507395754244652775, 1.699999999999999956, 0.000000000000000000 ) ) ;
#2074 = ORIENTED_EDGE ( 'NONE', *, *, #2216, .F. ) ;
#2075 = CARTESIAN_POINT ( 'NONE',  ( 2.296865014811599881, 0.5069711236015997935, 2.649999999999999911 ) ) ;
#2076 = VERTEX_POINT ( 'NONE', #903 ) ;
#2077 = DIRECTION ( 'NONE',  ( 0.000000000000000000, 0.000000000000000000, -1.000000000000000000 ) ) ;
#2078 = DIRECTION ( 'NONE',  ( -0.5697112360158992361, -0.8218449413102427714, 0.000000000000000000 ) ) ;
#2079 = EDGE_CURVE ( 'NONE', #106, #1742, #1677, .T. ) ;
#2080 = ORIENTED_EDGE ( 'NONE', *, *, #1811, .T. ) ;
#2081 = CARTESIAN_POINT ( 'NONE',  ( -2.844830223589586371, 0.5063700562071395961, -0.3500000000000000333 ) ) ;
#2082 = VECTOR ( 'NONE', #795, 1000.000000000000000 ) ;
#2083 = LINE ( 'NONE', #2380, #1304 ) ;
#2084 = VERTEX_POINT ( 'NONE', #1525 ) ;
#2085 = EDGE_CURVE ( 'NONE', #1580, #2266, #71, .T. ) ;
#2086 = AXIS2_PLACEMENT_3D ( 'NONE', #337, #1276, #470 ) ;
#2087 = DIRECTION ( 'NONE',  ( -0.000000000000000000, -0.000000000000000000, -1.000000000000000000 ) ) ;
#2088 = LINE ( 'NONE', #1182, #567 ) ;
#2089 = CARTESIAN_POINT ( 'NONE',  ( -1.637514226157749331, 0.1000000000000000472, -3.137514226157748887 ) ) ;
#2090 = VERTEX_POINT ( 'NONE', #1535 ) ;
#2091 = SURFACE_SIDE_STYLE ('',( #942 ) ) ;
#2092 = PLANE ( 'NONE',  #1903 ) ;
#2093 = FACE_OUTER_BOUND ( 'NONE', #2230, .T. ) ;
#2094 = CARTESIAN_POINT ( 'NONE',  ( -1.750000000000000000, 0.5500000000000094813, 3.250000000000000000 ) ) ;
#2095 = ORIENTED_EDGE ( 'NONE', *, *, #1630, .T. ) ;
#2096 = DIRECTION ( 'NONE',  ( -1.239088197126293282E-16, 0.000000000000000000, -1.000000000000000000 ) ) ;
#2097 = DIRECTION ( 'NONE',  ( 1.000000000000000000, -0.000000000000000000, -0.000000000000000000 ) ) ;
#2098 = ORIENTED_EDGE ( 'NONE', *, *, #985, .F. ) ;
#2099 = LINE ( 'NONE', #1902, #485 ) ;
#2100 = VECTOR ( 'NONE', #1514, 1000.000000000000114 ) ;
#2101 = ORIENTED_EDGE ( 'NONE', *, *, #330, .T. ) ;
#2102 = EDGE_CURVE ( 'NONE', #1509, #1203, #1739, .T. ) ;
#2103 = VECTOR ( 'NONE', #1399, 1000.000000000000000 ) ;
#2104 = DIRECTION ( 'NONE',  ( -1.000000000000000000, 0.000000000000000000, 0.000000000000000000 ) ) ;
#2105 = CIRCLE ( 'NONE', #594, 0.09999999999999982514 ) ;
#2106 = ORIENTED_EDGE ( 'NONE', *, *, #1369, .T. ) ;
#2107 = DIRECTION ( 'NONE',  ( -0.08715574274765121310, 0.9961946980917462113, 0.000000000000000000 ) ) ;
#2108 = PLANE ( 'NONE',  #872 ) ;
#2109 = LINE ( 'NONE', #1772, #504 ) ;
#2110 = VECTOR ( 'NONE', #1462, 1000.000000000000000 ) ;
#2111 = VERTEX_POINT ( 'NONE', #1721 ) ;
#2112 = DIRECTION ( 'NONE',  ( 0.5697112360159006794, 0.8218449413102416612, 7.059224683175329573E-17 ) ) ;
#2113 = EDGE_CURVE ( 'NONE', #1498, #2242, #74, .T. ) ;
#2114 = LINE ( 'NONE', #1207, #2144 ) ;
#2115 = UNCERTAINTY_MEASURE_WITH_UNIT (LENGTH_MEASURE( 1.000000000000000082E-05 ), #1262, 'distance_accuracy_value', 'NONE');
#2116 = CARTESIAN_POINT ( 'NONE',  ( -2.805610139353145627, 0.05808244206588105557, 1.949999999999999956 ) ) ;
#2117 = AXIS2_PLACEMENT_3D ( 'NONE', #24, #598, #1521 ) ;
#2118 = EDGE_LOOP ( 'NONE', ( #1874, #2238, #1534, #408, #1877, #1090, #1885, #1139, #1898, #433, #224, #377 ) ) ;
#2119 = FACE_OUTER_BOUND ( 'NONE', #1101, .T. ) ;
#2120 = LINE ( 'NONE', #1582, #2131 ) ;
#2121 = AXIS2_PLACEMENT_3D ( 'NONE', #855, #1322, #107 ) ;
#2122 = VERTEX_POINT ( 'NONE', #1935 ) ;
#2123 = CYLINDRICAL_SURFACE ( 'NONE', #1865, 0.4499999999999725331 ) ;
#2124 = CARTESIAN_POINT ( 'NONE',  ( -2.214680520680575082, 0.8999999999999820366, 2.649999999999999911 ) ) ;
#2125 = ORIENTED_EDGE ( 'NONE', *, *, #409, .F. ) ;
#2126 = FACE_OUTER_BOUND ( 'NONE', #1153, .T. ) ;
#2127 = CARTESIAN_POINT ( 'NONE',  ( 0.000000000000000000, 1.800000000000000044, 0.000000000000000000 ) ) ;
#2128 = DIRECTION ( 'NONE',  ( -0.000000000000000000, -0.000000000000000000, -1.000000000000000000 ) ) ;
#2129 = ORIENTED_EDGE ( 'NONE', *, *, #2387, .T. ) ;
#2130 = CARTESIAN_POINT ( 'NONE',  ( -2.214680520680575082, 0.4500000000000094480, -0.3500000000000000333 ) ) ;
#2131 = VECTOR ( 'NONE', #2132, 1000.000000000000000 ) ;
#2132 = DIRECTION ( 'NONE',  ( -0.000000000000000000, -0.000000000000000000, -1.000000000000000000 ) ) ;
#2133 = CARTESIAN_POINT ( 'NONE',  ( -2.296865014811599881, 0.5069711236015997935, -2.649999999999999911 ) ) ;
#2134 = EDGE_LOOP ( 'NONE', ( #439, #2253, #2179, #1808 ) ) ;
#2135 = VECTOR ( 'NONE', #639, 1000.000000000000000 ) ;
#2136 = PLANE ( 'NONE',  #178 ) ;
#2137 = FACE_OUTER_BOUND ( 'NONE', #1327, .T. ) ;
#2138 = DIRECTION ( 'NONE',  ( 0.000000000000000000, -0.1736481776669266952, 0.9848077530122087975 ) ) ;
#2139 = PLANE ( 'NONE',  #557 ) ;
#2140 = EDGE_CURVE ( 'NONE', #1750, #99, #864, .T. ) ;
#2141 = EDGE_LOOP ( 'NONE', ( #274, #1001, #1895, #1924 ) ) ;
#2142 = DIRECTION ( 'NONE',  ( 0.000000000000000000, 0.000000000000000000, -1.000000000000000000 ) ) ;
#2143 = VECTOR ( 'NONE', #392, 1000.000000000000000 ) ;
#2144 = VECTOR ( 'NONE', #686, 1000.000000000000000 ) ;
#2145 = CARTESIAN_POINT ( 'NONE',  ( -2.805610139353145627, 0.05808244206588106251, 2.649999999999999911 ) ) ;
#2146 = EDGE_CURVE ( 'NONE', #1188, #2266, #91, .T. ) ;
#2147 = ORIENTED_EDGE ( 'NONE', *, *, #2287, .F. ) ;
#2148 = CYLINDRICAL_SURFACE ( 'NONE', #1518, 0.1000000000000002554 ) ;
#2149 =( LENGTH_UNIT ( ) NAMED_UNIT ( * ) SI_UNIT ( .MILLI., .METRE. ) );
#2150 = ORIENTED_EDGE ( 'NONE', *, *, #1364, .T. ) ;
#2151 = EDGE_CURVE ( 'NONE', #637, #2076, #63, .T. ) ;
#2152 = DIRECTION ( 'NONE',  ( -0.000000000000000000, 1.000000000000000000, -0.000000000000000000 ) ) ;
#2153 = CIRCLE ( 'NONE', #2154, 0.09999999999999982514 ) ;
#2154 = AXIS2_PLACEMENT_3D ( 'NONE', #1450, #1183, #1612 ) ;
#2155 = VECTOR ( 'NONE', #1283, 1000.000000000000000 ) ;
#2156 = ADVANCED_FACE ( 'NONE', ( #1691 ), #2092, .F. ) ;
#2157 = CARTESIAN_POINT ( 'NONE',  ( -2.296865014811599881, 0.5069711236015997935, 2.649999999999999911 ) ) ;
#2158 = CARTESIAN_POINT ( 'NONE',  ( 2.584510744270161364, 0.7063700562071489886, 1.500000000000000000 ) ) ;
#2159 = CYLINDRICAL_SURFACE ( 'NONE', #751, 0.4499999999999725331 ) ;
#2160 = LINE ( 'NONE', #1010, #549 ) ;
#2161 = DIRECTION ( 'NONE',  ( -0.5697112360159006794, 0.8218449413102416612, 7.059224683175330805E-17 ) ) ;
#2162 = AXIS2_PLACEMENT_3D ( 'NONE', #6, #1092, #2049 ) ;
#2163 = VECTOR ( 'NONE', #2177, 1000.000000000000000 ) ;
#2164 = CARTESIAN_POINT ( 'NONE',  ( -3.469495490038324359, 0.000000000000000000, -2.649999999999999911 ) ) ;
#2165 = VECTOR ( 'NONE', #691, 1000.000000000000000 ) ;
#2166 = ORIENTED_EDGE ( 'NONE', *, *, #1359, .F. ) ;
#2167 = DIRECTION ( 'NONE',  ( 0.000000000000000000, 0.000000000000000000, 1.000000000000000000 ) ) ;
#2168 = LINE ( 'NONE', #2015, #555 ) ;
#2169 = FACE_OUTER_BOUND ( 'NONE', #343, .T. ) ;
#2170 = CARTESIAN_POINT ( 'NONE',  ( -2.584510744270161364, 0.7063700562071489886, 2.649999999999999911 ) ) ;
#2171 = LINE ( 'NONE', #62, #579 ) ;
#2172 = LINE ( 'NONE', #2185, #1356 ) ;
#2173 = DIRECTION ( 'NONE',  ( 0.08715574274765147678, -0.9961946980917461003, 0.000000000000000000 ) ) ;
#2174 = LINE ( 'NONE', #1239, #475 ) ;
#2175 = VECTOR ( 'NONE', #1663, 1000.000000000000000 ) ;
#2176 = CARTESIAN_POINT ( 'NONE',  ( -2.214680520680575082, 0.4500000000000094480, -1.949999999999999956 ) ) ;
#2177 = DIRECTION ( 'NONE',  ( -0.000000000000000000, -0.000000000000000000, -1.000000000000000000 ) ) ;
#2178 = DIRECTION ( 'NONE',  ( 0.5697112360158992361, 0.8218449413102427714, -0.000000000000000000 ) ) ;
#2179 = ORIENTED_EDGE ( 'NONE', *, *, #814, .F. ) ;
#2180 = EDGE_CURVE ( 'NONE', #1461, #1104, #94, .T. ) ;
#2181 = DIRECTION ( 'NONE',  ( 0.000000000000000000, 0.000000000000000000, 1.000000000000000000 ) ) ;
#2182 = ADVANCED_FACE ( 'NONE', ( #68 ), #2311, .F. ) ;
#2183 = LINE ( 'NONE', #1880, #572 ) ;
#2184 = ORIENTED_EDGE ( 'NONE', *, *, #577, .F. ) ;
#2185 = CARTESIAN_POINT ( 'NONE',  ( 1.750000000000000222, -1.200000000000000030E-05, -1.499999999999999778 ) ) ;
#2186 = EDGE_CURVE ( 'NONE', #232, #1122, #1668, .T. ) ;
#2187 = DIRECTION ( 'NONE',  ( 0.000000000000000000, 0.1736481776669283328, 0.9848077530122084644 ) ) ;
#2188 = VERTEX_POINT ( 'NONE', #171 ) ;
#2189 = CARTESIAN_POINT ( 'NONE',  ( -1.586742895563462152, 0.1000000000000000472, -3.086742895563461264 ) ) ;
#2190 = AXIS2_PLACEMENT_3D ( 'NONE', #2157, #2328, #1597 ) ;
#2191 = LINE ( 'NONE', #1548, #649 ) ;
#2192 = AXIS2_PLACEMENT_3D ( 'NONE', #1387, #250, #451 ) ;
#2193 = LINE ( 'NONE', #2318, #1381 ) ;
#2194 = DIRECTION ( 'NONE',  ( 1.000000000000000000, 0.000000000000000000, 0.000000000000000000 ) ) ;
#2195 = VECTOR ( 'NONE', #792, 1000.000000000000000 ) ;
#2196 = CARTESIAN_POINT ( 'NONE',  ( -2.214680520680575082, 0.4500000000000094480, 2.649999999999999911 ) ) ;
#2197 = LINE ( 'NONE', #1109, #590 ) ;
#2198 = VECTOR ( 'NONE', #1748, 1000.000000000000114 ) ;
#2199 = CARTESIAN_POINT ( 'NONE',  ( -2.844830223589586371, 0.5063700562071395961, 0.3500000000000000333 ) ) ;
#2200 = LINE ( 'NONE', #1917, #614 ) ;
#2201 = DIRECTION ( 'NONE',  ( 0.08715574274765121310, -0.9961946980917461003, -0.000000000000000000 ) ) ;
#2202 = LINE ( 'NONE', #355, #600 ) ;
#2203 = DIRECTION ( 'NONE',  ( -0.1710878697460327114, -0.9702875252478151413, 0.1710878697460319897 ) ) ;
#2204 = CARTESIAN_POINT ( 'NONE',  ( -2.836114649314821268, 0.4067505863979649638, -0.3500000000000000333 ) ) ;
#2205 = DIRECTION ( 'NONE',  ( -0.000000000000000000, -0.000000000000000000, -1.000000000000000000 ) ) ;
#2206 = ORIENTED_EDGE ( 'NONE', *, *, #638, .T. ) ;
#2207 = CARTESIAN_POINT ( 'NONE',  ( -2.844830223589586371, 0.5063700562071395961, -2.649999999999999911 ) ) ;
#2208 = CARTESIAN_POINT ( 'NONE',  ( -1.685223670864682832, 0.1826351822333072694, 3.185223670864683054 ) ) ;
#2209 = LINE ( 'NONE', #956, #1397 ) ;
#2210 = VECTOR ( 'NONE', #2029, 1000.000000000000114 ) ;
#2211 = DIRECTION ( 'NONE',  ( -1.000000000000000000, 0.000000000000000000, 0.000000000000000000 ) ) ;
#2212 = LINE ( 'NONE', #73, #2175 ) ;
#2213 = DIRECTION ( 'NONE',  ( 1.000000000000000000, -0.000000000000000000, -0.000000000000000000 ) ) ;
#2214 = LINE ( 'NONE', #198, #1414 ) ;
#2215 = LINE ( 'NONE', #2164, #1365 ) ;
#2216 = EDGE_CURVE ( 'NONE', #247, #1541, #867, .T. ) ;
#2217 = PLANE ( 'NONE',  #2291 ) ;
#2218 = DIRECTION ( 'NONE',  ( -0.000000000000000000, -0.000000000000000000, -1.000000000000000000 ) ) ;
#2219 = ORIENTED_EDGE ( 'NONE', *, *, #254, .F. ) ;
#2220 = AXIS2_PLACEMENT_3D ( 'NONE', #2081, #16, #1947 ) ;
#2221 = CARTESIAN_POINT ( 'NONE',  ( -2.475000000000000089, 0.2500000000000000000, -0.3500000000000004774 ) ) ;
#2222 = AXIS2_PLACEMENT_3D ( 'NONE', #2306, #1711, #33 ) ;
#2223 = LINE ( 'NONE', #636, #1433 ) ;
#2224 = ADVANCED_FACE ( 'NONE', ( #878 ), #2108, .F. ) ;
#2225 = ORIENTED_EDGE ( 'NONE', *, *, #2140, .T. ) ;
#2226 = DIRECTION ( 'NONE',  ( -0.000000000000000000, -0.000000000000000000, -1.000000000000000000 ) ) ;
#2227 = VECTOR ( 'NONE', #2331, 1000.000000000000000 ) ;
#2228 = DIRECTION ( 'NONE',  ( -1.000000000000000000, -2.333220619830529272E-16, 1.239088197126290817E-16 ) ) ;
#2229 = DIRECTION ( 'NONE',  ( -0.000000000000000000, 0.000000000000000000, 1.000000000000000000 ) ) ;
#2230 = EDGE_LOOP ( 'NONE', ( #309, #788, #1584, #715 ) ) ;
#2231 = DIRECTION ( 'NONE',  ( -1.000000000000000000, 0.000000000000000000, 0.000000000000000000 ) ) ;
#2232 = CYLINDRICAL_SURFACE ( 'NONE', #1117, 0.09999999999999982514 ) ;
#2233 = VECTOR ( 'NONE', #152, 1000.000000000000000 ) ;
#2234 = EDGE_CURVE ( 'NONE', #1335, #758, #1729, .T. ) ;
#2235 = CARTESIAN_POINT ( 'NONE',  ( 2.214680520680575082, 0.5500000000000097033, 2.649999999999999911 ) ) ;
#2236 = DIRECTION ( 'NONE',  ( 0.000000000000000000, 0.000000000000000000, -1.000000000000000000 ) ) ;
#2237 = FACE_OUTER_BOUND ( 'NONE', #227, .T. ) ;
#2238 = ORIENTED_EDGE ( 'NONE', *, *, #1364, .F. ) ;
#2239 = ADVANCED_FACE ( 'NONE', ( #1714 ), #257, .F. ) ;
#2240 = SHAPE_DEFINITION_REPRESENTATION ( #1324, #339 ) ;
#2241 = CARTESIAN_POINT ( 'NONE',  ( -2.805610139353145627, 0.05808244206588106945, -1.949999999999999956 ) ) ;
#2242 = VERTEX_POINT ( 'NONE', #765 ) ;
#2243 = EDGE_CURVE ( 'NONE', #247, #204, #1869, .T. ) ;
#2244 = DIRECTION ( 'NONE',  ( -0.000000000000000000, -0.000000000000000000, -1.000000000000000000 ) ) ;
#2245 = AXIS2_PLACEMENT_3D ( 'NONE', #1642, #1033, #321 ) ;
#2246 = VERTEX_POINT ( 'NONE', #1652 ) ;
#2247 = LINE ( 'NONE', #652, #584 ) ;
#2248 = PLANE ( 'NONE',  #2121 ) ;
#2249 = AXIS2_PLACEMENT_3D ( 'NONE', #1106, #1844, #2060 ) ;
#2250 = DIRECTION ( 'NONE',  ( 1.000000000000000000, 0.000000000000000000, 0.000000000000000000 ) ) ;
#2251 = CLOSED_SHELL ( 'NONE', ( #798, #2224, #1072, #738, #69, #2340, #1993, #2276, #1297, #1421, #909, #1596, #1362, #887 ) ) ;
#2252 = DIRECTION ( 'NONE',  ( -0.000000000000000000, -0.000000000000000000, -1.000000000000000000 ) ) ;
#2253 = ORIENTED_EDGE ( 'NONE', *, *, #2151, .F. ) ;
#2254 = VECTOR ( 'NONE', #2152, 1000.000000000000000 ) ;
#2255 = EDGE_CURVE ( 'NONE', #1796, #1515, #914, .T. ) ;
#2256 = CARTESIAN_POINT ( 'NONE',  ( -2.805610139353145627, 0.05808244206588106251, 2.649999999999999911 ) ) ;
#2257 = ORIENTED_EDGE ( 'NONE', *, *, #1339, .T. ) ;
#2258 = CARTESIAN_POINT ( 'NONE',  ( -2.762645729458562460, 0.4493989326055494726, -1.949999999999999956 ) ) ;
#2259 = FILL_AREA_STYLE ('',( #1279 ) ) ;
#2260 = DIRECTION ( 'NONE',  ( 1.000000000000000000, 0.000000000000000000, 0.000000000000000000 ) ) ;
#2261 = DIRECTION ( 'NONE',  ( 0.000000000000000000, 0.000000000000000000, 1.000000000000000000 ) ) ;
#2262 = ORIENTED_EDGE ( 'NONE', *, *, #642, .F. ) ;
#2263 = CARTESIAN_POINT ( 'NONE',  ( -2.762645729458562460, 0.4493989326055494726, 1.949999999999999956 ) ) ;
#2264 = EDGE_CURVE ( 'NONE', #2076, #1059, #112, .T. ) ;
#2265 = DIRECTION ( 'NONE',  ( -0.000000000000000000, -0.000000000000000000, -1.000000000000000000 ) ) ;
#2266 = VERTEX_POINT ( 'NONE', #2403 ) ;
#2267 = EDGE_CURVE ( 'NONE', #1800, #2345, #1746, .T. ) ;
#2268 = ORIENTED_EDGE ( 'NONE', *, *, #948, .T. ) ;
#2269 = EDGE_CURVE ( 'NONE', #328, #987, #919, .T. ) ;
#2270 = CARTESIAN_POINT ( 'NONE',  ( -2.584510744270161364, 0.7063700562071489886, -0.3500000000000000333 ) ) ;
#2271 = AXIS2_PLACEMENT_3D ( 'NONE', #1078, #1740, #1017 ) ;
#2272 = ORIENTED_EDGE ( 'NONE', *, *, #833, .F. ) ;
#2273 = DIRECTION ( 'NONE',  ( -0.000000000000000000, -0.000000000000000000, -1.000000000000000000 ) ) ;
#2274 = CARTESIAN_POINT ( 'NONE',  ( -1.750000000000000000, 0.1000000000000000472, -3.250000000000000000 ) ) ;
#2275 = ORIENTED_EDGE ( 'NONE', *, *, #139, .F. ) ;
#2276 = ADVANCED_FACE ( 'NONE', ( #1735 ), #2016, .F. ) ;
#2277 = DIRECTION ( 'NONE',  ( -1.000000000000000000, 0.000000000000000000, 0.000000000000000000 ) ) ;
#2278 = EDGE_LOOP ( 'NONE', ( #912, #1038, #127, #207 ) ) ;
#2279 = ORIENTED_EDGE ( 'NONE', *, *, #2290, .F. ) ;
#2280 = EDGE_CURVE ( 'NONE', #1523, #513, #117, .T. ) ;
#2281 = CARTESIAN_POINT ( 'NONE',  ( -1.586742895563462152, 0.1000000000000000472, -3.086742895563461264 ) ) ;
#2282 = ORIENTED_EDGE ( 'NONE', *, *, #2363, .T. ) ;
#2283 = CARTESIAN_POINT ( 'NONE',  ( -3.469495490038324359, 0.000000000000000000, -1.949999999999999956 ) ) ;
#2284 = CARTESIAN_POINT ( 'NONE',  ( 2.805610139353145627, 0.05808244206588106251, 1.500000000000000000 ) ) ;
#2285 = VECTOR ( 'NONE', #1598, 1000.000000000000000 ) ;
#2286 = VERTEX_POINT ( 'NONE', #1089 ) ;
#2287 = EDGE_CURVE ( 'NONE', #1154, #1475, #1751, .T. ) ;
#2288 = DIRECTION ( 'NONE',  ( 0.5697112360158991251, -0.8218449413102427714, -7.059224683175312316E-17 ) ) ;
#2289 = VERTEX_POINT ( 'NONE', #2204 ) ;
#2290 = EDGE_CURVE ( 'NONE', #348, #1835, #213, .T. ) ;
#2291 = AXIS2_PLACEMENT_3D ( 'NONE', #1111, #873, #2377 ) ;
#2292 = CARTESIAN_POINT ( 'NONE',  ( -2.214680520680575082, 0.8999999999999820366, 2.649999999999999911 ) ) ;
#2293 = CLOSED_SHELL ( 'NONE', ( #105, #1976, #975, #370, #1731, #2370, #253, #456, #1797, #680, #327, #1199, #1225, #1736, #2156, #26, #1316, #755, #349, #750, #1162, #272, #1021, #1617 ) ) ;
#2294 = EDGE_CURVE ( 'NONE', #1151, #916, #1968, .T. ) ;
#2295 = MECHANICAL_DESIGN_GEOMETRIC_PRESENTATION_REPRESENTATION (  '', ( #1824 ), #1308 ) ;
#2296 = DIRECTION ( 'NONE',  ( -0.000000000000000000, -0.000000000000000000, -1.000000000000000000 ) ) ;
#2297 = ORIENTED_EDGE ( 'NONE', *, *, #2180, .F. ) ;
#2298 = CARTESIAN_POINT ( 'NONE',  ( -1.750000000000000000, 0.5500000000000094813, 2.649999999999999911 ) ) ;
#2299 = VERTEX_POINT ( 'NONE', #122 ) ;
#2300 = CARTESIAN_POINT ( 'NONE',  ( -1.749999999999999778, -1.200000000000000030E-05, 0.3500000000000000333 ) ) ;
#2301 = DIRECTION ( 'NONE',  ( -1.000000000000000000, -0.000000000000000000, 0.000000000000000000 ) ) ;
#2302 = VERTEX_POINT ( 'NONE', #2063 ) ;
#2303 = MANIFOLD_SOLID_BREP ( 'Fillet1', #2293 ) ;
#2304 = PLANE ( 'NONE',  #870 ) ;
#2305 = VECTOR ( 'NONE', #713, 1000.000000000000000 ) ;
#2306 = CARTESIAN_POINT ( 'NONE',  ( 2.844830223589586371, 0.5063700562071395961, 2.649999999999999911 ) ) ;
#2307 = ORIENTED_EDGE ( 'NONE', *, *, #1815, .T. ) ;
#2308 = EDGE_CURVE ( 'NONE', #1966, #554, #968, .T. ) ;
#2309 = DIRECTION ( 'NONE',  ( -1.000000000000000000, 2.333220619830529272E-16, -0.000000000000000000 ) ) ;
#2310 = ORIENTED_EDGE ( 'NONE', *, *, #1233, .T. ) ;
#2311 = PLANE ( 'NONE',  #1783 ) ;
#2312 = ORIENTED_EDGE ( 'NONE', *, *, #1425, .F. ) ;
#2313 = CARTESIAN_POINT ( 'NONE',  ( 3.500000000000000000, 0.3486681443320837626, 2.649999999999999911 ) ) ;
#2314 = EDGE_CURVE ( 'NONE', #387, #340, #1758, .T. ) ;
#2315 = DIRECTION ( 'NONE',  ( 0.000000000000000000, -1.000000000000000000, 0.000000000000000000 ) ) ;
#2316 = ORIENTED_EDGE ( 'NONE', *, *, #1782, .T. ) ;
#2317 = CARTESIAN_POINT ( 'NONE',  ( -3.500000000000000444, -1.200000000000000030E-05, -1.950000000000000400 ) ) ;
#2318 = CARTESIAN_POINT ( 'NONE',  ( -1.501844411854913242, 2.307360275483777645, -2.966844411854913766 ) ) ;
#2319 = CARTESIAN_POINT ( 'NONE',  ( -2.214680520680575082, 0.4500000000000094480, 2.649999999999999911 ) ) ;
#2320 = EDGE_LOOP ( 'NONE', ( #423, #981, #1727, #501 ) ) ;
#2321 = AXIS2_PLACEMENT_3D ( 'NONE', #2176, #1978, #1049 ) ;
#2322 = CARTESIAN_POINT ( 'NONE',  ( -2.214680520680575082, 0.5500000000000094813, 2.649999999999999911 ) ) ;
#2323 = ORIENTED_EDGE ( 'NONE', *, *, #1425, .T. ) ;
#2324 = CARTESIAN_POINT ( 'NONE',  ( -2.805610139353145627, 0.05808244206588106251, 2.649999999999999911 ) ) ;
#2325 = ORIENTED_EDGE ( 'NONE', *, *, #933, .T. ) ;
#2326 = CARTESIAN_POINT ( 'NONE',  ( -2.214680520680575082, 0.8999999999999820366, 2.649999999999999911 ) ) ;
#2327 = PRODUCT ( 'POD_SOT-223_FH_rev_B', 'POD_SOT-223_FH_rev_B', '', ( #917 ) ) ;
#2328 = DIRECTION ( 'NONE',  ( -0.8218449413102427714, 0.5697112360158992361, 0.000000000000000000 ) ) ;
#2329 = DIRECTION ( 'NONE',  ( -0.000000000000000000, -0.000000000000000000, -1.000000000000000000 ) ) ;
#2330 = EDGE_LOOP ( 'NONE', ( #1275, #655, #1482, #930 ) ) ;
#2331 = DIRECTION ( 'NONE',  ( -1.000000000000000000, 0.000000000000000000, 1.239088197126290817E-16 ) ) ;
#2332 = VERTEX_POINT ( 'NONE', #1483 ) ;
#2333 = EDGE_CURVE ( 'NONE', #784, #658, #1780, .T. ) ;
#2334 = DIRECTION ( 'NONE',  ( -0.8218449413102416612, -0.5697112360159007904, 0.000000000000000000 ) ) ;
#2335 = PLANE ( 'NONE',  #560 ) ;
#2336 = VERTEX_POINT ( 'NONE', #2388 ) ;
#2337 = EDGE_CURVE ( 'NONE', #554, #513, #959, .T. ) ;
#2338 = CARTESIAN_POINT ( 'NONE',  ( -1.749999999999999778, 0.5500000000000092593, 0.3500000000000000333 ) ) ;
#2339 = ORIENTED_EDGE ( 'NONE', *, *, #671, .F. ) ;
#2340 = ADVANCED_FACE ( 'NONE', ( #158 ), #2217, .F. ) ;
#2341 = AXIS2_PLACEMENT_3D ( 'NONE', #1099, #2236, #1285 ) ;
#2342 = CARTESIAN_POINT ( 'NONE',  ( -3.469495490038324359, 7.530789258984786235E-18, 1.950000000000000178 ) ) ;
#2343 = AXIS2_PLACEMENT_3D ( 'NONE', #421, #1856, #1655 ) ;
#2344 = CARTESIAN_POINT ( 'NONE',  ( -1.586742895563462152, 0.1000000000000000472, 0.000000000000000000 ) ) ;
#2345 = VERTEX_POINT ( 'NONE', #1300 ) ;
#2346 = CARTESIAN_POINT ( 'NONE',  ( -2.475000000000000089, 0.2499999999999999445, 2.649999999999999911 ) ) ;
#2347 = VERTEX_POINT ( 'NONE', #1546 ) ;
#2348 = CARTESIAN_POINT ( 'NONE',  ( -1.750000000000000000, 0.5500000000000094813, -3.250000000000000000 ) ) ;
#2349 = ORIENTED_EDGE ( 'NONE', *, *, #613, .F. ) ;
#2350 = CARTESIAN_POINT ( 'NONE',  ( 1.685223670864682832, 0.1826351822333069919, -3.185223670864681722 ) ) ;
#2351 = ADVANCED_FACE ( 'NONE', ( #133 ), #1787, .F. ) ;
#2352 = ORIENTED_EDGE ( 'NONE', *, *, #512, .F. ) ;
#2353 = CARTESIAN_POINT ( 'NONE',  ( 2.844830223589586371, 0.5063700562071395961, -1.500000000000000000 ) ) ;
#2354 = EDGE_CURVE ( 'NONE', #141, #1467, #1795, .T. ) ;
#2355 = CARTESIAN_POINT ( 'NONE',  ( -2.296865014811599881, 0.5069711236015997935, 1.949999999999999956 ) ) ;
#2356 = ORIENTED_EDGE ( 'NONE', *, *, #1027, .T. ) ;
#2357 = VECTOR ( 'NONE', #2383, 1000.000000000000000 ) ;
#2358 = EDGE_CURVE ( 'NONE', #348, #232, #130, .T. ) ;
#2359 = DIRECTION ( 'NONE',  ( 1.239088197126290570E-16, 0.000000000000000000, -1.000000000000000000 ) ) ;
#2360 = ORIENTED_EDGE ( 'NONE', *, *, #1639, .F. ) ;
#2361 = CARTESIAN_POINT ( 'NONE',  ( -2.296865014811599881, 0.5069711236015997935, 0.3500000000000000333 ) ) ;
#2362 = DIRECTION ( 'NONE',  ( -0.5697112360159006794, -0.8218449413102416612, 0.000000000000000000 ) ) ;
#2363 = EDGE_CURVE ( 'NONE', #340, #1104, #973, .T. ) ;
#2364 = DIRECTION ( 'NONE',  ( 1.000000000000000000, 0.000000000000000000, 0.000000000000000000 ) ) ;
#2365 = ORIENTED_EDGE ( 'NONE', *, *, #889, .T. ) ;
#2366 = CARTESIAN_POINT ( 'NONE',  ( 1.685223670864682832, 0.1826351822333071584, 3.249999999999999556 ) ) ;
#2367 = AXIS2_PLACEMENT_3D ( 'NONE', #1896, #1851, #920 ) ;
#2368 = ORIENTED_EDGE ( 'NONE', *, *, #413, .F. ) ;
#2369 = AXIS2_PLACEMENT_3D ( 'NONE', #443, #386, #2260 ) ;
#2370 = ADVANCED_FACE ( 'NONE', ( #1771 ), #1669, .F. ) ;
#2371 = CARTESIAN_POINT ( 'NONE',  ( -2.805610139353145183, 0.05808244206588109027, 0.3500000000000000333 ) ) ;
#2372 = EDGE_LOOP ( 'NONE', ( #1814, #1852, #292, #1431 ) ) ;
#2373 = DIRECTION ( 'NONE',  ( 0.000000000000000000, 0.000000000000000000, -1.000000000000000000 ) ) ;
#2374 = FACE_OUTER_BOUND ( 'NONE', #617, .T. ) ;
#2375 = VERTEX_POINT ( 'NONE', #1376 ) ;
#2376 = DIRECTION ( 'NONE',  ( -1.000000000000000000, 0.000000000000000000, 0.000000000000000000 ) ) ;
#2377 = DIRECTION ( 'NONE',  ( 0.5697112360159007904, 0.8218449413102416612, 0.000000000000000000 ) ) ;
#2378 = DIRECTION ( 'NONE',  ( 1.000000000000000000, -7.455875443897526786E-33, -1.239088197126291063E-16 ) ) ;
#2379 = ORIENTED_EDGE ( 'NONE', *, *, #383, .F. ) ;
#2380 = CARTESIAN_POINT ( 'NONE',  ( -1.750000000000000000, 0.8999999999999819256, 3.214999999999999414 ) ) ;
#2381 = EDGE_LOOP ( 'NONE', ( #805, #1939, #2339, #2037 ) ) ;
#2382 = CARTESIAN_POINT ( 'NONE',  ( -1.586742895563462152, 0.1000000000000000472, 3.086742895563461264 ) ) ;
#2383 = DIRECTION ( 'NONE',  ( -0.000000000000000000, -0.000000000000000000, -1.000000000000000000 ) ) ;
#2384 = EDGE_LOOP ( 'NONE', ( #2396, #1990, #1222, #1134, #786, #1102, #151, #732, #1769, #2003, #305, #1573 ) ) ;
#2385 = CARTESIAN_POINT ( 'NONE',  ( -1.750000000000000000, 0.8999999999999819256, 2.649999999999999911 ) ) ;
#2386 = VERTEX_POINT ( 'NONE', #1354 ) ;
#2387 = EDGE_CURVE ( 'NONE', #222, #1927, #1022, .T. ) ;
#2388 = CARTESIAN_POINT ( 'NONE',  ( -3.469495490038324359, 0.000000000000000000, 2.649999999999999911 ) ) ;
#2389 = AXIS2_PLACEMENT_3D ( 'NONE', #384, #1127, #170 ) ;
#2390 = DIRECTION ( 'NONE',  ( 1.239088197126290817E-16, 0.000000000000000000, 1.000000000000000000 ) ) ;
#2391 = ORIENTED_EDGE ( 'NONE', *, *, #13, .F. ) ;
#2392 = CYLINDRICAL_SURFACE ( 'NONE', #113, 0.4499999999999725331 ) ;
#2393 = AXIS2_PLACEMENT_3D ( 'NONE', #831, #656, #667 ) ;
#2394 = CARTESIAN_POINT ( 'NONE',  ( -1.750000000000000000, 0.8999999999999819256, 2.649999999999999911 ) ) ;
#2395 = CARTESIAN_POINT ( 'NONE',  ( -2.762645729458562460, 0.4493989326055494726, 0.3500000000000000333 ) ) ;
#2396 = ORIENTED_EDGE ( 'NONE', *, *, #1396, .F. ) ;
#2397 = LINE ( 'NONE', #41, #1609 ) ;
#2398 = EDGE_LOOP ( 'NONE', ( #1126, #725, #2356, #276 ) ) ;
#2399 = DIRECTION ( 'NONE',  ( 1.000000000000000000, 2.333220619830529272E-16, 0.000000000000000000 ) ) ;
#2400 = UNCERTAINTY_MEASURE_WITH_UNIT (LENGTH_MEASURE( 1.000000000000000082E-05 ), #358, 'distance_accuracy_value', 'NONE');
#2401 = CARTESIAN_POINT ( 'NONE',  ( -2.836114649314821268, 0.4067505863979649638, 1.950000000000000178 ) ) ;
#2402 = ORIENTED_EDGE ( 'NONE', *, *, #1167, .F. ) ;
#2403 = CARTESIAN_POINT ( 'NONE',  ( -2.475000000000000089, 0.2500000000000000000, 1.949999999999999956 ) ) ;
#2404 = ADVANCED_FACE ( 'NONE', ( #221 ), #1193, .F. ) ;
#2405 = VERTEX_POINT ( 'NONE', #1524 ) ;
#2406 = EDGE_CURVE ( 'NONE', #328, #611, #1821, .T. ) ;
#2407 = CARTESIAN_POINT ( 'NONE',  ( -1.605876529545873677, 1.717364817766692697, -3.070876529545873979 ) ) ;
#2408 = ORIENTED_EDGE ( 'NONE', *, *, #110, .T. ) ;
ENDSEC;
END-ISO-10303-21;
