v 1.59959 -3.62045 -0.825401
v 1.57927 -0.15 -0.86365
v 1.56558 -3.65824 -0.888221
newmtl 1
Ka 1.0 1.0 1.0
Kd 0.2196078431372549 0.2196078431372549 0.2196078431372549
Ks 0.7529411764705882 0.7529411764705882 0.7529411764705882
d 1.0
endmtl
v 1.53073 -3.70093 -0.947009
v 1.52461 -0.15 -0.956837
v 1.56464 -5.09066 -0.889906
v 1.52924 -5.04715 -0.94958
v 1.55884 -7.6 -0.899999
v 1.17358 -0.15 -1.36482
v 1.08958 -0.15 -1.43276
v 1.15702 -9.59999 -1.37888
v 1.39907 -0.15 -1.13253
v 1.36932 -3.99067 -1.16829
v 1.39704 -3.92325 -1.13501
v 0.717632 -0.15 -1.65077
v 0.615636 -9.59999 -1.69145
v 0.732125 -9.59999 -1.64438
v 0.91016 -0.15 -1.55294
v 0.845047 -9.59999 -1.5893
v 0.953853 -9.59999 -1.52648
v 0.0898266 -0.15 -1.79775
v 0.12556 -9.59999 -1.79561
v 0.197499 -0.15 -1.78912
v 0.374242 -9.59999 -1.76067
v 0.496148 -9.59999 -1.73027
v 0.410334 -0.15 -1.75261
v -0.382618 -9.59999 -1.75886
v -0.340308 -0.15 -1.76754
v -0.445725 -0.15 -1.74394
v -0.128411 -9.59999 -1.79542
v -0.126156 -0.15 -1.79556
v -0.233656 -0.15 -1.78476
v -0.862646 -9.59999 -1.57982
v -0.941395 -0.15 -1.5342
v -0.973153 -9.59999 -1.51425
v -0.629034 -9.59999 -1.6865
v -0.651356 -0.15 -1.67803
v -0.747745 -9.59999 -1.63733
v -1.59154 -6.575 -0.84084
v -1.54367 -0.15 -0.92578
v -1.59642 -0.15 -0.831516
v -1.11836 -0.15 -1.41042
v -1.17875 -9.59999 -1.36036
v -1.0787 -9.59999 -1.44098
v -1.45982 -6.575 -1.05305
v -1.42168 -0.15 -1.104
v -1.48535 -0.15 -1.01672
v -1.52936 -6.575 -0.949234
v -1.27922 -0.15 -1.26635
v -1.30001 -6.575 -1.24499
v -1.26523 -6.62467 -1.28031
v -1.35289 -0.15 -1.18731
v -1.38324 -6.575 -1.1518
v -1.26523 -8.27533 -1.28031
v -1.27279 -9.59999 -1.2728
v -1.23001 -8.225 -1.31419
v -1.20094 -0.15 -1.3408
v -1.23001 -6.675 -1.31419
v -1.45982 -8.325 -1.05305
v -1.51426 -9.59999 -0.973153
v -1.44097 -9.59999 -1.0787
v -1.30001 -8.325 -1.24499
v -1.38324 -8.325 -1.1518
v -1.36035 -9.59999 -1.17876
v -1.59154 -8.325 -0.84084
v -1.57983 -9.59999 -0.862646
v -1.52936 -8.325 -0.949234
v -1.63735 -9.59999 -0.747745
v -1.64604 -8.325 -0.728394
v -1.69261 -8.325 -0.612438
v -1.68652 -9.59999 -0.629034
v -1.73102 -8.325 -0.49353
v -1.7271 -9.59999 -0.507118
v -1.75887 -9.59999 -0.382617
v -1.76109 -8.325 -0.372244
v -1.78267 -8.325 -0.249164
v -1.78167 -9.59999 -0.256167
v -1.79566 -8.325 -0.124883
v -1.7954 -9.59999 -0.128411
v -1.8 -9.59999 5.78408E-7
v -1.8 -8.325 5.78408E-7
v -1.64604 -6.575 -0.728394
v -1.64342 -0.15 -0.734266
v -1.68451 -0.15 -0.63435
v -1.69261 -6.575 -0.612438
v -1.73102 -6.575 -0.49353
v -1.71954 -0.15 -0.532139
v -1.74837 -0.15 -0.428015
v -1.76109 -6.575 -0.372244
v -1.7709 -0.15 -0.322354
v -1.78267 -6.575 -0.249164
v -1.79566 -6.575 -0.124883
v -1.78705 -0.15 -0.21554
v -1.79676 -0.15 -0.108
v -1.8 -6.575 5.78408E-7
v -1.8 -0.15 -5.78297E-7
v -1.03174 -0.15 -1.47496
v -0.847657 -0.15 -1.58792
v -0.750861 -0.15 -1.63592
v -0.549527 -0.15 -1.71407
v -0.507118 -9.59999 -1.72708
v -0.256167 -9.59999 -1.78168
v -1.2353E-14 -9.59999 -1.79999
v -0.018198 -0.15 -1.7999
v 0.250512 -9.59999 -1.78248
v 0.304458 -0.15 -1.77406
v 0.51474 -0.15 -1.72484
v 0.617297 -0.15 -1.69085
v 0.815374 -0.15 -1.60474
v 1.00167 -0.15 -1.49554
v 1.05801 -9.59999 -1.45623
v 1.25039 -9.59999 -1.29481
v 1.31167 -4.21521 -1.23272
v 1.32591 -4.13766 -1.21736
v 1.32861 -0.15 -1.21442
v 1.25335 -0.15 -1.29195
v 1.42796 -3.8601 -1.09581
v 1.34534 -4.06243 -1.19582
v 1.46448 -0.15 -1.04657
v 1.46124 -3.80165 -1.05105
v 1.49575 -3.74865 -1.00137
v 1.55884 -9.59999 -0.899999
v 1.67134 -0.15 -0.668273
v 1.66225 -3.55908 -0.690463
v 1.69011 -3.53473 -0.619151
v 1.62824 -0.15 -0.767346
v 1.63196 -3.58752 -0.759335
v 1.76401 -0.15 -0.358124
v 1.73936 -0.15 -0.463284
v 1.75631 -3.483 -0.394314
v 1.71524 -3.51413 -0.545763
v 1.70843 -0.15 -0.566791
v 1.79824 -3.45419 -0.0805034
v 1.79421 -0.15 -0.144286
v 1.79297 -3.45766 -0.160194
v 1.77195 -3.47192 -0.317107
v 1.78419 -3.46353 -0.239064
v 1.78232 -0.15 -0.251663
v 1.79963 -0.15 -0.0363701
v 1.8 -3.45305 5.78408E-7
v 1.8 -0.15 5.78297E-7
v 1.79615 -7.6 -0.117726
v 1.79277 -5.29221 -0.162237
v 1.7846 -7.6 -0.234947
v 1.77141 -5.2777 -0.32006
v 1.76541 -7.6 -0.351163
v 1.73737 -3.49698 -0.470664
v 1.73653 -5.25239 -0.473754
v 1.7135 -5.23449 -0.551495
v 1.73867 -7.6 -0.465874
v 1.66006 -5.18894 -0.696213
v 1.63012 -5.16068 -0.763551
v 1.66298 -7.6 -0.68883
v 1.59849 -5.12838 -0.827577
v 1.61437 -7.6 -0.79612
v 1.49423 -4.99917 -1.00386
v 1.49227 -9.59999 -1.00654
v 1.46007 -4.94642 -1.05292
v 1.41842 -9.59999 -1.10819
v 1.42735 -4.88876 -1.09676
v 1.39676 -4.82611 -1.13538
v 1.34538 -4.68768 -1.19592
v 1.33766 -9.59999 -1.20444
v 1.36911 -4.75875 -1.16859
v 1.32613 -4.61333 -1.21729
v 1.30001 -4.375 -1.24499
v 1.30297 -4.29432 -1.24193
v 1.31187 -4.53613 -1.23264
v 1.30303 -4.45654 -1.24189
v 1.68794 -5.21344 -0.625564
v 1.70447 -7.6 -0.578591
v 1.75563 -5.26651 -0.397329
v 1.78382 -5.28622 -0.2417
v 1.79818 -5.29576 -0.0816706
v 1.8 -7.6 5.78408E-7
v 1.8 -5.29695 5.78408E-7
v 2.34162 -2.0 0.875691
v 2.38965 -2.0 0.734553
v 2.38004 -0.3 0.76509
v 1.52789 -0.3 1.97878
v 1.56446 -0.75 1.95
v 1.64423 -0.3 1.88323
v 2.42178 -0.3 0.620453
v 2.32968 -0.3 0.906953
v 2.42919 -2.0 0.590802
v 2.28525 -2.0 1.01372
v -1.6779 -2.0 1.85328
v -1.56446 -2.0 1.95
v -1.66279 -0.3 1.86686
v 2.46009 -2.0 0.44495
v 2.45474 -0.3 0.473565
v 2.48223 -2.0 0.297515
v 2.47879 -0.3 0.324958
v 2.49385 -0.3 0.175211
v 2.49555 -2.0 0.149023
v 2.49987 -0.3 0.0248274
v 2.27086 -0.3 1.04553
v 2.5 -2.0 -8.03345E-7
v 2.5 -0.3 8.0341E-7
v 2.22076 -2.0 1.14813
v 2.20382 -0.3 1.18031
v 2.12878 -0.3 1.31082
v 2.14837 -2.0 1.27847
v 2.04603 -0.3 1.43657
v 2.06835 -2.0 1.40426
v 1.98096 -2.0 1.52505
v 1.95586 -0.3 1.55712
v 1.8586 -0.3 1.67202
v 1.88653 -2.0 1.64043
v 1.75459 -0.3 1.78085
v 1.78539 -2.0 1.74996
v 1.6779 -2.0 1.85328
v 1.56446 -2.0 1.95
v 1.40602 -0.3 2.06715
v 1.27906 -0.3 2.14803
v 1.32488 -0.75 2.12007
v 1.44716 -0.75 2.03856
v 1.01169 -0.3 2.28616
v 0.932315 -0.75 2.31965
v 1.06701 -0.75 2.26086
v 1.19801 -0.75 2.19426
v 1.14745 -0.3 2.22112
v 0.510824 -0.75 2.44726
v 0.653742 -0.75 2.41301
v 0.584416 -0.3 2.43074
v 0.794402 -0.75 2.37043
v 0.872257 -0.3 2.34291
v 0.72966 -0.3 2.39116
v 0.220192 -0.75 2.49028
v 0.288105 -0.3 2.48333
v 0.138114 -0.3 2.49617
v 0.437053 -0.3 2.4615
v 0.366141 -0.75 2.47304
v -0.0734819 -0.75 2.49892
v -0.162825 -0.3 2.49468
v -0.220192 -0.75 2.49028
v -0.0123777 -0.3 2.49995
v 0.0734819 -0.75 2.49892
v -0.653742 -0.75 2.41301
v -0.510824 -0.75 2.44726
v -0.608456 -0.3 2.42483
v -0.312681 -0.3 2.48036
v -0.366141 -0.75 2.47304
v -1.30026 -0.3 2.13526
v -1.19801 -0.75 2.19426
v -1.16939 -0.3 2.20965
v -0.895414 -0.3 2.33416
v -0.932315 -0.75 2.31965
v -0.794402 -0.75 2.37043
v -1.77214 -0.3 1.76339
v -1.54741 -0.3 1.96355
v -1.56446 -0.75 1.95
v -1.44716 -0.75 2.03856
v -1.97119 -0.3 1.53768
v -2.06016 -0.3 1.41624
v -1.98096 -2.0 1.52505
v -1.87506 -0.3 1.65353
v -1.88653 -2.0 1.64043
v -1.78539 -2.0 1.74996
v -2.14166 -0.3 1.28967
v -2.2154 -0.3 1.15843
v -2.14837 -2.0 1.27847
v -2.06835 -2.0 1.40426
v -2.22076 -2.0 1.14813
v -2.28111 -0.3 1.02299
v -2.33854 -0.3 0.883838
v -2.28525 -2.0 1.01372
v -2.3875 -0.3 0.741483
v -2.34162 -2.0 0.875691
v -2.38965 -2.0 0.734553
v -2.42781 -0.3 0.596439
v -2.45931 -0.3 0.449232
v -2.42919 -2.0 0.590802
v -2.48189 -0.3 0.300396
v -2.46009 -2.0 0.44495
v -2.48223 -2.0 0.297515
v -2.49547 -0.3 0.150471
v -2.5 -0.3 -8.0341E-7
v -2.49555 -2.0 0.149023
v -2.5 -2.0 -8.03345E-7
v -1.42642 -0.3 2.05312
v -1.32488 -0.75 2.12007
v -0.461405 -0.3 2.45705
v -1.06701 -0.75 2.26086
v -1.03428 -0.3 2.27603
v -0.753301 -0.3 2.38382
v 0.0237638 -0.0701865 -2.3927
v -0.122614 -0.107164 -2.4267
v -0.120748 -0.0701865 -2.38977
v 2.41489 -0.107164 -0.268913
v 2.37814 -0.0701865 -0.264821
v 2.38979 -0.0701865 -0.120749
v -0.414229 -0.107164 -2.39424
v -0.407925 -0.0701865 -2.35781
v -0.26482 -0.0701865 -2.37813
v -0.124128 -0.15 -2.45666
v 0.024131 -0.107164 -2.42968
v -0.826248 -0.0701865 -2.24567
v -0.689152 -0.0701865 -2.29146
v -0.839016 -0.107164 -2.28038
v -0.419342 -0.15 -2.4238
v -0.268912 -0.107164 -2.41488
v -0.549541 -0.0701865 -2.32888
v -0.699802 -0.107164 -2.32687
v -0.70844 -0.15 -2.35559
v -0.558033 -0.107164 -2.36487
v -0.564922 -0.15 -2.39407
v -0.272232 -0.15 -2.44469
v -0.849373 -0.15 -2.30853
v -1.10776 -0.107164 -2.16261
v -0.97517 -0.107164 -2.22556
v -1.12144 -0.15 -2.18931
v -1.23632 -0.107164 -2.09177
v -1.25158 -0.15 -2.11759
v -0.960329 -0.0701865 -2.19169
v -1.09091 -0.0701865 -2.1297
v -1.21751 -0.0701865 -2.05994
v -1.56889 -0.0701865 -1.80673
v -1.45694 -0.0701865 -1.89816
v -1.59313 -0.107164 -1.83465
v -0.987207 -0.15 -2.25303
v -1.49771 -0.15 -1.95129
v -1.47945 -0.107164 -1.9275
v -1.36037 -0.107164 -2.01331
v -1.33966 -0.0701865 -1.98267
v -1.86886 -0.0701865 -1.49434
v -1.98589 -0.107164 -1.40008
v -1.95567 -0.0701865 -1.37878
v -1.37716 -0.15 -2.03816
v -1.67512 -0.0701865 -1.70871
v -1.701 -0.107164 -1.73512
v -1.80266 -0.107164 -1.62925
v -1.82491 -0.15 -1.64936
v -1.77523 -0.0701865 -1.60446
v -1.89774 -0.107164 -1.51743
v -1.722 -0.15 -1.75654
v -1.6128 -0.15 -1.8573
v -1.92116 -0.15 -1.53617
v -2.03534 -0.0701865 -1.25818
v -2.0668 -0.107164 -1.27762
v -2.0104 -0.15 -1.41737
v -2.09231 -0.15 -1.29339
v -2.14016 -0.107164 -1.1505
v -2.10759 -0.0701865 -1.13299
v -2.16658 -0.15 -1.1647
v -2.2288 -0.0701865 -0.870687
v -2.2773 -0.0701865 -0.734527
v -2.1889 -0.0401923 -0.8551
v -2.23287 -0.00455763 -0.293651
v -2.29691 -0.0180924 -0.161848
v -2.24653 -0.00455763 -0.158297
v -2.19989 -1.35005E-7 -0.0218481
v -2.19456 5.39925E-16 -0.154641
v -2.25198 -0.00455763 -0.0223669
v -2.18119 -0.00455763 -0.560651
v -2.23011 -0.0180924 -0.573226
v -2.26066 -0.0180924 -0.43753
v -2.18122 1.00159E-15 -0.286868
v -2.14475 -0.0180924 -0.837854
v -2.23654 -0.0401923 -0.721378
v -2.21107 -0.00455763 -0.427932
v -2.09025 -0.0180924 -0.965823
v -2.13327 -0.0401923 -0.985702
v -2.44998 -0.247906 -0.474172
v -2.41688 -0.247906 -0.621231
v -2.45473 -0.3 -0.473634
v -2.29118 -0.15 -0.895056
v -2.34104 -0.15 -0.755086
v -2.26324 -0.107164 -0.884142
v -2.20572 -0.107164 -1.01918
v -2.47878 -0.3 -0.32503
v -2.47414 -0.247906 -0.325381
v -2.17216 -0.0701865 -1.00367
v -2.23295 -0.15 -1.03176
v -2.48927 -0.247906 -0.175402
v -2.47577 -0.197394 -0.174451
v -2.46072 -0.197394 -0.323616
v -2.49532 -0.247906 -0.0247837
v -2.48178 -0.197394 -0.0246493
v 0.170788 -0.107164 -2.42379
v 0.0244289 -0.15 -2.45967
v -2.49987 -0.3 -0.0248274
v 0.172897 -0.15 -2.45371
v 0.316822 -0.107164 -2.40906
v 0.168189 -0.0701865 -2.3869
v 0.4617 -0.107164 -2.38554
v 0.320733 -0.15 -2.4388
v 0.312001 -0.0701865 -2.3724
v 0.604894 -0.107164 -2.35332
v 0.4674 -0.15 -2.41499
v 0.454674 -0.0701865 -2.34924
v 0.595688 -0.0701865 -2.31751
v 0.745879 -0.107164 -2.31251
v 0.61236 -0.15 -2.38237
v 0.755086 -0.15 -2.34106
v 0.884143 -0.107164 -2.26326
v 0.734528 -0.0701865 -2.27732
v 1.01918 -0.107164 -2.20575
v 0.895057 -0.15 -2.2912
v 0.870688 -0.0701865 -2.22882
v 1.1505 -0.107164 -2.14018
v 1.03176 -0.15 -2.23298
v 1.00367 -0.0701865 -2.17218
v 1.1647 -0.15 -2.1666
v 1.27762 -0.107164 -2.06681
v 1.13299 -0.0701865 -2.10761
v 1.40009 -0.107164 -1.98589
v 1.29339 -0.15 -2.09232
v 1.25818 -0.0701865 -2.03535
v 1.51744 -0.107164 -1.89773
v 1.41737 -0.15 -2.0104
v 1.37878 -0.0701865 -1.95567
v 1.49435 -0.0701865 -1.86885
v 1.53617 -0.15 -1.92116
v 1.62926 -0.107164 -1.80265
v 1.60446 -0.0701865 -1.77522
v 1.73513 -0.107164 -1.70099
v 1.64937 -0.15 -1.8249
v 1.70872 -0.0701865 -1.67511
v 1.83466 -0.107164 -1.59312
v 1.75655 -0.15 -1.72199
v 1.80674 -0.0701865 -1.56888
v 1.85731 -0.15 -1.61279
v 1.9275 -0.107164 -1.47944
v 1.89817 -0.0701865 -1.45693
v 2.01331 -0.107164 -1.36036
v 1.9513 -0.15 -1.49771
v 1.98267 -0.0701865 -1.33966
v 2.09176 -0.107164 -1.23632
v 2.03816 -0.15 -1.37716
v 2.05993 -0.0701865 -1.21751
v 2.11759 -0.15 -1.25158
v 2.16259 -0.107164 -1.10777
v 2.12968 -0.0701865 -1.09091
v 2.22553 -0.107164 -0.975169
v 2.18929 -0.15 -1.12144
v 2.19166 -0.0701865 -0.960329
v 2.28035 -0.107164 -0.839016
v 2.253 -0.15 -0.987207
v 2.24565 -0.0701865 -0.826248
v 2.3085 -0.15 -0.849373
v 2.32685 -0.107164 -0.699801
v 2.29144 -0.0701865 -0.689152
v 2.36487 -0.107164 -0.558034
v 2.35558 -0.15 -0.70844
v 2.32888 -0.0701865 -0.549541
v 2.39425 -0.107164 -0.414229
v 2.39406 -0.15 -0.564922
v 2.35781 -0.0701865 -0.407926
v 2.4238 -0.15 -0.419343
v 2.42672 -0.107164 -0.122615
v 2.4447 -0.15 -0.272232
v 2.39272 -0.0701865 0.0237631
v 2.42969 -0.107164 0.0241304
v 2.34701 -0.0401923 -0.118587
v 2.30249 -0.0180924 0.0228671
v 2.34988 -0.0401923 0.0233377
v 2.29967 -0.0180924 -0.116195
v 2.25198 -0.00455763 0.0223654
v 2.45668 -0.15 -0.124128
v 2.19989 -1.35005E-7 0.0218495
v 2.24923 -0.00455763 -0.113646
v 2.45968 -0.15 0.0244282
v -2.37496 -0.247906 -0.766024
v -2.42177 -0.3 -0.620521
v 2.49226 -0.247906 -0.125926
v 2.49547 -0.3 -0.150435
v 2.48178 -0.197394 0.0246477
v 2.47875 -0.197394 -0.125243
v 2.49532 -0.247906 0.0247821
v 2.4819 -0.3 -0.300324
v 2.48012 -0.247906 -0.276176
v -2.49385 -0.3 -0.175246
v 2.45892 -0.247906 -0.425418
v 2.46666 -0.197394 -0.274678
v 2.33557 -0.0401923 -0.26008
v 2.2689 -0.0180924 -0.392543
v 2.28846 -0.0180924 -0.254835
v 2.3156 -0.0401923 -0.400623
v 2.1972 3.87634E-16 -0.111023
v 2.23826 -0.00455763 -0.249244
v 2.45932 -0.3 -0.449163
v 2.42874 -0.247906 -0.573106
v 2.44558 -0.197394 -0.42311
v 2.21913 -0.00455763 -0.383932
v 2.18649 8.50035E-16 -0.24346
v 2.42782 -0.3 -0.59637
v 2.3897 -0.247906 -0.718703
v 2.41557 -0.197394 -0.569997
v 2.28719 -0.0401923 -0.539703
v 2.24106 -0.0180924 -0.528819
v 2.25042 -0.0401923 -0.676815
v 2.20504 -0.0180924 -0.663165
v 2.1678 1.30939E-15 -0.375026
v 2.1919 -0.00455763 -0.517218
v 2.38752 -0.3 -0.741415
v 2.34194 -0.247906 -0.861678
v 2.37674 -0.197394 -0.714805
v 2.20545 -0.0401923 -0.811456
v 2.16097 -0.0180924 -0.795091
v 2.15667 -0.00455763 -0.648617
v 2.1412 1.76398E-15 -0.505225
v 2.33857 -0.3 -0.883771
v 2.28564 -0.247906 -1.00151
v 2.32924 -0.197394 -0.857004
v 2.15243 -0.0401923 -0.943137
v 2.10902 -0.0180924 -0.924117
v 2.11356 -0.00455763 -0.777649
v 2.10679 2.21214E-15 -0.633582
v 2.28113 -0.3 -1.02292
v 2.221 -0.247906 -1.13769
v 2.27325 -0.197394 -0.996077
v 2.09156 -0.0401923 -1.07138
v 2.04938 -0.0180924 -1.04977
v 2.06275 -0.00455763 -0.903845
v 2.06469 2.65223E-15 -0.759629
v 2.21543 -0.3 -1.15837
v 2.14826 -0.247906 -1.26971
v 2.20896 -0.197394 -1.13152
v 2.02306 -0.0401923 -1.19571
v 1.98226 -0.0180924 -1.1716
v 2.00442 -0.00455763 -1.02674
v 2.01506 3.08265E-15 -0.882905
v 2.1417 -0.3 -1.28961
v 2.06769 -0.247906 -1.39711
v 2.13661 -0.197394 -1.26283
v 1.94717 -0.0401923 -1.31568
v 1.9079 -0.0180924 -1.28914
v 1.93877 -0.00455763 -1.14589
v 1.95808 3.50182E-15 -1.00296
v 2.0602 -0.3 -1.41618
v 1.97956 -0.247906 -1.5194
v 2.05647 -0.197394 -1.38953
v 1.82659 -0.0180924 -1.40199
v 1.86419 -0.0401923 -1.43085
v 1.86605 -0.00455763 -1.26087
v 1.89395 3.90822E-15 -1.11936
v 1.97123 -0.3 -1.53762
v 1.88422 -0.247906 -1.63615
v 1.96883 -0.197394 -1.51116
v 1.78652 -0.00455763 -1.37124
v 1.8229 4.30036E-15 -1.23167
v 1.87511 -0.3 -1.65348
v 1.78199 -0.247906 -1.74693
v 1.874 -0.197394 -1.62728
v 1.7744 -0.0401923 -1.54079
v 1.64429 -0.0180924 -1.61194
v 1.73861 -0.0180924 -1.50972
v 1.67813 -0.0401923 -1.64512
v 1.74521 4.67681E-15 -1.33949
v 1.70047 -0.00455763 -1.4766
v 1.77219 -0.3 -1.76334
v 1.67326 -0.247906 -1.85134
v 1.77233 -0.197394 -1.73746
v 1.60822 -0.00455763 -1.57658
v 1.66115 5.03619E-15 -1.44242
v 1.66285 -0.3 -1.86681
v 1.55843 -0.247906 -1.94899
v 1.66419 -0.197394 -1.8413
v 1.57574 -0.0401923 -1.74344
v 1.54396 -0.0180924 -1.70828
v 1.57102 5.3772E-15 -1.54009
v 1.51009 -0.00455763 -1.6708
v 1.54747 -0.3 -1.9635
v 1.4379 -0.247906 -2.03953
v 1.54997 -0.197394 -1.93842
v 1.4676 -0.0401923 -1.8354
v 1.438 -0.0180924 -1.79838
v 1.40645 -0.00455763 -1.75893
v 1.47517 5.69859E-15 -1.63214
v 1.42648 -0.3 -2.05308
v 1.31213 -0.247906 -2.12263
v 1.4301 -0.197394 -2.02847
v 1.3541 -0.0401923 -1.92066
v 1.32679 -0.0180924 -1.88192
v 1.37392 5.99919E-15 -1.71824
v 1.29768 -0.00455763 -1.84064
v 1.30033 -0.3 -2.13522
v 1.18157 -0.247906 -2.19799
v 1.30501 -0.197394 -2.11112
v 1.23565 -0.0401923 -1.99892
v 1.21073 -0.0180924 -1.9586
v 1.18418 -0.00455763 -1.91564
v 1.26767 6.27789E-15 -1.79806
v 1.16946 -0.3 -2.20962
v 1.04671 -0.247906 -2.26533
v 1.17517 -0.197394 -2.18607
v 1.11271 -0.0401923 -2.06988
v 1.09027 -0.0180924 -2.02814
v 1.15679 6.53369E-15 -1.87132
v 1.06635 -0.00455763 -1.98365
v 1.03435 -0.3 -2.276
v 0.908023 -0.247906 -2.32439
v 1.04103 -0.197394 -2.25304
v 0.985703 -0.0401923 -2.1333
v 0.965823 -0.0180924 -2.09027
v 0.944636 -0.00455763 -2.04442
v 1.04169 6.76562E-15 -1.93775
v 0.895482 -0.3 -2.33413
v 0.766025 -0.247906 -2.37497
v 0.903098 -0.197394 -2.31179
v 0.855101 -0.0401923 -2.18892
v 0.837855 -0.0180924 -2.14477
v 0.819476 -0.00455763 -2.09773
v 0.922802 6.97286E-15 -1.99711
v 0.753371 -0.3 -2.3838
v 0.621232 -0.247906 -2.41689
v 0.76187 -0.197394 -2.36209
v 0.721379 -0.0401923 -2.23655
v 0.70683 -0.0180924 -2.19145
v 0.800543 7.15466E-15 -2.04918
v 0.691325 -0.00455763 -2.14337
v 0.608527 -0.3 -2.42481
v 0.474171 -0.247906 -2.44998
v 0.617862 -0.197394 -2.40378
v 0.585024 -0.0401923 -2.27602
v 0.573226 -0.0180924 -2.23012
v 0.560651 -0.00455763 -2.1812
v 0.675361 7.31037E-15 -2.09377
v 0.461477 -0.3 -2.45704
v 0.32538 -0.247906 -2.47413
v 0.471599 -0.197394 -2.43669
v 0.446535 -0.0401923 -2.30718
v 0.437529 -0.0180924 -2.26065
v 0.547714 7.4394E-15 -2.13073
v 0.427931 -0.00455763 -2.21106
v 0.312754 -0.3 -2.48035
v 0.175401 -0.247906 -2.48926
v 0.323615 -0.197394 -2.46071
v 0.306416 -0.0401923 -2.32993
v 0.300236 -0.0180924 -2.28294
v 0.29365 -0.00455763 -2.23286
v 0.418067 7.54129E-15 -2.15991
v 0.162897 -0.3 -2.49467
v 0.0247828 -0.247906 -2.4953
v 0.17445 -0.197394 -2.47575
v 0.165178 -0.0401923 -2.34417
v 0.161847 -0.0180924 -2.2969
v 0.286894 7.61566E-15 -2.18121
v 0.158297 -0.00455763 -2.24651
v 0.0124507 -0.3 -2.49995
v -0.125926 -0.247906 -2.49225
v 0.0246484 -0.197394 -2.48177
v 0.0233384 -0.0401923 -2.34987
v 0.0228677 -0.0180924 -2.30248
v -0.118587 -0.0401923 -2.34699
v -0.116195 -0.0180924 -2.29966
v 0.022366 -0.00455763 -2.25197
v 0.154672 7.66225E-15 -2.19456
v -0.138041 -0.3 -2.49617
v -0.276176 -0.247906 -2.4801
v -0.125243 -0.197394 -2.47873
v -0.113646 -0.00455763 -2.24921
v 0.021885 7.68088E-15 -2.19989
v -0.288033 -0.3 -2.48334
v -0.425417 -0.247906 -2.45891
v -0.274678 -0.197394 -2.46665
v -0.260079 -0.0401923 -2.33556
v -0.254834 -0.0180924 -2.28845
v -0.110983 7.67148E-15 -2.1972
v -0.249244 -0.00455763 -2.23825
v -0.436981 -0.3 -2.46151
v -0.573106 -0.247906 -2.42875
v -0.42311 -0.197394 -2.44557
v -0.400622 -0.0401923 -2.3156
v -0.392543 -0.0180924 -2.2689
v -0.383932 -0.00455763 -2.21913
v -0.243447 7.63408E-15 -2.18649
v -0.584345 -0.3 -2.43076
v -0.718703 -0.247906 -2.38972
v -0.569997 -0.197394 -2.41557
v -0.539703 -0.0401923 -2.28719
v -0.676815 -0.0401923 -2.25044
v -0.663165 -0.0180924 -2.20505
v -0.528819 -0.0180924 -2.24107
v -0.375023 7.56883E-15 -2.1678
v -0.517218 -0.00455763 -2.1919
v -0.72959 -0.3 -2.39118
v -0.861678 -0.247906 -2.34197
v -0.714805 -0.197394 -2.37676
v -0.648618 -0.00455763 -2.15668
v -0.505231 7.47596E-15 -2.1412
v -0.872189 -0.3 -2.34294
v -1.00151 -0.247906 -2.28567
v -0.857004 -0.197394 -2.32927
v -0.811457 -0.0401923 -2.20547
v -0.795092 -0.0180924 -2.16099
v -0.633596 7.35581E-15 -2.10679
v -0.77765 -0.00455763 -2.11359
v -1.01162 -0.3 -2.28619
v -1.13769 -0.247906 -2.22102
v -0.996077 -0.197394 -2.27327
v -0.943138 -0.0401923 -2.15245
v -0.924117 -0.0180924 -2.10904
v -0.903845 -0.00455763 -2.06278
v -0.75965 7.20882E-15 -2.06469
v -1.14739 -0.3 -2.22116
v -1.26971 -0.247906 -2.14827
v -1.13151 -0.197394 -2.20898
v -1.07138 -0.0401923 -2.09157
v -1.04977 -0.0180924 -2.04939
v -1.02674 -0.00455763 -2.00444
v -0.882931 7.03551E-15 -2.01505
v -1.27899 -0.3 -2.14806
v -1.39711 -0.247906 -2.06768
v -1.26283 -0.197394 -2.13662
v -1.19571 -0.0401923 -2.02306
v -1.31568 -0.0401923 -1.94717
v -1.28915 -0.0180924 -1.9079
v -1.17159 -0.0180924 -1.98226
v -1.00299 6.83654E-15 -1.95806
v -1.14589 -0.00455763 -1.93878
v -1.40596 -0.3 -2.06719
v -1.51941 -0.247906 -1.97956
v -1.38953 -0.197394 -2.05647
v -1.26087 -0.00455763 -1.86605
v -1.11939 6.61262E-15 -1.89393
v -1.52784 -0.3 -1.97882
v -1.63616 -0.247906 -1.88421
v -1.51117 -0.197394 -1.96882
v -1.43085 -0.0401923 -1.86418
v -1.402 -0.0180924 -1.82659
v -1.23169 6.3646E-15 -1.82289
v -1.37124 -0.00455763 -1.78652
v -1.64417 -0.3 -1.88328
v -1.74695 -0.247906 -1.78198
v -1.62729 -0.197394 -1.87399
v -1.5408 -0.0401923 -1.77439
v -1.50973 -0.0180924 -1.73861
v -1.47661 -0.00455763 -1.70047
v -1.3395 6.09335E-15 -1.7452
v -1.75454 -0.3 -1.78091
v -1.85135 -0.247906 -1.67326
v -1.73747 -0.197394 -1.77232
v -1.64513 -0.0401923 -1.67812
v -1.74345 -0.0401923 -1.57573
v -1.70828 -0.0180924 -1.54395
v -1.61195 -0.0180924 -1.64428
v -1.44242 5.79987E-15 -1.66115
v -1.57659 -0.00455763 -1.60821
v -1.85855 -0.3 -1.67207
v -1.94899 -0.247906 -1.55842
v -1.84131 -0.197394 -1.66418
v -1.67081 -0.00455763 -1.51008
v -1.54009 5.48522E-15 -1.57103
v -1.95582 -0.3 -1.55718
v -2.03953 -0.247906 -1.4379
v -1.93842 -0.197394 -1.54997
v -1.8354 -0.0401923 -1.46759
v -1.79839 -0.0180924 -1.43799
v -1.63213 5.15055E-15 -1.47518
v -1.75893 -0.00455763 -1.40645
v -2.04599 -0.3 -1.43663
v -2.12262 -0.247906 -1.31213
v -2.02847 -0.197394 -1.4301
v -1.92066 -0.0401923 -1.35409
v -1.88192 -0.0180924 -1.32678
v -1.84064 -0.00455763 -1.29768
v -1.71822 4.79709E-15 -1.37394
v -2.12875 -0.3 -1.31088
v -2.19797 -0.247906 -1.18157
v -2.11111 -0.197394 -1.30501
v -1.99891 -0.0401923 -1.23566
v -2.06986 -0.0401923 -1.11271
v -2.02812 -0.0180924 -1.09027
v -1.95859 -0.0180924 -1.21073
v -1.79804 4.42612E-15 -1.26769
v -1.91563 -0.00455763 -1.18418
v -2.20378 -0.3 -1.18038
v -2.2653 -0.247906 -1.04671
v -2.18605 -0.197394 -1.17517
v -1.98363 -0.00455763 -1.06635
v -1.8713 4.039E-15 -1.15682
v -2.27083 -0.3 -1.04559
v -2.32965 -0.3 -0.907019
v -2.32437 -0.247906 -0.908022
v -2.25301 -0.197394 -1.04103
v -1.93774 3.63714E-15 -1.04172
v -2.0444 -0.00455763 -0.944636
v -2.38002 -0.3 -0.765157
v -2.31176 -0.197394 -0.903097
v -2.3125 -0.107164 -0.745878
v -2.0977 -0.00455763 -0.819475
v -1.9971 3.222E-15 -0.922817
v -2.38555 -0.107164 -0.461701
v -2.415 -0.15 -0.4674
v -2.43881 -0.15 -0.320734
v -2.36207 -0.197394 -0.76187
v -2.19143 -0.0180924 -0.706829
v -2.27601 -0.0401923 -0.585024
v -2.14336 -0.00455763 -0.691324
v -2.04918 2.7951E-15 -0.800548
v -2.38237 -0.15 -0.61236
v -2.40377 -0.197394 -0.617862
v -2.35332 -0.107164 -0.604893
v -2.3175 -0.0701865 -0.595688
v -2.30719 -0.0401923 -0.446535
v -2.09377 2.358E-15 -0.675358
v -2.43669 -0.197394 -0.4716
v -2.34924 -0.0701865 -0.454675
v -2.13073 1.91229E-15 -0.547703
v -2.40907 -0.107164 -0.316823
v -2.37241 -0.0701865 -0.312002
v -2.32994 -0.0401923 -0.306417
v -2.28295 -0.0180924 -0.300237
v -2.15992 1.45961E-15 -0.418048
v -2.45373 -0.15 -0.172897
v -2.42381 -0.107164 -0.170789
v -2.38692 -0.0701865 -0.16819
v -2.34419 -0.0401923 -0.165179
v -2.45968 -0.15 -0.0244298
v -2.42969 -0.107164 -0.0241319
v -2.39272 -0.0701865 -0.0237647
v -2.34988 -0.0401923 -0.0233392
v -2.30249 -0.0180924 -0.0228685
v -0.286192 -0.0564765 -1.81024
v -0.289901 -0.0327252 -1.8337
v -0.414361 -0.0327252 -1.80964
v 1.82555 -0.0564765 -0.16199
v 1.84921 -0.0327252 -0.164089
v 1.8337 -0.0327252 -0.289902
v -0.40906 -0.0564765 -1.78649
v -0.53689 -0.0327252 -1.77716
v -0.405072 -0.0849175 -1.76907
v -0.530021 -0.0564765 -1.75442
v -0.656914 -0.0327252 -1.73638
v -0.64851 -0.0564765 -1.71416
v -0.524853 -0.0849175 -1.73731
v -0.763975 -0.0564765 -1.66591
v -0.875879 -0.0564765 -1.60989
v -0.756526 -0.0849175 -1.64967
v -0.642186 -0.0849175 -1.69745
v -0.88723 -0.0327252 -1.63075
v -0.773876 -0.0327252 -1.6875
v -1.18511 -0.0564765 -1.398
v -1.29431 -0.0327252 -1.3309
v -1.27775 -0.0564765 -1.31387
v -0.974108 -0.0849175 -1.53128
v -0.862036 -0.116622 -1.58445
v -0.867338 -0.0849175 -1.59419
v -0.9837 -0.0564765 -1.54636
v -0.996448 -0.0327252 -1.5664
v -1.10102 -0.0327252 -1.49474
v -1.20047 -0.0327252 -1.41612
v -1.17355 -0.0849175 -1.38437
v -1.07634 -0.0849175 -1.46123
v -1.08694 -0.0564765 -1.47562
v -1.26529 -0.0849175 -1.30106
v -1.36443 -0.0564765 -1.22361
v -1.35113 -0.0849175 -1.21168
v -1.44475 -0.0564765 -1.12765
v -1.43066 -0.0849175 -1.11665
v -1.51833 -0.0564765 -1.02643
v -1.38211 -0.0327252 -1.23947
v -1.71737 -0.0327252 -0.705063
v -1.6954 -0.0564765 -0.696042
v -1.64395 -0.0564765 -0.810119
v -1.66525 -0.0327252 -0.820617
v -1.53801 -0.0327252 -1.03973
v -1.60537 -0.0327252 -0.932347
v -1.56938 -0.0849175 -0.911444
v -1.49434 -0.116622 -1.01021
v -1.50353 -0.0849175 -1.01642
v -1.46347 -0.0327252 -1.14226
v -1.58483 -0.0564765 -0.920418
v -1.76148 -0.0327252 -0.586222
v -1.73895 -0.0564765 -0.578722
v -1.62792 -0.0849175 -0.802219
v -1.79156 -0.116622 -0.209455
v -1.77309 -0.116622 -0.331227
v -1.80258 -0.0849175 -0.210744
v -1.77439 -0.0564765 -0.458703
v -1.72199 -0.0849175 -0.573079
v -1.74635 -0.116622 -0.451454
v -1.75709 -0.0849175 -0.45423
v -1.78399 -0.0849175 -0.333264
v -1.80168 -0.116622 -0.0867065
v -1.80339 -0.116622 0.0364461
v -1.79963 -0.15 0.0363701
v -1.67887 -0.0849175 -0.689256
v -1.88453 -0.0148547 0.0380859
v -1.88274 -0.0148547 -0.0906077
v -1.91623 -0.00376083 0.0387265
v -1.87217 -0.0148547 -0.218879
v -1.91441 -0.00376083 -0.0921318
v -1.94775 3.27277E-16 -0.0937358
v -1.90366 -0.00376083 -0.222561
v -1.93681 7.90598E-16 -0.226436
v -1.9496 -6.75023E-8 0.0394022
v -0.283402 -0.0849175 -1.79259
v -0.16199 -0.0564765 -1.82554
v -0.164089 -0.0327252 -1.8492
v -0.16041 -0.0849175 -1.80774
v -0.0364464 -0.116622 -1.80338
v -0.0366706 -0.0849175 -1.81447
v -0.0370317 -0.0564765 -1.83234
v -0.0375116 -0.0327252 -1.85609
v 0.0892405 -0.0327252 -1.85432
v 0.0880988 -0.0564765 -1.8306
v 0.212818 -0.0564765 -1.82032
v 0.215576 -0.0327252 -1.84391
v 0.0872397 -0.0849175 -1.81275
v 0.336545 -0.0564765 -1.80156
v 0.340907 -0.0327252 -1.82491
v 0.210743 -0.0849175 -1.80257
v 0.333264 -0.0849175 -1.78399
v 0.458703 -0.0564765 -1.7744
v 0.464648 -0.0327252 -1.7974
v 0.586222 -0.0327252 -1.7615
v 0.578722 -0.0564765 -1.73897
v 0.45423 -0.0849175 -1.7571
v 0.696042 -0.0564765 -1.69542
v 0.705063 -0.0327252 -1.71739
v 0.573079 -0.0849175 -1.72201
v 0.689256 -0.0849175 -1.67889
v 0.810118 -0.0564765 -1.64396
v 0.820617 -0.0327252 -1.66527
v 0.802219 -0.0849175 -1.62793
v 0.905872 -0.116622 -1.55979
v 0.911443 -0.0849175 -1.56939
v 0.920418 -0.0564765 -1.58484
v 0.932346 -0.0327252 -1.60538
v 1.01642 -0.0849175 -1.50353
v 1.02643 -0.0564765 -1.51833
v 1.03973 -0.0327252 -1.53801
v 1.23948 -0.0327252 -1.38211
v 1.14227 -0.0327252 -1.46347
v 1.22362 -0.0564765 -1.36443
v 1.12766 -0.0564765 -1.44475
v 1.21169 -0.0849175 -1.35112
v 1.11666 -0.0849175 -1.43066
v 1.31388 -0.0564765 -1.27774
v 1.30107 -0.0849175 -1.26528
v 1.33091 -0.0327252 -1.2943
v 1.38438 -0.0849175 -1.17355
v 1.39801 -0.0564765 -1.1851
v 1.41613 -0.0327252 -1.20046
v 1.49474 -0.0327252 -1.10102
v 1.47562 -0.0564765 -1.08693
v 1.54635 -0.0564765 -0.9837
v 1.56639 -0.0327252 -0.996448
v 1.63074 -0.0327252 -0.88723
v 1.60987 -0.0564765 -0.875879
v 1.46123 -0.0849175 -1.07634
v 1.52191 -0.116622 -0.968153
v 1.53127 -0.0849175 -0.974108
v 1.66589 -0.0564765 -0.763974
v 1.68748 -0.0327252 -0.773875
v 1.59418 -0.0849175 -0.867338
v 1.64965 -0.0849175 -0.756525
v 1.73636 -0.0327252 -0.656913
v 1.71415 -0.0564765 -0.648509
v 1.75441 -0.0564765 -0.53002
v 1.77715 -0.0327252 -0.536889
v 1.69743 -0.0849175 -0.642186
v 1.80964 -0.0327252 -0.414362
v 1.78649 -0.0564765 -0.409061
v 1.7373 -0.0849175 -0.524852
v 1.76907 -0.0849175 -0.405072
v 1.81024 -0.0564765 -0.286193
v 1.80775 -0.0849175 -0.160411
v 1.79259 -0.0849175 -0.283402
v 1.7967 -0.116622 -0.15943
v 1.83235 -0.0564765 -0.0370325
v 1.81448 -0.0849175 -0.0366714
v 1.8561 -0.0327252 -0.0375124
v 1.80339 -0.116622 -0.0364472
v 1.88453 -0.0148547 -0.0380871
v 1.87754 -0.0148547 -0.166603
v 1.91623 -0.00376083 -0.0387277
v 1.90912 -0.00376083 -0.169406
v 1.94237 6.01775E-16 -0.172355
v 1.9496 -6.75023E-8 -0.0394009
v 1.92608 1.06317E-15 -0.304505
v 1.90081 1.51962E-15 -0.435236
v 1.89311 -0.00376083 -0.299294
v 1.86827 -0.00376083 -0.427786
v 1.8618 -0.0148547 -0.294343
v 1.78164 -0.116622 -0.28167
v 1.86667 1.96897E-15 -0.563937
v 1.7725 2.8381E-15 -0.812863
v 1.7129 3.25381E-15 -0.931928
v 1.74215 -0.00376083 -0.798947
v 1.71333 -0.0148547 -0.785731
v 1.76296 -0.0148547 -0.666977
v 1.83737 -0.0148547 -0.42071
v 1.75826 -0.116622 -0.402596
v 1.82384 2.40915E-15 -0.690008
v 1.83472 -0.00376083 -0.554283
v 1.79261 -0.00376083 -0.678196
v 1.80437 -0.0148547 -0.545114
v 1.72668 -0.116622 -0.521644
v 1.64531 3.65435E-15 -1.04665
v 1.57004 4.03785E-15 -1.15649
v 1.61714 -0.00376083 -1.02873
v 1.68706 -0.116622 -0.63826
v 1.68357 -0.00376083 -0.915974
v 1.63956 -0.116622 -0.751901
v 1.48746 4.40253E-15 -1.26093
v 1.54317 -0.00376083 -1.13669
v -1.91684 1.25023E-15 -0.358081
v -1.88403 -0.00376083 -0.351952
v 1.65572 -0.0148547 -0.900822
v 1.58443 -0.116622 -0.862036
v 1.37403 -0.00376083 -1.33623
v 1.39795 4.74668E-15 -1.3595
v 1.30191 5.0687E-15 -1.45173
v 1.59039 -0.0148547 -1.01171
v 1.46201 -0.00376083 -1.23935
v 1.51764 -0.0148547 -1.11789
v 1.4523 -0.116622 -1.06976
v 1.19981 5.36708E-15 -1.53719
v 1.27964 -0.00376083 -1.42688
v 1.43782 -0.0148547 -1.21885
v 1.37592 -0.116622 -1.16637
v 1.17928 -0.00376083 -1.51088
v 1.09211 5.64045E-15 -1.61549
v 1.3513 -0.0148547 -1.31413
v 1.29312 -0.116622 -1.25755
v 0.979316 5.88751E-15 -1.68625
v 1.07342 -0.00376083 -1.58783
v 1.25847 -0.0148547 -1.40328
v 1.20428 -0.116622 -1.34286
v 1.15977 -0.0148547 -1.48589
v 1.10983 -0.116622 -1.42191
v 1.05566 -0.0148547 -1.56157
v 0.86196 6.10712E-15 -1.74915
v 0.962552 -0.00376083 -1.65739
v 1.01021 -0.116622 -1.49433
v 0.740584 6.29826E-15 -1.80389
v 0.847203 -0.00376083 -1.71922
v 0.94663 -0.0148547 -1.62997
v 0.615755 6.46004E-15 -1.85023
v 0.727905 -0.00376083 -1.77303
v 0.488056 6.59169E-15 -1.88794
v 0.605214 -0.00376083 -1.81857
v 0.833189 -0.0148547 -1.69078
v 0.797315 -0.116622 -1.61798
v 0.358081 6.69261E-15 -1.91684
v 0.479701 -0.00376083 -1.85563
v 0.715864 -0.0148547 -1.7437
v 0.685042 -0.116622 -1.66862
v 0.226436 6.76233E-15 -1.93681
v 0.0937358 6.80052E-15 -1.94775
v 0.22256 -0.00376083 -1.90365
v 0.595203 -0.0148547 -1.78849
v 0.569576 -0.116622 -1.71148
v 0.351951 -0.00376083 -1.88403
v 0.471766 -0.0148547 -1.82493
v 0.451454 -0.116622 -1.74636
v -0.0394016 6.807E-15 -1.9496
v 0.0921317 -0.00376083 -1.9144
v 0.34613 -0.0148547 -1.85287
v 0.331227 -0.116622 -1.77309
v -0.172355 6.78174E-15 -1.94237
v -0.0387269 -0.00376083 -1.91622
v 0.218879 -0.0148547 -1.87216
v 0.209455 -0.116622 -1.79155
v -0.304505 6.72487E-15 -1.92608
v -0.169405 -0.00376083 -1.90911
v 0.0906076 -0.0148547 -1.88273
v 0.0867064 -0.116622 -1.80167
v -0.435236 6.63663E-15 -1.90081
v -0.299293 -0.00376083 -1.8931
v -0.0380863 -0.0148547 -1.88452
v -0.563937 6.51746E-15 -1.86667
v -0.427786 -0.00376083 -1.86827
v -0.166603 -0.0148547 -1.87753
v -0.159429 -0.116622 -1.79669
v -0.690008 6.3679E-15 -1.82384
v -0.554284 -0.00376083 -1.83473
v -0.294342 -0.0148547 -1.86179
v -0.281669 -0.116622 -1.78163
v -0.812863 6.18865E-15 -1.7725
v -0.678197 -0.00376083 -1.79263
v -0.420709 -0.0148547 -1.83737
v -0.402595 -0.116622 -1.75826
v -0.931928 5.98054E-15 -1.7129
v -1.04665 5.74455E-15 -1.64531
v -0.915974 -0.00376083 -1.68358
v -0.545115 -0.0148547 -1.80438
v -0.521644 -0.116622 -1.72669
v -0.798948 -0.00376083 -1.74217
v -0.666978 -0.0148547 -1.76298
v -0.638261 -0.116622 -1.68707
v -1.15649 5.48178E-15 -1.57004
v -1.02873 -0.00376083 -1.61714
v -0.785732 -0.0148547 -1.71335
v -0.751901 -0.116622 -1.63958
v -1.26093 5.19345E-15 -1.48746
v -1.13669 -0.00376083 -1.54317
v -0.900822 -0.0148547 -1.65573
v -1.3595 4.8809E-15 -1.39795
v -1.23936 -0.00376083 -1.462
v -1.01171 -0.0148547 -1.59039
v -0.968153 -0.116622 -1.52192
v -1.45173 4.5456E-15 -1.30191
v -1.33624 -0.00376083 -1.37402
v -1.11789 -0.0148547 -1.51764
v -1.06976 -0.116622 -1.4523
v -1.53719 4.1891E-15 -1.19981
v -1.42689 -0.00376083 -1.27963
v -1.21886 -0.0148547 -1.43782
v -1.16638 -0.116622 -1.37591
v -1.61549 3.81307E-15 -1.09211
v -1.51089 -0.00376083 -1.17927
v -1.31414 -0.0148547 -1.35129
v -1.25756 -0.116622 -1.29311
v -1.68625 3.41926E-15 -0.979316
v -1.58784 -0.00376083 -1.07341
v -1.40329 -0.0148547 -1.25846
v -1.34287 -0.116622 -1.20428
v -1.74915 3.00952E-15 -0.86196
v -1.65738 -0.00376083 -0.962552
v -1.48589 -0.0148547 -1.15976
v -1.42192 -0.116622 -1.10983
v -1.80389 2.58573E-15 -0.740584
v -1.7192 -0.00376083 -0.847203
v -1.56157 -0.0148547 -1.05566
v -1.85023 2.1499E-15 -0.615755
v -1.88794 1.70404E-15 -0.488056
v -1.81855 -0.00376083 -0.605214
v -1.62997 -0.0148547 -0.94663
v -1.55979 -0.116622 -0.905872
v -1.77301 -0.00376083 -0.727905
v -1.69076 -0.0148547 -0.833189
v -1.61797 -0.116622 -0.797316
v -1.85562 -0.00376083 -0.479701
v -1.74368 -0.0148547 -0.715864
v -1.66861 -0.116622 -0.685042
v -1.84392 -0.0327252 -0.215577
v -1.80156 -0.0564765 -0.336546
v -1.82491 -0.0327252 -0.340907
v -1.78847 -0.0148547 -0.595203
v -1.79739 -0.0327252 -0.464648
v -1.71147 -0.116622 -0.569576
v -1.82492 -0.0148547 -0.471766
v -1.85287 -0.0148547 -0.34613
v -1.82033 -0.0564765 -0.212819
v -1.81276 -0.0849175 -0.0872398
v -1.85433 -0.0327252 -0.0892406
v -1.83061 -0.0564765 -0.0880989
v -1.8561 -0.0327252 0.0375112
v -1.83235 -0.0564765 0.0370313
v -1.81448 -0.0849175 0.0366702
v 3.74911 -9.55556 1.70045
v 3.74622 -9.58629 1.70189
v 3.74572 -9.59026 -2.1
v 3.75 -9.525 -2.1
v 3.75 -9.525 -0.65
v 3.75 -9.525 1.7
v 3.73296 -9.65441 -2.1
v 3.73498 -9.64652 1.70751
v 3.72666 -9.67587 1.71167
v 3.74151 -9.61651 1.70425
v 3.71194 -9.71634 -2.1
v 3.70489 -9.73248 1.72256
v 3.68301 -9.775 -2.1
v 3.7166 -9.70459 1.7167
v 3.6605 -9.81043 1.74475
v 3.64668 -9.82938 -2.1
v 3.67676 -9.78548 1.73662
v 3.69157 -9.7595 1.72921
v 3.62409 -9.85673 1.76296
v 3.60355 -9.87855 -2.1
v 3.64294 -9.83417 1.75353
v 3.56101 -9.91651 1.79449
v 3.55438 -9.92168 -2.1
v 3.58305 -9.89793 1.78348
v 3.60412 -9.87799 1.77294
v 3.5 -9.95801 -2.1
v 3.51435 -9.94942 1.81783
v 3.48994 -9.96368 1.83003
v 3.5381 -9.93365 1.80595
v 3.44134 -9.98694 -2.1
v 3.46482 -9.97651 1.84259
v 3.41303 -9.99769 1.86849
v 3.43918 -9.98786 1.85541
v 3.38645 -10.0061 1.88178
v 3.37941 -10.008 -2.1
v 3.35957 -10.0129 1.89522
v 3.31526 -10.0207 -2.1
v 3.33236 -10.0182 1.90882
v 3.30501 -10.022 1.92249
v 3.25 -10.025 -2.1
v 3.27747 -10.0243 1.93626
v 3.25 -10.0251 1.95
v 1.55 -3.67679 -1.3
v 1.88667 -3.40213 0.9
v 1.80075 -3.45256 0.9
v 1.81101 -3.44598 -1.3
v 1.73907 -3.4957 -1.3
v 1.88667 -3.40213 -1.3
v 1.67131 -3.55098 -1.3
v 1.60815 -3.61147 -1.3
v 1.65068 -3.56948 0.717797
v 1.64432 -3.57565 0.9
v 1.61421 -3.60513 0.796427
v 1.49319 -3.75234 -2.1
v 1.55 -3.67679 -2.1
v 1.40004 -3.91665 -2.1
v 1.44309 -3.83249 -2.1
v 1.31622 -4.18682 -2.1
v 1.33637 -4.09447 -2.1
v 1.36438 -4.00419 -2.1
v 1.3 -4.375 -2.1
v 1.30406 -4.28056 -2.1
v 1.5751 -3.6473 0.9
v 1.5751 -3.6473 0.871239
v 1.71975 -3.51056 0.9
v 1.68402 -3.53972 0.635662
v 1.71379 -3.5152 0.550364
v 1.73963 -3.49528 0.462261
v 1.778 -3.46757 0.280581
v 1.79017 -3.45935 0.187899
v 1.79753 -3.45458 0.0942949
v 1.76112 -3.47947 0.372111
v 1.12837 -9.89999 1.06268
v 1.18954 -14.0 0.993725
v 1.1102 -14.0 1.08165
v 1.26194 -14.0 0.899989
v 1.19792 -9.89999 0.98361
v 1.26194 -9.89999 0.899989
v 0.932563 -14.0 1.23807
v 0.835311 -14.0 1.30566
v 0.889865 -9.89999 1.26911
v 0.973984 -9.89999 1.20576
v 1.05361 -9.89999 1.13684
v 1.02437 -14.0 1.16326
v 0.709718 -9.89999 1.37796
v 0.626774 -14.0 1.41762
v 0.614521 -9.89999 1.42297
v 0.80164 -9.89999 1.3266
v 0.733183 -14.0 1.36563
v 0.288181 -14.0 1.52297
v 0.313746 -9.89999 1.51791
v 0.403622 -14.0 1.49653
v 0.516706 -14.0 1.46134
v 0.416078 -9.89999 1.49311
v 0.51649 -9.89999 1.46141
v 0.0529353 -14.0 1.5491
v 1.09442E-5 -9.89999 1.55002
v 0.105245 -9.89999 1.54642
v 0.209969 -9.89999 1.53571
v 0.171057 -14.0 1.54053
v -0.220598 -9.89999 1.53422
v -0.300522 -14.0 1.52059
v -0.32949 -9.89999 1.51457
v -0.110581 -9.89999 1.54605
v -0.0654959 -14.0 1.54862
v -0.183545 -14.0 1.53909
v -0.643916 -9.89999 1.40991
v -0.54169 -9.89999 1.45226
v -0.63825 -14.0 1.41249
v -0.52854 -14.0 1.4571
v -0.436703 -9.89999 1.48721
v -0.415745 -14.0 1.4932
v -0.845872 -14.0 1.29885
v -0.92891 -9.89999 1.24082
v -0.838021 -9.89999 1.30392
v -0.744234 -14.0 1.35964
v -0.742861 -9.89999 1.36038
v -1.09604 -9.89999 1.09599
v -1.11893 -14.0 1.07261
v -1.17144 -9.89999 1.01501
v -1.01506 -9.89999 1.17139
v -0.942573 -14.0 1.23047
v -1.03377 -14.0 1.15491
v -1.24086 -9.89999 0.92885
v -1.2692 -14.0 0.889737
v -1.30396 -9.89999 0.837958
v -1.19756 -14.0 0.984046
v -1.33343 -14.0 0.790233
v -1.36043 -9.89999 0.742799
v -1.40995 -9.89999 0.643857
v -1.38987 -14.0 0.686117
v -1.4382 -14.0 0.577994
v -1.45229 -9.89999 0.541636
v -1.47813 -14.0 0.466498
v -1.48723 -9.89999 0.436657
v -1.51458 -9.89999 0.329453
v -1.50944 -14.0 0.352277
v -1.53193 -14.0 0.236
v -1.53422 -9.89999 0.220571
v -1.54548 -14.0 0.118346
v -1.54604 -9.89999 0.110581
v -1.54999 -9.89999 -5.61611E-6
v -1.54999 -14.0 -5.61611E-6
v -0.256167 -9.59999 1.78167
v 5.78408E-7 -9.59999 1.8
v -0.128411 -9.59999 1.7954
v -0.629034 -9.59999 1.68652
v -0.507118 -9.59999 1.7271
v -0.382617 -9.59999 1.75887
v -0.973153 -9.59999 1.51426
v -0.862646 -9.59999 1.57983
v -0.747745 -9.59999 1.63735
v -1.2728 -9.59999 1.27279
v -1.17876 -9.59999 1.36035
v -1.0787 -9.59999 1.44097
v -1.51425 -9.59999 0.973153
v -1.36036 -9.59999 1.17875
v -1.44098 -9.59999 1.0787
v -1.6865 -9.59999 0.629034
v -1.63733 -9.59999 0.747745
v -1.57982 -9.59999 0.862646
v -1.78168 -9.59999 0.256167
v -1.75886 -9.59999 0.382618
v -1.72708 -9.59999 0.507118
v -1.54605 -9.89999 -0.110579
v -1.53423 -9.89999 -0.220573
v -1.79542 -9.59999 0.128411
v -1.48722 -9.89999 -0.436659
v -1.45228 -9.89999 -0.541637
v -1.51459 -9.89999 -0.329456
v -1.30395 -9.89999 -0.837949
v -1.36041 -9.89999 -0.742793
v -1.40994 -9.89999 -0.643854
v -1.17143 -9.89999 -1.015
v -1.09604 -9.89999 -1.09599
v -1.24085 -9.89999 -0.928838
v -1.01507 -9.89999 -1.17139
v -0.928927 -9.89999 -1.24082
v -0.838045 -9.89999 -1.30393
v -0.742886 -9.89999 -1.3604
v -0.643936 -9.89999 -1.40992
v -0.541699 -9.89999 -1.45226
v -0.4367 -9.89999 -1.48721
v -0.329479 -9.89999 -1.51458
v -0.220583 -9.89999 -1.53424
v -0.110567 -9.89999 -1.54607
v 4.98074E-7 -9.89999 -1.55
v 1.49227 -9.59999 1.00655
v 1.55884 -9.59999 0.899996
v 1.40486 -9.75789 0.9
v 1.41842 -9.59999 1.10819
v 1.15703 -9.59999 1.37888
v 1.25039 -9.59999 1.29481
v 1.33767 -9.59999 1.20444
v 0.845047 -9.59999 1.58931
v 0.953854 -9.59999 1.52649
v 1.05802 -9.59999 1.45623
v 0.615635 -9.59999 1.69146
v 0.496147 -9.59999 1.73028
v 0.732124 -9.59999 1.64439
v 0.374241 -9.59999 1.76067
v 0.250512 -9.59999 1.78248
v 0.125562 -9.59999 1.79561
v 0.612693 -11.5147 2.0001
v 0.704848 -11.4437 2.0
v 0.602464 -11.4906 2.0001
v 0.521468 -11.4442 2.0001
v 0.526685 -11.3244 2.0
v 0.506991 -11.4437 2.0001
v -3.15 -9.025 2.0
v -3.25 -6.5 2.0
v -3.25 -9.025 2.0
v 0.478233 -11.1211 2.0
v 3.15 -9.025 2.0
v 3.15 -6.5 2.0
v -0.802027 -11.0697 2.0001
v -1.22416 -11.5083 2.0001
v -1.14134 -11.4988 2.0001
v -1.24256 -11.4807 2.0001
v 0.307267 -11.1324 2.0
v 0.450159 -11.1211 2.0
v 0.294276 -11.1271 2.0
v -1.3451 -11.372 2.0001
v -1.3319 -11.3284 2.0001
v -3.15 -10.025 2.0
v -0.0142357 -11.1197 2.0001
v 0.0480328 -11.1211 2.0
v -0.0408665 -11.1176 2.0
v 0.319478 -11.1393 2.0
v -0.685909 -11.5596 2.0
v -0.688801 -11.4771 2.0
v -0.694584 -11.5581 2.0
v -0.707598 -11.2057 2.0001
v -0.733626 -11.4005 2.0
v -0.682768 -11.2323 2.0001
v -0.891804 -11.0702 2.0001
v -0.844967 -11.0665 2.0
v -0.805406 -11.1569 2.0001
v -0.769595 -11.1673 2.0001
v -0.978969 -11.0988 2.0001
v -0.936607 -11.0811 2.0001
v -1.00279 -11.2291 2.0001
v -0.949214 -11.4812 2.0001
v -0.978171 -11.2034 2.0001
v -0.927388 -11.5017 2.0
v -1.14746 -11.1858 2.0001
v -1.01849 -11.1229 2.0
v -1.16886 -11.1898 2.0001
v -1.12571 -11.1839 2.0001
v -1.10379 -11.1841 2.0001
v -1.05247 -11.152 2.0001
v -1.18986 -11.1958 2.0001
v -1.02268 -11.2589 2.0001
v -1.03728 -11.2921 2.0
v -0.975106 -11.4658 2.0001
v -1.08211 -11.1865 2.0
v -0.949378 -11.1824 2.0001
v -1.06609 -11.4558 2.0001
v -1.03584 -11.4526 2.0
v -1.06069 -11.2807 2.0001
v -1.08666 -11.2731 2.0001
v -1.21015 -11.2037 2.0001
v -1.11392 -11.2704 2.0
v -1.09421 -11.4651 2.0001
v -1.22965 -11.2135 2.0001
v -1.17737 -11.2851 2.0001
v -1.20422 -11.3022 2.0001
v -1.11952 -11.4797 2.0001
v -1.22665 -11.3247 2.0001
v -1.26536 -11.2382 2.0001
v -1.24812 -11.225 2.0001
v -1.24376 -11.3515 2.0001
v -1.31058 -11.2883 2.0001
v -1.28166 -11.253 2.0
v -1.25468 -11.3819 2.0001
v -1.25852 -11.415 2.0
v -1.03584 -11.7432 2.0
v -1.0668 -11.7399 2.0001
v -3.15 -14.0 2.0
v -1.34962 -11.4179 2.0
v -1.34562 -11.4608 2.0001
v -1.33389 -11.5021 2.0001
v -1.25435 -11.4494 2.0001
v -1.31485 -11.5407 2.0001
v -1.25472 -11.6063 2.0001
v -1.28889 -11.5755 2.0
v -1.21605 -11.6295 2.0001
v -1.16092 -11.6722 2.0001
v -1.17321 -11.6449 2.0
v -1.14338 -11.6961 2.0001
v -1.09555 -11.7306 2.0001
v -1.12133 -11.7157 2.0001
v -1.00279 -11.7394 2.0001
v -0.612163 -11.6478 2.0
v -0.697476 -11.6478 2.0
v -0.972391 -11.7285 2.0001
v -0.540406 -11.6277 2.0001
v -0.575132 -11.6411 2.0001
v -0.260515 -11.6471 2.0
v -0.520323 -11.4754 2.0001
v -0.520765 -11.4168 2.0001
v -0.532152 -11.3899 2.0001
v -0.891239 -11.5842 2.0
v -0.73941 -11.6029 2.0
v -0.735863 -11.5856 2.0001
v -0.662953 -11.2631 2.0001
v -0.648833 -11.2972 2.0001
v -0.530545 -11.5014 2.0001
v -0.516728 -11.4468 2.0
v -0.567498 -11.5416 2.0001
v -0.592542 -11.5538 2.0001
v -1.00425 -11.456 2.0001
v -1.15898 -11.5219 2.0001
v -1.20022 -11.531 2.0001
v -1.17176 -11.548 2.0
v -1.14697 -11.2742 2.0001
v -0.916967 -11.1666 2.0001
v -0.881496 -11.1567 2.0001
v -0.843521 -11.1532 2.0
v -0.736767 -11.1837 2.0001
v -0.641083 -11.334 2.0
v -0.629515 -11.334 2.0
v -0.599571 -11.338 2.0001
v -0.57264 -11.3494 2.0001
v 0.585432 -11.4706 2.0
v -0.427077 -11.4453 2.0
v -0.430556 -11.4829 2.0001
v -0.260515 -11.4437 2.0
v -0.549805 -11.3671 2.0001
v -0.546552 -11.5238 2.0001
v 0.0660054 -11.5844 2.0
v 0.0528653 -11.5787 2.0
v 0.0446926 -11.6262 2.0001
v -0.440814 -11.5189 2.0001
v -0.891239 -11.5986 2.0
v -0.727119 -11.6335 2.0001
v -0.905994 -11.6621 2.0001
v -0.923109 -11.6889 2.0001
v -0.736111 -11.6195 2.0001
v -0.895075 -11.6317 2.0001
v -0.713789 -11.6434 2.0001
v -0.945537 -11.7113 2.0001
v -0.726215 -11.5713 2.0001
v -0.620839 -11.5596 2.0
v -0.711959 -11.5617 2.0001
v -0.0996453 -11.6476 2.0001
v -0.151133 -11.6471 2.0
v -0.0806892 -11.6505 2.0
v 0.175562 -11.7116 2.0001
v 0.4647 -11.6471 2.0001
v 0.450523 -11.6471 2.0
v -0.431137 -11.4089 2.0001
v -0.260515 -11.3244 2.0
v -0.441672 -11.3744 2.0001
v -0.260515 -11.1211 2.0
v -0.506058 -11.2897 2.0001
v -0.479739 -11.3141 2.0001
v 0.328975 -11.6239 2.0
v 0.401706 -11.5555 2.0
v 0.328975 -11.5555 2.0
v 3.15 -10.025 2.0
v 0.810383 -11.6471 2.0
v 3.15 -14.0 2.0
v 0.627386 -11.6471 2.0
v 0.612693 -11.5722 2.0001
v 0.401706 -11.3244 2.0
v 0.46464 -11.4437 2.0001
v 0.732921 -11.4437 2.0
v -0.589831 -11.2141 2.0001
v -0.536424 -11.27 2.0001
v -0.61618 -11.1758 2.0001
v -0.57023 -11.2559 2.0
v 0.555695 -11.3244 2.0
v 0.535225 -11.4462 2.0001
v 0.548965 -11.4498 2.0001
v 0.656395 -11.6471 2.0
v 0.760631 -11.5914 2.0
v 0.675943 -11.5914 2.0
v 0.781374 -11.6471 2.0
v 0.450523 -11.4437 2.0
v 0.407477 -11.4437 2.0
v 0.407477 -11.4671 2.0
v 0.602464 -11.5975 2.0001
v 0.585432 -11.6186 2.0
v 0.616105 -11.5428 2.0
v 0.372697 -11.3244 2.0
v 0.574166 -11.462 2.0001
v 0.492874 -11.4437 2.0001
v 0.478757 -11.4437 2.0001
v 0.209951 -11.1211 2.0
v 0.195834 -11.1211 2.0
v 0.328975 -11.5322 2.0
v 0.401706 -11.5322 2.0
v 0.328975 -11.4671 2.0
v 0.141091 -11.7134 2.0
v -0.0355117 -11.6471 2.0
v -0.457578 -11.5525 2.0001
v 0.507274 -11.6471 2.0001
v 0.493053 -11.6471 2.0001
v 0.478876 -11.6471 2.0001
v 0.521813 -11.6463 2.0001
v 0.549316 -11.6403 2.0001
v 0.535504 -11.6442 2.0001
v 0.574347 -11.6276 2.0001
v 0.56223 -11.6348 2.0001
v 0.412104 -11.6239 2.0
v -0.0100377 -11.6471 2.0
v 0.0244823 -11.6157 2.0
v -0.0100377 -11.5536 2.0
v 0.0480328 -11.3244 2.0
v 0.0592102 -11.5014 2.0001
v 0.0812011 -11.4985 2.0
v 0.358004 -11.192 2.0001
v 0.347776 -11.168 2.0001
v -0.480578 -11.5827 2.0
v -0.508662 -11.6081 2.0001
v 0.412104 -11.6471 2.0
v 0.042743 -11.6483 2.0001
v 0.0964335 -11.6101 2.0
v 0.0898831 -11.5962 2.0
v 0.0917352 -11.6225 2.0001
v 0.106207 -11.639 2.0
v 0.0874656 -11.6476 2.0001
v 0.141091 -11.6907 2.0
v 0.0417107 -11.5726 2.0
v 0.122583 -11.6076 2.0
v 0.118489 -11.6254 2.0001
v 0.192819 -11.6468 2.0
v 0.174899 -11.6846 2.0001
v 0.181642 -11.6732 2.0
v 0.155544 -11.6937 2.0
v 0.192336 -11.5824 2.0
v 0.219654 -11.5824 2.0
v 0.178333 -11.5421 2.0
v 0.0797807 -11.6284 2.0001
v -0.0428745 -11.5281 2.0001
v -0.0520707 -11.5214 2.0001
v -0.0373532 -11.5392 2.0001
v 0.114057 -11.5835 2.0001
v 0.115617 -11.5297 2.0
v 0.10102 -11.5737 2.0
v 0.234258 -11.5421 2.0
v 0.147018 -11.2328 2.0
v 0.195834 -11.3244 2.0001
v 0.0586383 -11.5246 2.0
v 0.0564549 -11.5522 2.0
v 0.0675218 -11.5205 2.0001
v 0.0787057 -11.5192 2.0
v 0.0865961 -11.5668 2.0
v 0.0982531 -11.5218 2.0001
v 0.0947959 -11.6024 2.0001
v 0.0663845 -11.6297 2.0
v 0.0528352 -11.5308 2.0001
v 0.0508921 -11.5387 2.0
v 0.0522893 -11.5465 2.0001
v 0.361416 -11.2201 2.0
v 0.358004 -11.2496 2.0001
v 0.0708275 -11.5602 2.0
v 0.0990719 -11.5001 2.0001
v 0.248862 -11.5018 2.0001
v 0.16433 -11.5018 2.0
v 0.275272 -11.5018 2.0
v 0.302722 -11.6471 2.0
v 0.302722 -11.4437 2.0
v 0.120445 -11.5944 2.0001
v 0.13584 -11.5018 2.0
v 0.157415 -11.3244 2.0
v 0.0742867 -11.2328 2.0
v 0.0742867 -11.3012 2.0
v -0.0827514 -11.2949 2.0001
v -0.114894 -11.249 2.0
v -0.0974293 -11.283 2.0001
v -0.16153 -11.5555 2.0
v -0.234261 -11.5555 2.0
v -0.234261 -11.6239 2.0
v 0.0318646 -11.564 2.0001
v 0.0783265 -11.5896 2.0
v 0.0287258 -11.5236 2.0001
v -0.0121396 -11.5337 2.0001
v 0.0246383 -11.541 2.0
v -0.0625454 -11.4985 2.0
v -0.0489766 -11.3279 2.0
v -0.0761836 -11.3248 2.0001
v 0.505942 -11.2688 2.0
v 0.330743 -11.148 2.0001
v 0.210011 -11.3244 2.0
v 0.421254 -11.2688 2.0
v 0.561956 -11.455 2.0001
v 0.294628 -11.3177 2.0
v 0.280815 -11.3215 2.0
v 0.0409625 -11.51 2.0
v 0.347776 -11.2748 2.0001
v 0.330743 -11.2959 2.0
v -0.648313 -11.1417 2.0
v 0.0742867 -11.2095 2.0
v 0.147018 -11.2095 2.0
v 0.0742867 -11.1445 2.0
v 0.152788 -11.1211 2.0
v 0.238186 -11.1211 2.0
v 0.224069 -11.1211 2.0
v 0.280536 -11.1235 2.0
v 0.266779 -11.1216 2.0
v 0.252303 -11.1211 2.0
v 0.152788 -11.1445 2.0
v -0.760336 -11.0792 2.0001
v -0.234261 -11.1211 2.0
v 0.224188 -11.3244 2.0
v 0.252585 -11.3244 2.0
v 0.238364 -11.3244 2.0
v 0.267125 -11.3237 2.0
v 0.307541 -11.3122 2.0
v 0.319659 -11.3049 2.0
v -0.0649369 -11.5192 2.0
v -0.0785577 -11.5608 2.0
v 0.157415 -11.3012 2.0
v 0.00732629 -11.2908 2.0
v 0.00732629 -11.1259 2.0
v -0.0355117 -11.5547 2.0
v -0.458075 -11.3426 2.0001
v -0.72045 -11.0946 2.0001
v -0.682924 -11.1155 2.0001
v -0.15576 -11.4437 2.0
v -0.0892477 -11.5019 2.0001
v -0.131899 -11.1697 2.0001
v -0.141686 -11.196 2.0001
v -0.105266 -11.2728 2.0
v -0.111045 -11.2614 2.0
v -0.028948 -11.5073 2.0001
v -0.0184439 -11.5183 2.0001
v -0.0653355 -11.3021 2.0001
v -0.116862 -11.2365 2.0
v 0.00732629 -11.316 2.0
v -0.0994742 -11.3155 2.0001
v -0.118848 -11.3001 2.0
v -0.153264 -11.3244 2.0
v -0.133355 -11.2796 2.0001
v -0.153264 -11.3012 2.0
v -0.16153 -11.5322 2.0
v -0.112558 -11.512 2.0
v -0.15576 -11.4671 2.0
v -0.144946 -11.2266 2.0
v -0.234261 -11.3012 2.0
v -0.0451815 -11.3045 2.0
v -0.11738 -11.2232 2.0
v -0.103989 -11.174 2.0
v -0.110015 -11.1853 2.0
v -0.114167 -11.1976 2.0
v -0.116506 -11.21 2.0
v -0.14205 -11.2551 2.0001
v -0.0960256 -11.1639 2.0
v -0.0803407 -11.1513 2.0001
v -0.115573 -11.1476 2.0
v -0.0406066 -11.1413 2.0
v -0.0618715 -11.1438 2.0001
v -0.0169586 -11.3011 2.0001
v -0.0693039 -11.121 2.0001
v 0.00732629 -11.1534 2.0
v -0.0155679 -11.1443 2.0001
v -0.0942061 -11.1309 2.0001
v -0.0436493 -11.5007 2.0001
v -0.0179788 -11.3249 2.0001
v -0.114273 -11.6391 2.0
v -0.234261 -11.5322 2.0
v -0.234261 -11.4671 2.0
v -0.151133 -11.6239 2.0
v -0.112558 -11.5368 2.0
v -0.114702 -11.576 2.0001
v -0.0996421 -11.5662 2.0001
v 0.0244823 -11.642 2.0
v 0.0264383 -11.5535 2.0001
v -0.0898976 -11.5236 2.0001
v -0.123738 -11.59 2.0001
v -0.12675 -11.6082 2.0
v -0.123631 -11.6257 2.0001
v -0.0626706 -11.6476 2.0001
v 0.0638891 -11.6505 2.0
v -0.047829 -11.639 2.0001
v -0.0355117 -11.6246 2.0
v 0.148434 -11.6929 2.0001
v 0.2054 -11.6229 2.0001
v 0.190459 -11.7007 2.0001
v 0.115617 -11.5049 2.0
v 0.166203 -11.6914 2.0001
v 0.209351 -11.669 2.0
v 0.201385 -11.6858 2.0001
v 0.148603 -11.715 2.0001
v 0.157519 -11.7155 2.0
v 0.801639 -9.89999 -1.32659
v 0.889866 -9.89999 -1.26911
v 0.973987 -9.89999 -1.20576
v 1.05361 -9.89999 -1.13685
v 1.12837 -9.89999 -1.06268
v 1.19792 -9.89999 -0.983606
v 1.26194 -9.89999 -0.899999
v 1.40486 -9.75789 -0.9
v 0.709713 -9.89999 -1.37795
v 0.614514 -9.89999 -1.42296
v 0.516482 -9.89999 -1.4614
v 0.41607 -9.89999 -1.4931
v 0.313742 -9.89999 -1.51791
v 0.20997 -9.89999 -1.53571
v 0.105252 -9.89999 -1.54643
v -0.52854 -14.0 -1.4571
v -0.415745 -14.0 -1.4932
v -0.300522 -14.0 -1.52059
v -0.183545 -14.0 -1.53909
v -0.0654959 -14.0 -1.54862
v 0.0529353 -14.0 -1.5491
v 0.171057 -14.0 -1.54053
v 0.288181 -14.0 -1.52297
v 0.403622 -14.0 -1.49653
v 0.516706 -14.0 -1.46134
v 0.626774 -14.0 -1.41762
v 0.733183 -14.0 -1.36563
v 0.835311 -14.0 -1.30566
v 0.932563 -14.0 -1.23807
v 1.02437 -14.0 -1.16326
v 1.1102 -14.0 -1.08165
v 1.18954 -14.0 -0.993725
v 1.26194 -14.0 -0.899989
v -0.63825 -14.0 -1.41249
v -0.744234 -14.0 -1.35964
v -0.845872 -14.0 -1.29885
v -0.942573 -14.0 -1.23047
v -1.03377 -14.0 -1.15491
v -1.11893 -14.0 -1.07261
v -1.19756 -14.0 -0.984046
v -1.2692 -14.0 -0.889737
v -1.33343 -14.0 -0.790233
v -1.38987 -14.0 -0.686117
v -1.4382 -14.0 -0.577994
v -1.47813 -14.0 -0.466498
v -1.50944 -14.0 -0.352277
v -1.53193 -14.0 -0.236
v -1.54548 -14.0 -0.118346
v 1.49319 -4.99766 -2.1
v 1.73907 -5.2543 -1.3
v 1.55 -5.07321 -1.3
v 1.67131 -5.19902 -1.3
v 1.61587 -5.14645 0.9
v 1.63766 -5.16821 0.747035
v 1.59921 -5.12926 0.826132
v 1.60815 -5.13853 -1.3
v 1.70631 -5.22878 0.573148
v 1.67356 -5.20121 0.66271
v 1.67754 -5.20449 0.9
v 1.55 -5.07321 -2.1
v 1.44309 -4.91751 -2.1
v 1.75803 -5.26827 0.38645
v 1.7435 -5.25761 0.9
v 1.77606 -5.28098 0.292631
v 1.73526 -5.25143 0.478382
v 1.88667 -5.34787 -1.3
v 1.81334 -5.3055 0.9
v 1.88667 -5.34787 0.9
v 1.81101 -5.30402 -1.3
v 1.40004 -4.83335 -2.1
v 1.36438 -4.74581 -2.1
v 1.33637 -4.65553 -2.1
v 1.30406 -4.46944 -2.1
v 1.31622 -4.56318 -2.1
v 1.55885 -5.08384 0.9
v 1.79725 -5.29515 0.0994215
v 1.78919 -5.28987 0.196963
v 3.74911 -9.49444 1.70045
v 3.74572 -9.45974 -0.65
v 3.74624 -9.46363 1.70188
v 3.67672 -9.26439 1.73664
v 3.69153 -9.29035 1.72923
v 3.68301 -9.275 -0.65
v 3.71194 -9.33366 -0.65
v 3.72668 -9.37401 1.71166
v 3.73296 -9.39559 -0.65
v 3.5 -9.09199 -0.65
v 3.51422 -9.10055 1.81789
v 3.53803 -9.1163 1.80598
v 3.60355 -9.17145 -0.65
v 3.60402 -9.17192 1.77299
v 3.62399 -9.19315 1.76301
v 3.31526 -9.02928 -0.65
v 3.35941 -9.03716 1.89529
v 3.37941 -9.04204 -0.65
v 3.41286 -9.05231 1.86857
v 3.44134 -9.06306 -0.65
v 3.33226 -9.03186 1.90887
v 3.30494 -9.02802 1.92253
v 3.25 -9.025 -0.65
v 3.27746 -9.02575 1.93627
v 3.25 -9.0249 1.95
v 3.38635 -9.04398 1.88183
v 3.43908 -9.06215 1.85546
v 3.46466 -9.07347 1.84267
v 3.48985 -9.08629 1.83007
v 3.55438 -9.12832 -0.65
v 3.58295 -9.15199 1.78353
v 3.56089 -9.13343 1.79456
v 3.64668 -9.22062 -0.65
v 3.64287 -9.21571 1.75357
v 3.66043 -9.23943 1.74479
v 3.70488 -9.31739 1.72256
v 3.7166 -9.34526 1.7167
v 3.735 -9.40335 1.7075
v 3.74157 -9.43337 1.70422
v 2.8 -7.8 1.05
v 2.57 -7.8 1.05
v 2.57 -7.65 0.9
v 2.8 -7.65 0.9
v 2.8 -7.8 1.56
v 2.57 -7.8 1.56
v 2.47 -14.0 0.9
v 2.57 -13.9 0.9
v 2.57 -13.9 1.56
v 2.47 -14.0 1.66
v 2.585 -10.1195 -1.265
v 2.785 -10.1195 -1.265
v 2.785 -10.7005 -1.265
v 2.585 -10.7005 -1.265
v 2.585 -12.2995 -1.265
v 2.785 -12.4995 -1.265
v 2.585 -12.4995 -1.265
v 2.785 -12.2995 -1.265
v 2.585 -12.6591 -1.29
v 2.785 -12.6591 -1.29
v 2.785 -12.6591 1.56
v 2.585 -12.4995 1.535
v 2.585 -12.6591 1.56
v 2.785 -12.4995 1.535
v 2.585 -10.1195 1.535
v 2.785 -10.1195 1.535
v 2.785 -10.1084 1.54818
v 2.585 -10.1084 1.54818
v 2.785 -10.0958 1.56
v 2.585 -10.0958 1.56
v 2.785 -9.70405 1.56
v 2.585 -9.49953 1.535
v 2.585 -9.70405 1.56
v 2.785 -9.49953 1.535
v 2.585 -8.29953 1.535
v 2.785 -8.29953 1.535
v 2.585 -8.10669 1.46481
v 2.785 -8.10669 1.46481
v 2.785 -8.06971 1.42784
v 2.785 -8.19692 1.51691
v 2.785 -8.14953 1.49481
v 2.585 -8.19692 1.51691
v 2.585 -8.14953 1.49481
v 2.585 -8.24743 1.53044
v 2.785 -8.24743 1.53044
v 2.585 -8.06971 1.42784
v 2.585 -8.03972 1.385
v 2.785 -8.03972 1.385
v 2.785 -8.01762 1.33761
v 2.585 -8.01762 1.33761
v 2.785 -8.00408 1.28709
v 2.585 -8.00408 1.28709
v 2.785 -7.99953 1.235
v 2.585 -7.99953 1.235
v 2.585 -7.99953 0.944197
v 2.785 -7.99953 0.944197
v 2.585 -7.91368 0.779976
v 2.585 -7.94301 0.804873
v 2.785 -7.94301 0.804873
v 2.785 -7.91368 0.779976
v 2.585 -7.88012 0.761156
v 2.785 -7.88012 0.761156
v 2.585 -7.84358 0.74911
v 2.585 -7.80541 0.744284
v 2.785 -7.84358 0.74911
v 2.785 -7.80541 0.744284
v 2.785 -7.96704 0.834926
v 2.785 -7.98486 0.869023
v 2.585 -7.96704 0.834926
v 2.585 -7.98486 0.869023
v 2.785 -7.99583 0.905901
v 2.585 -7.99583 0.905901
v 2.685 -7.19953 0.726443
v 2.585 -7.19953 0.726443
v 2.785 -7.19953 0.726443
v 3.165 -13.0002 -1.6
v 3.165 -13.9998 -0.95
v 3.165 -13.0002 -0.95
v 3.165 -13.9998 -1.6
v 3.10852 -13.9998 -1.71727
v 3.10852 -13.0002 -1.71727
v 3.08008 -13.9998 -1.73515
v 3.08008 -13.0002 -1.73515
v 3.04838 -13.9998 -1.74624
v 3.015 -13.9998 -1.75
v 3.04838 -13.0002 -1.74624
v 3.015 -13.0002 -1.75
v 3.13227 -13.0002 -1.69352
v 3.13227 -13.9998 -1.69352
v 3.15015 -13.0002 -1.66508
v 3.15015 -13.9998 -1.66508
v 3.16124 -13.9998 -1.63338
v 3.16124 -13.0002 -1.63338
v 2.05 -13.0002 -1.75
v 2.05 -13.9998 -1.75
v 2.95 -10.75 -0.55
v 3.15 -14.0 -0.55
v 2.95 -14.0 -0.55
v 3.15 -10.75 -0.55
v -2.8 -8.475 0.9
v -2.57 -8.325 1.05
v -2.57 -8.475 0.9
v -2.8 -8.325 1.05
v -2.8 -8.715 -0.275
v -2.6 -8.7 -0.2
v -2.8 -8.7 -0.2
v -2.6 -8.715 -0.275
v -2.8 -6.265 -1.0
v -2.6 -6.3 -1.0
v -2.8 -6.3 -1.0
v -2.6 -6.265 -1.0
v -2.6 -6.3 -1.5
v -2.8 -6.3 -1.5
v -2.8 -6.3 -1.35
v -2.8 -6.3 -1.23333
v -2.8 -6.3 -1.11667
v -2.8 -6.425 0.9
v -2.57 -6.575 1.05
v -2.8 -6.575 1.05
v -2.57 -6.425 0.9
v -2.8 -6.265 0.9
v -2.57 -6.265 0.9
v -2.57 -6.575 -1.35
v -2.57 -6.265 -1.35
v -1.52 -5.95 -1.95
v -1.52 -6.575 -1.4
v -1.52 -6.575 -1.95
v -1.52 -5.95 -1.4
v -1.3 -5.95 -1.4
v -1.3 -6.575 -1.4
v 2.4 -4.2 -0.55
v 2.75 -5.4 -0.55
v 2.4 -5.4 -0.55
v 2.75 -4.2 -0.55
v 2.20318 -3.61838 -0.175
v 2.20318 -5.23162 -0.175
v 2.22076 -5.28387 -0.175
v 2.22076 -3.56613 -0.175
v 2.17899 -5.18209 -0.175
v 2.17899 -3.66791 -0.175
v 2.14859 -3.7139 -0.175
v 2.14859 -5.1361 -0.175
v 2.035 -3.86363 -0.175
v 2.035 -4.98637 -0.175
v 2.23142 -5.33796 -0.175
v 2.235 -5.39297 -0.175
v 2.23142 -3.51204 -0.175
v 2.235 -3.45703 -0.175
v 2.035 -2.85 -0.413516
v 2.035 -2.925 -0.05
v 2.235 -2.925 -0.05
v 2.235 -2.85 -0.413516
v 2.4 -2.7 -1.3
v 2.75 -4.2 -1.3
v 2.4 -4.2 -1.3
v 2.75 -2.7 -1.3
v -0.432825 -0.856333 1.95
v -0.461088 -0.871942 1.73993
v -0.384987 -0.832732 1.75833
v -0.26835 -0.788769 1.95
v -0.352235 -0.818541 1.95
v -0.305028 -0.800637 1.77396
v -0.136333 -0.75948 1.79482
v -0.0939054 -0.754335 1.95
v -0.181967 -0.767299 1.95
v -0.221879 -0.776094 1.78626
v -0.509356 -0.901786 1.95
v 0.342235 -0.818541 1.95
v 0.374246 -0.832427 1.76067
v 0.422825 -0.856333 1.95
v 0.294179 -0.800374 1.7758
v 0.450472 -0.871613 1.74274
v 0.499356 -0.901786 1.95
v 0.571101 -0.95447 1.95
v 0.522289 -0.917482 1.72258
v 0.589227 -0.96959 1.70085
v 0.650881 -1.02751 1.67822
v 0.637381 -1.01388 1.95
v 0.706881 -1.09085 1.65541
v 0.697566 -1.07946 1.95
v 0.751086 -1.15059 1.95
v 0.756873 -1.15922 1.63315
v 0.800473 -1.23222 1.61223
v 0.797432 -1.22658 1.95
v 0.837299 -1.3094 1.59341
v 0.836165 -1.30672 1.95
v 0.866912 -1.39026 1.95
v 0.866912 -1.39026 1.57748
v -0.599594 -0.969898 1.69718
v -0.581101 -0.95447 1.95
v -0.647381 -1.01388 1.95
v -0.0492904 -0.751071 1.79931
v 0.0382698 -0.751025 1.79958
v -0.005 -0.75 1.95
v -0.532778 -0.917812 1.71933
v 0.12534 -0.759347 1.79562
v 0.0839054 -0.754335 1.95
v 0.210945 -0.775887 1.78759
v 0.25835 -0.788769 1.95
v 0.171967 -0.767299 1.95
v -0.707566 -1.07946 1.95
v -0.661138 -1.02778 1.67417
v -0.761086 -1.15059 1.95
v -0.717047 -1.09107 1.65101
v -0.76697 -1.15937 1.62843
v -0.807432 -1.22658 1.95
v -0.846165 -1.30672 1.95
v -0.810521 -1.23231 1.60719
v -0.876912 -1.39026 1.95
v -0.847312 -1.30945 1.5881
v -0.876912 -1.39026 1.57195
v -1.081 -2.04068 1.43925
v -1.01323 -1.82468 1.48774
v -0.945183 -1.60783 1.53187
v -1.53062 -3.47368 1.95
v -1.14846 -2.25567 1.38602
v -1.21553 -2.46942 1.3276
v -1.28212 -2.68166 1.2634
v -1.34812 -2.89201 1.19272
v -1.60163 -3.7 1.95
v -1.41337 -3.09997 1.11462
v -1.54057 -3.5054 0.930917
v -1.47763 -3.3048 1.0279
v -1.60163 -3.7 0.821441
v 1.59163 -3.7 0.9
v 1.4906 -3.7 1.00902
v 1.59163 -3.7 1.95
v -1.01132 -3.7 1.48904
v -1.11507 -3.7 1.41302
v 1.55885 -3.7 0.9
v 1.41474 -3.7 1.11289
v -0.550358 -3.7 1.71381
v -0.671333 -3.7 1.67014
v 1.33167 -3.7 1.21107
v 1.24179 -3.7 1.30307
v 1.14556 -3.7 1.38842
v 1.04349 -3.7 1.46667
v 0.936087 -3.7 1.53745
v 0.823908 -3.7 1.60037
v 0.707525 -3.7 1.65513
v 0.587529 -3.7 1.70143
v 0.464533 -3.7 1.73903
v 0.339165 -3.7 1.76776
v 0.212066 -3.7 1.78746
v 0.0838829 -3.7 1.79803
v -0.0447281 -3.7 1.79943
v -0.173111 -3.7 1.79165
v -0.300609 -3.7 1.77472
v -0.426573 -3.7 1.74873
v -0.788881 -3.7 1.61793
v -0.902401 -3.7 1.55746
v -1.21313 -3.7 1.32979
v -1.30499 -3.7 1.23977
v -1.39019 -3.7 1.14341
v -1.46828 -3.7 1.04122
v -1.53888 -3.7 0.933714
v 0.933397 -1.60213 1.53908
v 0.999671 -1.81335 1.49688
v 1.0657 -2.02379 1.45061
v 1.52062 -3.47368 1.95
v 1.13145 -2.23331 1.39994
v 1.19684 -2.44171 1.34447
v 1.2618 -2.64877 1.28369
v 1.32625 -2.85416 1.217
v 1.39003 -3.05746 1.1436
v 1.45298 -3.25808 1.06249
v 1.5148 -3.45514 0.972302
v -3.25 -10.025 -0.65
v -3.25 -10.025 1.95
v -3.15 -10.025 -0.65
v -2.0 -9.025 -1.5
v -3.25 -9.025 -2.1
v -3.25 -9.025 -1.5
v -2.0 -9.025 -2.1
v -2.8 -11.85 -0.35
v -2.8 -13.05 -0.35
v -2.95 -13.05 -0.5
v -2.95 -11.85 -0.5
v -3.15 -11.85 -2.1
v -3.15 -11.85 -0.5
v -2.95 -11.85 -2.1
v -2.8 -11.85 -1.95
v -2.8 -10.9086 -1.95
v -2.95 -10.8624 -2.1
v -1.74773 -9.09213 -2.1
v -1.62364 -9.1764 -1.95
v -1.67 -8.83932 -2.1
v -1.52 -8.325 -1.95
v -1.52 -8.83931 -1.95
v -1.67 -8.325 -2.1
v -1.69852 -8.99697 -2.1
v -1.537 -8.98114 -1.95
v -1.55803 -9.04952 -1.95
v -1.58705 -9.11492 -1.95
v -1.72028 -9.04602 -2.1
v -1.68275 -8.94568 -2.1
v -1.52427 -8.91073 -1.95
v -1.6732 -8.89288 -2.1
v -3.15 -11.025 -2.1
v -3.75 -9.525 -2.1
v -3.75 -11.025 -2.1
v -3.74572 -9.45974 -2.1
v -3.73296 -9.39559 -2.1
v -3.68301 -9.275 -2.1
v -3.71194 -9.33366 -2.1
v -3.64668 -9.22062 -2.1
v -3.60355 -9.17144 -2.1
v -3.55438 -9.12832 -2.1
v -3.5 -9.09199 -2.1
v -3.44134 -9.06306 -2.1
v -3.37941 -9.04204 -2.1
v -3.31526 -9.02928 -2.1
v -2.0 -8.325 -2.1
v -3.15 -11.025 -0.65
v -3.75 -11.025 -0.65
v -3.75 -9.525 -0.65
v -3.74572 -9.59026 -0.65
v -3.68301 -9.775 -0.65
v -3.71194 -9.71634 -0.65
v -3.73296 -9.65441 -0.65
v -3.60355 -9.87856 -0.65
v -3.64668 -9.82938 -0.65
v -3.5 -9.95801 -0.65
v -3.55438 -9.92168 -0.65
v -3.44134 -9.98694 -0.65
v -3.37941 -10.008 -0.65
v -3.31526 -10.0207 -0.65
v -3.28028 -10.0241 1.93486
v -3.31044 -10.0213 1.91978
v -3.37026 -10.0103 1.88987
v -3.39985 -10.002 1.87507
v -3.34045 -10.0167 1.90478
v -3.45716 -9.98002 1.84642
v -3.42886 -9.99189 1.86057
v -3.51213 -9.95075 1.81894
v -3.53816 -9.93355 1.80592
v -3.48503 -9.96629 1.83249
v -3.5875 -9.89385 1.78125
v -3.56348 -9.9145 1.79326
v -3.65208 -9.82213 1.74896
v -3.63203 -9.84753 1.75899
v -3.61039 -9.87152 1.76981
v -3.70263 -9.73737 1.72368
v -3.67076 -9.7951 1.73962
v -3.73592 -9.64271 1.70704
v -3.74277 -9.60958 1.70361
v -3.71574 -9.70679 1.71713
v -3.7269 -9.67513 1.71155
v -3.7497 -9.5421 1.70015
v -3.74738 -9.57599 1.70131
v -3.74742 -9.47422 1.70129
v -3.74283 -9.44061 1.70359
v -3.74971 -9.50811 1.70015
v -3.72698 -9.37502 1.71151
v -3.71587 -9.34338 1.71707
v -3.73601 -9.40748 1.707
v -3.6708 -9.25491 1.7396
v -3.68767 -9.28319 1.73116
v -3.70272 -9.31274 1.72364
v -3.63212 -9.20248 1.75894
v -3.65226 -9.22798 1.74887
v -3.61057 -9.17856 1.76971
v -3.58765 -9.15617 1.78118
v -3.56358 -9.13552 1.79321
v -3.53837 -9.1165 1.80582
v -3.51214 -9.09917 1.81893
v -3.4852 -9.08375 1.8324
v -3.45736 -9.06999 1.84632
v -3.39994 -9.04799 1.87503
v -3.42882 -9.05802 1.86059
v -3.37049 -9.03972 1.88975
v -3.34055 -9.03323 1.90473
v -3.31041 -9.02863 1.9198
v -3.28016 -9.02588 1.93492
v -3.25 -9.025 0.8
v -3.25 -9.025 -0.35
v -3.25 -9.02508 1.95
v -3.68752 -9.76694 1.73124
v -3.20002 -9.025 1.97499
v -3.22506 -9.02494 1.96247
v -3.17501 -9.025 1.98749
v 3.15 -6.5 2.1
v -3.25 -6.5 2.1
v -2.95 -8.865 -1.5
v -2.8 -8.715 -1.35
v -2.57 -8.715 -1.35
v -2.42 -8.865 -1.5
v -2.8 -8.45 -1.35
v -2.8 -8.7 -1.35
v -2.95 -7.95 -1.5
v -2.8 -8.2 -1.35
v -2.8 -7.95 -1.35
v -2.8 -6.75 -0.35
v -2.8 -6.85 -0.35
v -2.805 -6.85 -0.354998
v -2.95 -6.75 -0.5
v -2.95 -7.95 -0.5
v -2.8 -7.95 -0.35
v -2.805 -7.85 -0.354998
v -2.8 -7.85 -0.35
v -3.25 -7.95 -1.5
v -3.25 -7.95 -0.5
v -3.25 -6.75 -0.5
v -3.25 -6.75 -1.5
v -2.95 -6.75 -1.5
v -2.8 -6.75 -1.35
v -2.0 -5.875 -1.5
v -3.25 -5.875 -2.1
v -2.0 -5.875 -2.1
v -3.25 -5.875 -1.5
v -1.78649 -0.0564765 0.409061
v -1.75441 -0.0564765 0.53002
v -1.76907 -0.0849175 0.405072
v -1.89311 -0.00376083 0.299294
v -1.90912 -0.00376083 0.169406
v -1.92608 -1.06317E-15 0.304505
v -1.76296 -0.0148547 0.666977
v -1.71333 -0.0148547 0.785731
v -1.73636 -0.0327252 0.656913
v -1.84921 -0.0327252 0.164089
v -1.87754 -0.0148547 0.166603
v -1.90081 -1.51962E-15 0.435236
v -1.94237 -6.01775E-16 0.172355
v -1.71415 -0.0564765 0.648509
v -1.77715 -0.0327252 0.536889
v -1.66589 -0.0564765 0.763974
v -1.69743 -0.0849175 0.642186
v -1.68748 -0.0327252 0.773875
v -1.63074 -0.0327252 0.88723
v -1.60987 -0.0564765 0.875879
v -1.54635 -0.0564765 0.9837
v -1.59418 -0.0849175 0.867338
v -1.22362 -0.0564765 1.36443
v -1.31388 -0.0564765 1.27774
v -1.23948 -0.0327252 1.38211
v -1.56639 -0.0327252 0.996448
v -1.49474 -0.0327252 1.10102
v -1.14227 -0.0327252 1.46347
v -1.33091 -0.0327252 1.2943
v -0.705063 -0.0327252 1.71739
v -0.810118 -0.0564765 1.64396
v -0.820617 -0.0327252 1.66527
v -1.03973 -0.0327252 1.53801
v -0.932346 -0.0327252 1.60538
v -1.02643 -0.0564765 1.51833
v -0.458703 -0.0564765 1.7744
v -0.336545 -0.0564765 1.80156
v -0.45423 -0.0849175 1.7571
v -0.696042 -0.0564765 1.69542
v -0.586222 -0.0327252 1.7615
v -0.0892405 -0.0327252 1.85432
v 0.0375116 -0.0327252 1.85609
v -0.0880988 -0.0564765 1.8306
v -0.340907 -0.0327252 1.82491
v -0.215576 -0.0327252 1.84391
v 0.283402 -0.0849175 1.79259
v 0.286192 -0.0564765 1.81024
v 0.40906 -0.0564765 1.78649
v 0.414361 -0.0327252 1.80964
v 0.773876 -0.0327252 1.6875
v 0.64851 -0.0564765 1.71416
v 0.656914 -0.0327252 1.73638
v 0.53689 -0.0327252 1.77716
v 0.996448 -0.0327252 1.5664
v 1.10102 -0.0327252 1.49474
v 0.9837 -0.0564765 1.54636
v 0.862036 -0.116622 1.58445
v 0.867338 -0.0849175 1.59419
v 0.974108 -0.0849175 1.53128
v 1.26529 -0.0849175 1.30106
v 1.27775 -0.0564765 1.31387
v 1.36443 -0.0564765 1.22361
v 1.18511 -0.0564765 1.398
v 1.17355 -0.0849175 1.38437
v 1.51833 -0.0564765 1.02643
v 1.43066 -0.0849175 1.11665
v 1.44475 -0.0564765 1.12765
v 1.38211 -0.0327252 1.23947
v 1.29431 -0.0327252 1.3309
v 1.53801 -0.0327252 1.03973
v 1.60537 -0.0327252 0.932347
v 1.46347 -0.0327252 1.14226
v 1.6954 -0.0564765 0.696042
v 1.76148 -0.0327252 0.586222
v 1.73895 -0.0564765 0.578722
v 1.71737 -0.0327252 0.705063
v 1.64395 -0.0564765 0.810119
v 1.66525 -0.0327252 0.820617
v 1.62792 -0.0849175 0.802219
v 1.74635 -0.116622 0.451454
v 1.75709 -0.0849175 0.45423
v 1.78399 -0.0849175 0.333264
v 1.79676 -0.15 0.107937
v 1.80168 -0.116622 0.0867065
v 1.79156 -0.116622 0.209455
v 1.80258 -0.0849175 0.210744
v 1.77309 -0.116622 0.331227
v 1.77091 -0.15 0.322305
v 1.67887 -0.0849175 0.689256
v 1.91441 -0.00376083 0.0921318
v 1.94775 -3.27277E-16 0.0937358
v 1.93681 -7.90598E-16 0.226436
v 1.90366 -0.00376083 0.222561
v 1.88274 -0.0148547 0.0906077
v 1.87217 -0.0148547 0.218879
v 1.58483 -0.0564765 0.920418
v 1.77439 -0.0564765 0.458703
v 1.72199 -0.0849175 0.573079
v 1.50353 -0.0849175 1.01642
v 1.56938 -0.0849175 0.911444
v 1.49434 -0.116622 1.01021
v 1.20047 -0.0327252 1.41612
v 1.35113 -0.0849175 1.21168
v 1.08694 -0.0564765 1.47562
v 1.07634 -0.0849175 1.46123
v 0.88723 -0.0327252 1.63075
v 0.875879 -0.0564765 1.60989
v 0.763975 -0.0564765 1.66591
v 0.756526 -0.0849175 1.64967
v 0.530021 -0.0564765 1.75442
v 0.642186 -0.0849175 1.69745
v 0.405072 -0.0849175 1.76907
v 0.524853 -0.0849175 1.73731
v 0.289901 -0.0327252 1.8337
v 0.16199 -0.0564765 1.82554
v 0.164089 -0.0327252 1.8492
v 0.0370317 -0.0564765 1.83234
v 0.16041 -0.0849175 1.80774
v -0.0872397 -0.0849175 1.81275
v 0.0364464 -0.116622 1.80338
v 0.0366706 -0.0849175 1.81447
v -0.210743 -0.0849175 1.80257
v -0.212818 -0.0564765 1.82032
v -0.333264 -0.0849175 1.78399
v -0.464648 -0.0327252 1.7974
v -0.578722 -0.0564765 1.73897
v -0.573079 -0.0849175 1.72201
v -0.689256 -0.0849175 1.67889
v -0.920418 -0.0564765 1.58484
v -1.01642 -0.0849175 1.50353
v -0.905872 -0.116622 1.55979
v -0.911443 -0.0849175 1.56939
v -0.802219 -0.0849175 1.62793
v -1.11666 -0.0849175 1.43066
v -1.12766 -0.0564765 1.44475
v -1.30107 -0.0849175 1.26528
v -1.21169 -0.0849175 1.35112
v -1.38438 -0.0849175 1.17355
v -1.39801 -0.0564765 1.1851
v -1.41613 -0.0327252 1.20046
v -1.47562 -0.0564765 1.08693
v -1.53127 -0.0849175 0.974108
v -1.46123 -0.0849175 1.07634
v -1.52191 -0.116622 0.968153
v -1.64965 -0.0849175 0.756525
v -1.80964 -0.0327252 0.414362
v -1.7373 -0.0849175 0.524852
v -1.8337 -0.0327252 0.289902
v -1.81024 -0.0564765 0.286193
v -1.7967 -0.116622 0.15943
v -1.80775 -0.0849175 0.160411
v -1.79259 -0.0849175 0.283402
v -1.82555 -0.0564765 0.16199
v -1.79421 -0.15 0.144283
v -1.86827 -0.00376083 0.427786
v -1.86667 -1.96897E-15 0.563937
v -1.78164 -0.116622 0.28167
v -1.8618 -0.0148547 0.294343
v -1.78232 -0.15 0.251673
v -1.74215 -0.00376083 0.798947
v -1.7725 -2.8381E-15 0.812863
v -1.7129 -3.25381E-15 0.931928
v -1.83472 -0.00376083 0.554283
v -1.82384 -2.40915E-15 0.690009
v -1.83737 -0.0148547 0.42071
v -1.75826 -0.116622 0.402596
v -1.76401 -0.15 0.358153
v -1.79261 -0.00376083 0.678196
v -1.80437 -0.0148547 0.545114
v -1.73934 -0.15 0.463335
v -1.72668 -0.116622 0.521644
v -1.64531 -3.65435E-15 1.04665
v -1.57004 -4.03785E-15 1.15649
v -1.61714 -0.00376083 1.02873
v -1.70841 -0.15 0.566841
v -1.68706 -0.116622 0.63826
v -1.68357 -0.00376083 0.915974
v -1.67133 -0.15 0.668295
v -1.63956 -0.116622 0.751901
v -1.48746 -4.40253E-15 1.26093
v -1.54317 -0.00376083 1.13669
v 1.91684 -1.25023E-15 0.358081
v 1.88403 -0.00376083 0.351952
v -1.65572 -0.0148547 0.900822
v -1.62824 -0.15 0.767343
v -1.58443 -0.116622 0.862036
v -1.59039 -0.0148547 1.01171
v -1.57926 -0.15 0.863654
v -1.5246 -0.15 0.956853
v -1.37403 -0.00376083 1.33623
v -1.39795 -4.74668E-15 1.3595
v -1.30191 -5.0687E-15 1.45173
v -1.51764 -0.0148547 1.11789
v -1.4523 -0.116622 1.06976
v -1.46445 -0.15 1.0466
v -1.46201 -0.00376083 1.23935
v -1.19981 -5.36708E-15 1.53719
v -1.27964 -0.00376083 1.42688
v -1.43782 -0.0148547 1.21885
v -1.37592 -0.116622 1.16637
v -1.39903 -0.15 1.13257
v -1.17928 -0.00376083 1.51088
v -1.09211 -5.64045E-15 1.61549
v -1.3513 -0.0148547 1.31413
v -1.32857 -0.15 1.21446
v -1.29312 -0.116622 1.25755
v -0.979316 -5.88751E-15 1.68625
v -1.07342 -0.00376083 1.58783
v -1.25847 -0.0148547 1.40328
v -1.25334 -0.15 1.29196
v -1.20428 -0.116622 1.34286
v -1.15977 -0.0148547 1.48589
v -1.17358 -0.15 1.36482
v -1.10983 -0.116622 1.42191
v -0.847203 -0.00376083 1.71922
v -0.86196 -6.10712E-15 1.74915
v -0.740584 -6.29826E-15 1.80389
v -0.962552 -0.00376083 1.65739
v -1.05566 -0.0148547 1.56157
v -1.08957 -0.15 1.43277
v -1.01021 -0.116622 1.49433
v -0.615755 -6.46004E-15 1.85023
v -0.727905 -0.00376083 1.77303
v -0.94663 -0.0148547 1.62997
v -1.00165 -0.15 1.49556
v -0.488056 -6.59169E-15 1.88794
v -0.605214 -0.00376083 1.81857
v -0.833189 -0.0148547 1.69078
v -0.797315 -0.116622 1.61798
v -0.910115 -0.15 1.55296
v -0.815314 -0.15 1.60477
v -0.358081 -6.69261E-15 1.91684
v -0.479701 -0.00376083 1.85563
v -0.715864 -0.0148547 1.7437
v -0.685042 -0.116622 1.66862
v -0.717584 -0.15 1.65079
v -0.226436 -6.76233E-15 1.93681
v -0.0937358 -6.80052E-15 1.94775
v -0.22256 -0.00376083 1.90365
v -0.595203 -0.0148547 1.78849
v -0.617281 -0.15 1.69086
v -0.569576 -0.116622 1.71148
v -0.351951 -0.00376083 1.88403
v -0.471766 -0.0148547 1.82493
v -0.514729 -0.15 1.72484
v -0.451454 -0.116622 1.74636
v 0.0394016 -6.807E-15 1.9496
v -0.0921317 -0.00376083 1.9144
v -0.34613 -0.0148547 1.85287
v -0.410313 -0.15 1.75262
v -0.331227 -0.116622 1.77309
v 0.172355 -6.78174E-15 1.94237
v 0.0387269 -0.00376083 1.91622
v -0.218879 -0.0148547 1.87216
v -0.30442 -0.15 1.77407
v -0.209455 -0.116622 1.79155
v 0.304505 -6.72487E-15 1.92608
v 0.169405 -0.00376083 1.90911
v -0.0906076 -0.0148547 1.88273
v -0.0867064 -0.116622 1.80167
v -0.197437 -0.15 1.78913
v 0.435236 -6.63663E-15 1.90081
v 0.299293 -0.00376083 1.8931
v 0.0380863 -0.0148547 1.88452
v -0.0897499 -0.15 1.79775
v 0.0182503 -0.15 1.79989
v 0.563937 -6.51746E-15 1.86667
v 0.427786 -0.00376083 1.86827
v 0.166603 -0.0148547 1.87753
v 0.159429 -0.116622 1.79669
v 0.126171 -0.15 1.79556
v 0.690008 -6.3679E-15 1.82384
v 0.554284 -0.00376083 1.83473
v 0.294342 -0.0148547 1.86179
v 0.281669 -0.116622 1.78163
v 0.233675 -0.15 1.78476
v 0.812863 -6.18865E-15 1.7725
v 0.678197 -0.00376083 1.79263
v 0.420709 -0.0148547 1.83737
v 0.340339 -0.15 1.76753
v 0.402595 -0.116622 1.75826
v 0.931928 -5.98054E-15 1.7129
v 1.04665 -5.74455E-15 1.64531
v 0.915974 -0.00376083 1.68358
v 0.545115 -0.0148547 1.80438
v 0.445773 -0.15 1.74393
v 0.521644 -0.116622 1.72669
v 0.798948 -0.00376083 1.74217
v 0.666978 -0.0148547 1.76298
v 0.549596 -0.15 1.71405
v 0.638261 -0.116622 1.68707
v 1.15649 -5.48178E-15 1.57004
v 1.02873 -0.00376083 1.61714
v 0.785732 -0.0148547 1.71335
v 0.651431 -0.15 1.678
v 0.751901 -0.116622 1.63958
v 1.26093 -5.19345E-15 1.48746
v 1.13669 -0.00376083 1.54317
v 0.900822 -0.0148547 1.65573
v 0.84768 -0.15 1.58791
v 0.750909 -0.15 1.6359
v 1.3595 -4.8809E-15 1.39795
v 1.23936 -0.00376083 1.462
v 1.01171 -0.0148547 1.59039
v 0.968153 -0.116622 1.52192
v 0.941421 -0.15 1.53419
v 1.45173 -4.5456E-15 1.30191
v 1.33624 -0.00376083 1.37402
v 1.11789 -0.0148547 1.51764
v 1.06976 -0.116622 1.4523
v 1.03177 -0.15 1.47494
v 1.53719 -4.1891E-15 1.19981
v 1.42689 -0.00376083 1.27963
v 1.21886 -0.0148547 1.43782
v 1.11841 -0.15 1.41038
v 1.16638 -0.116622 1.37591
v 1.61549 -3.81307E-15 1.09211
v 1.51089 -0.00376083 1.17927
v 1.31414 -0.0148547 1.35129
v 1.20101 -0.15 1.34075
v 1.25756 -0.116622 1.29311
v 1.68625 -3.41926E-15 0.979316
v 1.58784 -0.00376083 1.07341
v 1.40329 -0.0148547 1.25846
v 1.27927 -0.15 1.26629
v 1.34287 -0.116622 1.20428
v 1.74915 -3.00952E-15 0.86196
v 1.65738 -0.00376083 0.962552
v 1.48589 -0.0148547 1.15976
v 1.35292 -0.15 1.18728
v 1.42192 -0.116622 1.10983
v 1.80389 -2.58574E-15 0.740584
v 1.7192 -0.00376083 0.847203
v 1.56157 -0.0148547 1.05566
v 1.42171 -0.15 1.10398
v 1.77301 -0.00376083 0.727905
v 1.85023 -2.1499E-15 0.615755
v 1.62997 -0.0148547 0.94663
v 1.55979 -0.116622 0.905872
v 1.48538 -0.15 1.01669
v 1.5437 -0.15 0.925735
v 1.69076 -0.0148547 0.833189
v 1.61797 -0.116622 0.797316
v 1.59645 -0.15 0.83145
v 1.88794 -1.70404E-15 0.488056
v 1.85562 -0.00376083 0.479701
v 1.74368 -0.0148547 0.715864
v 1.64346 -0.15 0.734178
v 1.66861 -0.116622 0.685042
v 1.81855 -0.00376083 0.605214
v 1.84392 -0.0327252 0.215577
v 1.80156 -0.0564765 0.336546
v 1.82491 -0.0327252 0.340907
v 1.78847 -0.0148547 0.595203
v 1.79739 -0.0327252 0.464648
v 1.68454 -0.15 0.634269
v 1.71147 -0.116622 0.569576
v 1.82492 -0.0148547 0.471766
v 1.71955 -0.15 0.532092
v 1.85287 -0.0148547 0.34613
v 1.74838 -0.15 0.427975
v 1.82033 -0.0564765 0.212819
v 1.81276 -0.0849175 0.0872398
v 1.85433 -0.0327252 0.0892406
v 1.83061 -0.0564765 0.0880989
v 1.78706 -0.15 0.215465
v 2.19456 -1.35005E-7 0.154641
v 2.15992 -1.35005E-7 0.418008
v 2.13074 -1.35005E-7 0.547653
v 1.99712 -1.35005E-7 0.922751
v 2.04919 -1.35005E-7 0.800485
v 1.87134 -1.35005E-7 1.15675
v 1.79808 -1.35005E-7 1.26763
v 1.54014 -1.35005E-7 1.57099
v 1.33953 -1.35005E-7 1.74518
v 1.23171 -1.35005E-7 1.82288
v 0.882952 -1.35005E-7 2.01505
v 1.003 -1.35005E-7 1.95807
v 0.375085 -1.35005E-7 2.16779
v 0.505286 -1.35005E-7 2.14119
v -2.1972 -1.35005E-7 0.111023
v -0.0218124 -1.35005E-7 2.19988
v 0.111054 -1.35005E-7 2.19718
v -2.14119 -1.35005E-7 0.505275
v -2.10677 -1.35005E-7 0.633638
v -0.286826 -1.35005E-7 2.18121
v -0.418005 -1.35005E-7 2.15992
v -1.8939 -1.35005E-7 1.11942
v -0.800506 -1.35005E-7 2.04921
v -0.675315 -1.35005E-7 2.0938
v -1.571 -1.35005E-7 1.54013
v -1.15678 -1.35005E-7 1.87133
v -1.26765 -1.35005E-7 1.79807
v -1.04168 -1.35005E-7 1.93776
v -0.922777 -1.35005E-7 1.99713
v -1.3739 -1.35005E-7 1.71825
v -0.547659 -1.35005E-7 2.13075
v -1.47514 -1.35005E-7 1.63217
v -1.66112 -1.35005E-7 1.44247
v -0.154601 -1.35005E-7 2.19455
v -1.74517 -1.35005E-7 1.33955
v -1.82286 -1.35005E-7 1.23173
v -2.01503 -1.35005E-7 0.882967
v -1.95804 -1.35005E-7 1.00302
v 0.243515 -1.35005E-7 2.18647
v -2.06466 -1.35005E-7 0.759689
v -2.16779 -1.35005E-7 0.375067
v 0.633641 -1.35005E-7 2.10679
v -2.18649 -1.35005E-7 0.24349
v 0.759683 -1.35005E-7 2.06469
v 1.11939 -1.35005E-7 1.89393
v 1.44247 -1.35005E-7 1.66112
v 1.71827 -1.35005E-7 1.37389
v 1.63218 -1.35005E-7 1.47513
v 1.93776 -1.35005E-7 1.04165
v 2.09379 -1.35005E-7 0.6753
v 2.18122 -1.35005E-7 0.28684
v -2.36487 -0.107164 0.558034
v -2.32888 -0.0701865 0.549541
v -2.35781 -0.0701865 0.407926
v -2.47875 -0.197394 0.125243
v -2.45668 -0.15 0.124128
v 2.37496 -0.247906 0.766024
v 2.41688 -0.247906 0.621231
v -2.48012 -0.247906 0.276176
v -2.49226 -0.247906 0.125926
v 2.48927 -0.247906 0.175402
v -2.35558 -0.15 0.70844
v -2.32685 -0.107164 0.699801
v -2.37814 -0.0701865 0.264821
v -2.38979 -0.0701865 0.120749
v -2.41489 -0.107164 0.268913
v -2.28035 -0.107164 0.839016
v -2.253 -0.15 0.987207
v -2.22553 -0.107164 0.975169
v -2.24565 -0.0701865 0.826248
v -2.29144 -0.0701865 0.689152
v -2.12968 -0.0701865 1.09091
v -2.19166 -0.0701865 0.960329
v -2.16259 -0.107164 1.10777
v -2.18929 -0.15 1.12144
v -2.01331 -0.107164 1.36036
v -2.09176 -0.107164 1.23632
v -2.03816 -0.15 1.37716
v -2.05993 -0.0701865 1.21751
v -1.83466 -0.107164 1.59312
v -1.75655 -0.15 1.72199
v -1.73513 -0.107164 1.70099
v -1.98267 -0.0701865 1.33966
v -1.9275 -0.107164 1.47944
v -1.89817 -0.0701865 1.45693
v 2.2288 -0.0701865 0.870687
v 2.17216 -0.0701865 1.00367
v 2.26324 -0.107164 0.884142
v -1.62926 -0.107164 1.80265
v -1.60446 -0.0701865 1.77522
v -1.70872 -0.0701865 1.67511
v -1.1647 -0.15 2.1666
v -1.1505 -0.107164 2.14018
v -1.27762 -0.107164 2.06681
v -1.25818 -0.0701865 2.03535
v -1.37878 -0.0701865 1.95567
v -0.745879 -0.107164 2.31251
v -0.884143 -0.107164 2.26326
v -0.755086 -0.15 2.34106
v -1.00367 -0.0701865 2.17218
v -0.870688 -0.0701865 2.22882
v -0.320733 -0.15 2.4388
v -0.316822 -0.107164 2.40906
v -0.4617 -0.107164 2.38554
v -0.454674 -0.0701865 2.34924
v -0.595688 -0.0701865 2.31751
v 0.122614 -0.107164 2.4267
v -0.024131 -0.107164 2.42968
v 0.124128 -0.15 2.45666
v -0.0237638 -0.0701865 2.3927
v -0.168189 -0.0701865 2.3869
v 0.414229 -0.107164 2.39424
v 0.564922 -0.15 2.39407
v 0.558033 -0.107164 2.36487
v 0.26482 -0.0701865 2.37813
v 0.407925 -0.0701865 2.35781
v 0.987207 -0.15 2.25303
v 0.97517 -0.107164 2.22556
v 0.839016 -0.107164 2.28038
v 0.826248 -0.0701865 2.24567
v 0.689152 -0.0701865 2.29146
v 1.36037 -0.107164 2.01331
v 1.23632 -0.107164 2.09177
v 1.37716 -0.15 2.03816
v 1.21751 -0.0701865 2.05994
v 1.09091 -0.0701865 2.1297
v 1.59313 -0.107164 1.83465
v 1.47945 -0.107164 1.9275
v 1.6128 -0.15 1.8573
v 1.49771 -0.15 1.95129
v 1.80266 -0.107164 1.62925
v 1.701 -0.107164 1.73512
v 1.82491 -0.15 1.64936
v 1.722 -0.15 1.75654
v 1.98589 -0.107164 1.40008
v 1.95567 -0.0701865 1.37878
v 1.86886 -0.0701865 1.49434
v 1.92116 -0.15 1.53617
v 1.89774 -0.107164 1.51743
v 2.09231 -0.15 1.29339
v 2.0668 -0.107164 1.27762
v 2.03534 -0.0701865 1.25818
v 2.23295 -0.15 1.03176
v 2.20572 -0.107164 1.01918
v 2.14016 -0.107164 1.1505
v 2.24653 -0.00455763 0.158297
v 2.23287 -0.00455763 0.293651
v 2.29691 -0.0180924 0.161848
v 2.16658 -0.15 1.1647
v 2.26066 -0.0180924 0.43753
v 2.21107 -0.00455763 0.427932
v 2.18119 -0.00455763 0.560651
v 2.2773 -0.0701865 0.734527
v 2.1889 -0.0401923 0.8551
v 2.23011 -0.0180924 0.573226
v 2.10759 -0.0701865 1.13299
v 2.09025 -0.0180924 0.965823
v 2.13327 -0.0401923 0.985702
v 2.29118 -0.15 0.895056
v 2.34104 -0.15 0.755086
v 2.47414 -0.247906 0.325381
v 2.44998 -0.247906 0.474172
v 2.47577 -0.197394 0.174451
v 2.46072 -0.197394 0.323616
v 2.23654 -0.0401923 0.721378
v 2.14475 -0.0180924 0.837854
v 1.77523 -0.0701865 1.60446
v 2.0104 -0.15 1.41737
v 1.67512 -0.0701865 1.70871
v 1.56889 -0.0701865 1.80673
v 1.45694 -0.0701865 1.89816
v 1.33966 -0.0701865 1.98267
v 1.25158 -0.15 2.11759
v 1.10776 -0.107164 2.16261
v 0.960329 -0.0701865 2.19169
v 1.12144 -0.15 2.18931
v 0.849373 -0.15 2.30853
v 0.699802 -0.107164 2.32687
v 0.549541 -0.0701865 2.32888
v 0.70844 -0.15 2.35559
v 0.268912 -0.107164 2.41488
v 0.419342 -0.15 2.4238
v 0.120748 -0.0701865 2.38977
v 0.272232 -0.15 2.44469
v -0.170788 -0.107164 2.42379
v -0.0244289 -0.15 2.45967
v -0.312001 -0.0701865 2.3724
v -0.172897 -0.15 2.45371
v -0.4674 -0.15 2.41499
v -0.604894 -0.107164 2.35332
v -0.734528 -0.0701865 2.27732
v -0.61236 -0.15 2.38237
v -1.01918 -0.107164 2.20575
v -0.895057 -0.15 2.2912
v -1.13299 -0.0701865 2.10761
v -1.03176 -0.15 2.23298
v -1.29339 -0.15 2.09232
v -1.40009 -0.107164 1.98589
v -1.49435 -0.0701865 1.86885
v -1.41737 -0.15 2.0104
v -1.51744 -0.107164 1.89773
v -1.53617 -0.15 1.92116
v -1.80674 -0.0701865 1.56888
v -1.64937 -0.15 1.8249
v -1.85731 -0.15 1.61279
v -1.9513 -0.15 1.49771
v -2.11759 -0.15 1.25158
v -2.3085 -0.15 0.849373
v -2.39425 -0.107164 0.414229
v -2.39406 -0.15 0.564922
v -2.42672 -0.107164 0.122615
v -2.4447 -0.15 0.272232
v -2.4238 -0.15 0.419343
v -2.34701 -0.0401923 0.118587
v -2.29967 -0.0180924 0.116195
v -2.24923 -0.00455763 0.113646
v -2.45892 -0.247906 0.425418
v -2.46666 -0.197394 0.274678
v -2.33557 -0.0401923 0.26008
v -2.2689 -0.0180924 0.392543
v -2.28846 -0.0180924 0.254835
v -2.3156 -0.0401923 0.400623
v -2.23826 -0.00455763 0.249244
v -2.42874 -0.247906 0.573106
v -2.44558 -0.197394 0.42311
v -2.24106 -0.0180924 0.528819
v -2.28719 -0.0401923 0.539703
v -2.21913 -0.00455763 0.383932
v -2.3897 -0.247906 0.718703
v -2.41557 -0.197394 0.569997
v -2.25042 -0.0401923 0.676815
v -2.20504 -0.0180924 0.663165
v -2.1919 -0.00455763 0.517218
v -2.34194 -0.247906 0.861678
v -2.37674 -0.197394 0.714805
v -2.20545 -0.0401923 0.811456
v -2.16097 -0.0180924 0.795091
v -2.15667 -0.00455763 0.648617
v -2.28564 -0.247906 1.00151
v -2.32924 -0.197394 0.857004
v -2.15243 -0.0401923 0.943137
v -2.10902 -0.0180924 0.924117
v -2.11356 -0.00455763 0.777649
v -2.221 -0.247906 1.13769
v -2.27325 -0.197394 0.996077
v -2.09156 -0.0401923 1.07138
v -2.04938 -0.0180924 1.04977
v -2.06275 -0.00455763 0.903845
v -2.14826 -0.247906 1.26971
v -2.20896 -0.197394 1.13152
v -2.02306 -0.0401923 1.19571
v -1.98226 -0.0180924 1.1716
v -2.00442 -0.00455763 1.02674
v -2.06769 -0.247906 1.39711
v -2.13661 -0.197394 1.26283
v -1.94717 -0.0401923 1.31568
v -1.9079 -0.0180924 1.28914
v -1.93877 -0.00455763 1.14589
v -1.97956 -0.247906 1.5194
v -2.05647 -0.197394 1.38953
v -1.86419 -0.0401923 1.43085
v -1.82659 -0.0180924 1.40199
v -1.86605 -0.00455763 1.26087
v -1.88422 -0.247906 1.63615
v -1.96883 -0.197394 1.51116
v -1.7744 -0.0401923 1.54079
v -1.73861 -0.0180924 1.50972
v -1.78652 -0.00455763 1.37124
v -1.78199 -0.247906 1.74693
v -1.874 -0.197394 1.62728
v -1.70047 -0.00455763 1.4766
v -1.67326 -0.247906 1.85134
v -1.77233 -0.197394 1.73746
v -1.67813 -0.0401923 1.64512
v -1.64429 -0.0180924 1.61194
v -1.60822 -0.00455763 1.57658
v -1.55843 -0.247906 1.94899
v -1.66419 -0.197394 1.8413
v -1.57574 -0.0401923 1.74344
v -1.54396 -0.0180924 1.70828
v -1.51009 -0.00455763 1.6708
v -1.4379 -0.247906 2.03953
v -1.54997 -0.197394 1.93842
v -1.4676 -0.0401923 1.8354
v -1.438 -0.0180924 1.79838
v -1.40645 -0.00455763 1.75893
v -1.31213 -0.247906 2.12263
v -1.4301 -0.197394 2.02847
v -1.3541 -0.0401923 1.92066
v -1.32679 -0.0180924 1.88192
v -1.29768 -0.00455763 1.84064
v -1.18157 -0.247906 2.19799
v -1.30501 -0.197394 2.11112
v -1.23565 -0.0401923 1.99892
v -1.21073 -0.0180924 1.9586
v -1.18418 -0.00455763 1.91564
v -1.04671 -0.247906 2.26533
v -1.17517 -0.197394 2.18607
v -1.11271 -0.0401923 2.06988
v -1.09027 -0.0180924 2.02814
v -1.06635 -0.00455763 1.98365
v -0.908023 -0.247906 2.32439
v -1.04103 -0.197394 2.25304
v -0.985703 -0.0401923 2.1333
v -0.965823 -0.0180924 2.09027
v -0.944636 -0.00455763 2.04442
v -0.766025 -0.247906 2.37497
v -0.903098 -0.197394 2.31179
v -0.855101 -0.0401923 2.18892
v -0.837855 -0.0180924 2.14477
v -0.819476 -0.00455763 2.09773
v -0.621232 -0.247906 2.41689
v -0.76187 -0.197394 2.36209
v -0.721379 -0.0401923 2.23655
v -0.70683 -0.0180924 2.19145
v -0.691325 -0.00455763 2.14337
v -0.474171 -0.247906 2.44998
v -0.617862 -0.197394 2.40378
v -0.585024 -0.0401923 2.27602
v -0.573226 -0.0180924 2.23012
v -0.560651 -0.00455763 2.1812
v -0.32538 -0.247906 2.47413
v -0.471599 -0.197394 2.43669
v -0.446535 -0.0401923 2.30718
v -0.437529 -0.0180924 2.26065
v -0.427931 -0.00455763 2.21106
v -0.175401 -0.247906 2.48926
v -0.323615 -0.197394 2.46071
v -0.306416 -0.0401923 2.32993
v -0.300236 -0.0180924 2.28294
v -0.29365 -0.00455763 2.23286
v -0.0247828 -0.247906 2.4953
v -0.17445 -0.197394 2.47575
v -0.165178 -0.0401923 2.34417
v -0.161847 -0.0180924 2.2969
v -0.158297 -0.00455763 2.24651
v 0.125926 -0.247906 2.49225
v -0.0246484 -0.197394 2.48177
v -0.0233384 -0.0401923 2.34987
v -0.0228677 -0.0180924 2.30248
v 0.118587 -0.0401923 2.34699
v 0.116195 -0.0180924 2.29966
v -0.022366 -0.00455763 2.25197
v 0.276176 -0.247906 2.4801
v 0.125243 -0.197394 2.47873
v 0.113646 -0.00455763 2.24921
v 0.425417 -0.247906 2.45891
v 0.274678 -0.197394 2.46665
v 0.260079 -0.0401923 2.33556
v 0.254834 -0.0180924 2.28845
v 0.249244 -0.00455763 2.23825
v 0.573106 -0.247906 2.42875
v 0.42311 -0.197394 2.44557
v 0.400622 -0.0401923 2.3156
v 0.392543 -0.0180924 2.2689
v 0.383932 -0.00455763 2.21913
v 0.718703 -0.247906 2.38972
v 0.569997 -0.197394 2.41557
v 0.539703 -0.0401923 2.28719
v 0.528819 -0.0180924 2.24107
v 0.676815 -0.0401923 2.25044
v 0.663165 -0.0180924 2.20505
v 0.517218 -0.00455763 2.1919
v 0.861678 -0.247906 2.34197
v 0.714805 -0.197394 2.37676
v 0.811457 -0.0401923 2.20547
v 0.795092 -0.0180924 2.16099
v 0.648618 -0.00455763 2.15668
v 1.00151 -0.247906 2.28567
v 0.857004 -0.197394 2.32927
v 0.77765 -0.00455763 2.11359
v 1.13769 -0.247906 2.22102
v 0.996077 -0.197394 2.27327
v 0.943138 -0.0401923 2.15245
v 0.924117 -0.0180924 2.10904
v 0.903845 -0.00455763 2.06278
v 1.26971 -0.247906 2.14827
v 1.13151 -0.197394 2.20898
v 1.07138 -0.0401923 2.09157
v 1.04977 -0.0180924 2.04939
v 1.02674 -0.00455763 2.00444
v 1.39711 -0.247906 2.06768
v 1.26283 -0.197394 2.13662
v 1.19571 -0.0401923 2.02306
v 1.31568 -0.0401923 1.94717
v 1.28915 -0.0180924 1.9079
v 1.17159 -0.0180924 1.98226
v 1.14589 -0.00455763 1.93878
v 1.51941 -0.247906 1.97956
v 1.38953 -0.197394 2.05647
v 1.26087 -0.00455763 1.86605
v 1.63616 -0.247906 1.88421
v 1.51117 -0.197394 1.96882
v 1.43085 -0.0401923 1.86418
v 1.402 -0.0180924 1.82659
v 1.37124 -0.00455763 1.78652
v 1.74695 -0.247906 1.78198
v 1.62729 -0.197394 1.87399
v 1.5408 -0.0401923 1.77439
v 1.50973 -0.0180924 1.73861
v 1.47661 -0.00455763 1.70047
v 1.85135 -0.247906 1.67326
v 1.73747 -0.197394 1.77232
v 1.64513 -0.0401923 1.67812
v 1.74345 -0.0401923 1.57573
v 1.70828 -0.0180924 1.54395
v 1.61195 -0.0180924 1.64428
v 1.57659 -0.00455763 1.60821
v 1.94899 -0.247906 1.55842
v 1.84131 -0.197394 1.66418
v 1.67081 -0.00455763 1.51008
v 2.03953 -0.247906 1.4379
v 1.93842 -0.197394 1.54997
v 1.8354 -0.0401923 1.46759
v 1.79839 -0.0180924 1.43799
v 1.75893 -0.00455763 1.40645
v 2.12262 -0.247906 1.31213
v 2.02847 -0.197394 1.4301
v 1.92066 -0.0401923 1.35409
v 1.88192 -0.0180924 1.32678
v 1.84064 -0.00455763 1.29768
v 2.19797 -0.247906 1.18157
v 2.11111 -0.197394 1.30501
v 1.99891 -0.0401923 1.23566
v 1.95859 -0.0180924 1.21073
v 2.06986 -0.0401923 1.11271
v 2.02812 -0.0180924 1.09027
v 1.91563 -0.00455763 1.18418
v 2.2653 -0.247906 1.04671
v 2.18605 -0.197394 1.17517
v 1.98363 -0.00455763 1.06635
v 2.32437 -0.247906 0.908022
v 2.25301 -0.197394 1.04103
v 2.0444 -0.00455763 0.944636
v 2.31176 -0.197394 0.903097
v 2.3125 -0.107164 0.745878
v 2.0977 -0.00455763 0.819475
v 2.38555 -0.107164 0.461701
v 2.415 -0.15 0.4674
v 2.43881 -0.15 0.320734
v 2.36207 -0.197394 0.76187
v 2.19143 -0.0180924 0.706829
v 2.27601 -0.0401923 0.585024
v 2.14336 -0.00455763 0.691324
v 2.38237 -0.15 0.61236
v 2.40377 -0.197394 0.617862
v 2.35332 -0.107164 0.604893
v 2.3175 -0.0701865 0.595688
v 2.30719 -0.0401923 0.446535
v 2.43669 -0.197394 0.4716
v 2.34924 -0.0701865 0.454675
v 2.40907 -0.107164 0.316823
v 2.37241 -0.0701865 0.312002
v 2.32994 -0.0401923 0.306417
v 2.28295 -0.0180924 0.300237
v 2.45373 -0.15 0.172897
v 2.42381 -0.107164 0.170789
v 2.38692 -0.0701865 0.16819
v 2.34419 -0.0401923 0.165179
v 0.226078 -2.0 -2.48974
v -0.0754509 -2.0 -2.49885
v 0.0754509 -2.0 -2.49885
v 0.375881 -2.0 -2.47158
v -0.226078 -2.0 -2.48974
v -0.375881 -2.0 -2.47158
v 0.524314 -2.0 -2.4444
v 0.670837 -2.0 -2.40832
v -0.524314 -2.0 -2.4444
v -0.670837 -2.0 -2.40832
v 0.814915 -2.0 -2.36347
v -0.814915 -2.0 -2.36347
v 0.956024 -2.0 -2.31
v -0.956024 -2.0 -2.31
v -1.09365 -2.0 -2.24811
v 1.09365 -2.0 -2.24811
v 1.22729 -2.0 -2.17802
v -1.22729 -2.0 -2.17802
v 1.35647 -2.0 -2.1
v -1.35647 -2.0 -2.1
v 2.4957 -2.0 -0.146575
v 2.43149 -2.0 -0.581268
v 2.46138 -2.0 -0.43771
v 2.48281 -2.0 -0.292646
v 2.34673 -2.0 -0.861898
v 2.29216 -2.0 -0.998004
v 2.39322 -2.0 -0.722827
v 2.15957 -2.0 -1.25946
v 2.08202 -2.0 -1.38391
v 2.2297 -2.0 -1.13068
v 1.80756 -2.0 -1.72706
v 1.90571 -2.0 -1.61811
v 1.9973 -2.0 -1.5036
v 1.59296 -2.0 -1.92678
v 1.47726 -2.0 -2.01686
v 1.70319 -2.0 -1.83007
v -1.47726 -2.0 -2.01686
v -1.80756 -2.0 -1.72706
v -1.70319 -2.0 -1.83007
v -1.59296 -2.0 -1.92678
v -1.90571 -2.0 -1.61811
v -1.9973 -2.0 -1.5036
v -2.08202 -2.0 -1.38391
v -2.15957 -2.0 -1.25946
v -2.2297 -2.0 -1.13068
v -2.29216 -2.0 -0.998004
v -2.34673 -2.0 -0.861898
v -2.39322 -2.0 -0.722827
v -2.43149 -2.0 -0.581268
v -2.46138 -2.0 -0.43771
v -2.48281 -2.0 -0.292646
v -2.4957 -2.0 -0.146575
v -3.0313 -4.7 0.937221
v -3.0313 -3.5 0.937221
v -3.04713 -3.5 0.896103
v -3.04713 -4.7 0.896103
v -3.00962 -4.7 0.975577
v -3.00962 -3.5 0.975577
v -3.05676 -3.5 0.853109
v -3.05676 -4.7 0.853109
v -3.06 -3.5 0.809167
v -3.06 -4.7 0.809167
v -2.76 -3.5 1.35
v -2.76 -4.7 1.35
v -3.06 -3.5 0.48
v -2.76 -3.5 0.48
v -3.06 -4.7 0.48
v -2.76 -4.7 0.48
v -2.76 -5.5 1.75
v -2.76 -5.5 -2.1
v -2.76 -2.7 1.75
v -2.76 -2.7 -2.1
v -3.15 -2.7 1.95
v -2.56 -2.7 1.95
v -3.75 -2.7 -2.1
v -3.15 -2.7 -0.65
v -3.75 -2.7 -0.65
v -3.15 -2.0 -0.65
v -3.15 -2.0 1.95
v -3.75 -2.0 -0.65
v -3.75 -2.0 -2.1
v 3.75 -2.0 -0.65
v 3.75 -2.0 -2.1
v 3.15 -2.0 -0.65
v 3.15 -2.0 1.95
v 3.75 -2.7 -0.65
v 3.75 -2.7 -2.1
v 1.55 -2.7 -2.1
v 1.55 -2.7 -1.3
v 1.55 -6.05 -1.3
v 1.55 -6.05 -2.1
v 2.00382 -5.4805 -1.3
v 2.02 -5.56898 -1.3
v 1.98409 -5.43989 -1.3
v 1.95737 -5.40348 -1.3
v 2.01592 -5.52401 -1.3
v 1.92454 -5.37247 -1.3
v 2.02 -6.05 -1.3
v 2.4 -6.05 -1.3
v 3.15 -6.05 -1.3
v 3.15 -6.05 -2.1
v 3.75 -8.025 -0.65
v 3.15 -8.025 -2.1
v 3.15 -8.025 -0.65
v 3.75 -8.025 -2.1
v 3.15 -9.025 -0.65
v 3.17502 -9.025 1.98749
v 3.20005 -9.025 1.97498
v 3.22507 -9.025 1.96246
v 3.22509 -10.025 1.96246
v 3.20005 -10.025 1.97498
v 3.17502 -10.025 1.98749
v 3.15 -10.025 -2.1
v 3.38 -12.95 -2.1
v 3.38 -13.85 -2.1
v 3.38 -13.85 -1.0
v 3.38 -12.95 -1.0
v 1.685 -11.1 -1.55
v 1.915 -11.1 -0.9
v 1.685 -11.1 -0.9
v 1.915 -11.1 -1.55
v 3.04994 -12.95 -1.7304
v 3.015 -13.9 -1.735
v 3.015 -12.95 -1.735
v 3.13191 -12.95 -1.6675
v 3.11046 -13.9 -1.69546
v 3.11046 -12.95 -1.69546
v 3.0825 -12.95 -1.71691
v 3.0825 -13.9 -1.71691
v 3.04994 -13.9 -1.7304
v 3.15 -12.95 -1.6
v 3.1454 -13.9 -1.63494
v 3.1454 -12.95 -1.63494
v 3.13191 -13.9 -1.6675
v 3.15 -13.9 -1.6
v 2.05 -12.95 -1.735
v 2.05 -13.9 -1.735
v 1.9196 -13.9 -1.63494
v 1.92568 -12.9026 -1.65256
v 1.93309 -13.9 -1.6675
v 1.92098 -12.8896 -1.63963
v 1.91763 -12.8766 -1.62655
v 1.915 -13.9 -1.6
v 1.91567 -12.8633 -1.61332
v 1.91492 -12.85 -1.6
v 1.93184 -12.9153 -1.66528
v 1.95454 -13.9 -1.69546
v 1.93943 -12.9274 -1.67744
v 1.95931 -12.95 -1.7
v 1.94867 -12.9392 -1.68923
v 1.98634 -12.95 -1.71905
v 1.9825 -13.9 -1.71691
v 2.01506 -13.9 -1.7304
v 2.01718 -12.95 -1.73095
v 1.915 -12.8125 -1.56249
v 1.685 -12.8 -1.55
v 1.915 -12.825 -1.57499
v 1.915 -12.8 -1.55
v 1.915 -12.8375 -1.58748
v 1.685 -12.95 -1.7
v 1.685 -13.85 -0.9
v 1.685 -13.85 -2.1
v 1.685 -12.95 -2.1
v 1.535 -14.0 -0.9
v 1.535 -14.0 -2.1
v -2.50638 -10.85 -0.6
v -2.74311 -10.85 -0.6
v -2.7552 -10.8765 -0.598232
v -2.76539 -10.9032 -0.592768
v -2.52683 -10.8801 -0.597719
v -2.77359 -10.9296 -0.583449
v -2.54682 -10.9095 -0.59093
v -2.56378 -10.9385 -0.579336
v -2.77981 -10.9548 -0.570253
v -2.78424 -10.9783 -0.553443
v -2.57573 -10.9668 -0.562384
v -2.5835 -10.9934 -0.539435
v -2.78713 -10.9992 -0.533382
v -2.58779 -11.0168 -0.510359
v -2.78959 -11.0312 -0.484846
v -2.78878 -11.017 -0.510285
v -2.58954 -11.0348 -0.476425
v -2.7899 -11.0417 -0.457604
v -2.79001 -11.0478 -0.429091
v -2.58997 -11.0461 -0.439145
v -2.59 -11.05 -0.400005
v -2.79 -11.05 -0.400003
v -2.37933 -10.3069 -0.632233
v -2.1683 -10.3522 -0.657062
v -2.33376 -10.2398 -0.657062
v -2.12407 -10.2871 -0.688678
v -2.08151 -10.2244 -0.726853
v -2.28953 -10.1747 -0.688678
v -2.24696 -10.112 -0.726853
v -2.21388 -10.4193 -0.632233
v -2.42593 -10.3755 -0.614369
v -2.4732 -10.4452 -0.603599
v -2.26047 -10.4879 -0.614369
v -2.30775 -10.5575 -0.603599
v -2.52082 -10.5153 -0.6
v -2.35537 -10.6276 -0.6
v -1.78617 -9.43352 -1.18474
v -1.53675 -9.10161 -1.41626
v -1.55575 -9.09423 -1.41359
v -1.46224 -9.15222 -1.41626
v -1.38773 -9.20282 -1.41626
v -1.54627 -9.09633 -1.41571
v -2.01657 -9.77278 -0.955796
v -1.40562 -9.13995 -1.43147
v -1.45086 -9.12657 -1.42738
v -1.3678 -9.17063 -1.42834
v -1.35887 -9.15396 -1.43467
v -1.37741 -9.18691 -1.42223
v -1.49457 -9.11379 -1.42231
v -2.61655 -10.6562 -0.6
v -2.66485 -10.7264 -0.6
v -2.71131 -10.7978 -0.6
v -2.56868 -10.5858 -0.6
v -2.72859 -10.8231 -0.6
v -2.79 -11.025 0.515967
v -2.79 -11.05 0.65
v -2.59 -11.05 0.65
v -2.59 -11.025 0.515967
v -2.59 -11.05 1.05
v -2.79 -11.05 1.05
v -2.59 -11.1202 1.24284
v -2.59 -11.0902 1.2
v -2.79 -11.1202 1.24284
v -2.79 -11.0546 1.10209
v -2.79 -11.0681 1.15261
v -2.59 -11.0546 1.10209
v -2.79 -11.0902 1.2
v -2.59 -11.0681 1.15261
v -2.79 -11.1572 1.27981
v -2.59 -11.1572 1.27981
v -2.59 -11.2 1.30981
v -2.79 -11.2 1.30981
v -2.79 -11.2474 1.33191
v -2.59 -11.2474 1.33191
v -2.79 -11.2979 1.34544
v -2.59 -11.2979 1.34544
v -2.79 -11.35 1.35
v -2.59 -11.35 1.35
v -2.79 -13.15 1.35
v -2.59 -13.15 1.35
v -2.79 -13.3798 1.24284
v -2.59 -13.3798 1.24284
v -2.59 -13.3428 1.27981
v -2.79 -13.4098 1.2
v -2.79 -13.4319 1.15261
v -2.59 -13.4098 1.2
v -2.59 -13.4454 1.10209
v -2.59 -13.4319 1.15261
v -2.79 -13.4454 1.10209
v -2.79 -13.45 1.05
v -2.59 -13.45 1.05
v -2.79 -13.3428 1.27981
v -2.79 -13.3 1.30981
v -2.59 -13.3 1.30981
v -2.59 -13.2526 1.33191
v -2.79 -13.2526 1.33191
v -2.59 -13.2021 1.34544
v -2.79 -13.2021 1.34544
v -2.79 -13.45 0.65
v -2.59 -13.45 0.65
v -2.79 -13.475 0.515967
v -2.59 -13.475 0.515967
v -2.59 -11.05 -0.109762
v -2.79 -11.05 -0.109762
v -2.79 -11.0471 -0.083681
v -2.59 -11.0387 -0.0588471
v -2.59 -11.0471 -0.083681
v -2.59 -11.025 -0.0364474
v -2.79 -11.0387 -0.0588471
v -2.79 -11.025 -0.0364474
v -2.08 -11.95 -2.1
v -2.08 -12.95 -2.1
v -2.08 -12.95 1.45
v -2.08 -11.95 1.45
v -2.58 -12.95 -2.1
v -2.58 -12.95 1.45
v -2.58 -13.475 -0.8
v -2.58 -13.625 -0.95
v -2.58 -14.0 -2.1
v -2.58 -13.475 1.45
v -2.58 -14.0 -0.95
v -2.8 -11.025 1.45
v -2.58 -11.025 1.45
v -2.58 -11.95 1.45
v -2.8 -13.475 1.45
v -2.54197 -10.9505 -1.95
v -2.563 -11.0189 -1.95
v -2.55362 -10.9847 -0.340301
v -2.5337 -10.9296 -0.395282
v -2.51295 -10.8851 -1.95
v -2.50817 -10.876 -0.448396
v -2.47636 -10.8236 -1.95
v -2.47624 -10.8234 -0.5
v -2.56806 -11.0416 -0.283469
v -2.57573 -11.0893 -1.95
v -2.57694 -11.1002 -0.224802
v -2.58 -11.1607 -1.95
v -2.58 -11.1607 -0.164313
v -2.40148 -11.003 -2.1
v -2.37972 -10.954 -2.1
v -2.35227 -10.9079 -2.1
v -2.41725 -11.0543 -2.1
v -2.4268 -11.1071 -2.1
v -2.43 -11.1607 -2.1
v -2.43 -11.95 -2.1
v -2.58 -11.95 -1.95
v -2.58 -11.025 -0.3
v -2.8 -11.025 -0.3
v -2.74325 -10.825 -0.5
v -2.8 -10.9086 -0.416433
v -2.36827 -10.2729 -0.5
v -2.18627 -10.3965 -0.5
v -1.52 -8.64557 -1.40007
v -1.3 -8.95525 -1.4
v -1.52 -8.80583 -1.39907
v -1.3 -8.325 -1.4
v -1.52 -8.48528 -1.4
v -1.52 -8.325 -1.4
v -1.23 -6.675 -2.02
v -1.23 -8.225 -2.02
v -1.3 -8.325 -1.95
v -1.3 -8.325 -1.76667
v -1.3 -8.325 -1.58333
v -1.3 -9.09143 -1.95
v -1.3 -9.00159 -1.39754
v -1.3 -9.04736 -1.39016
v -1.3 -9.09143 -1.37804
v -1.53488 -8.97244 -1.36188
v -1.30957 -9.10553 -1.37051
v -1.31886 -9.11921 -1.36194
v -1.52695 -8.93036 -1.3803
v -1.5306 -8.95185 -1.37189
v -1.52402 -8.90831 -1.38712
v -1.52182 -8.88568 -1.39241
v -1.51997 -8.82252 -1.39969
v -1.52006 -8.83931 -1.39871
v -1.52049 -8.86272 -1.39625
v -1.62364 -9.1764 -1.23994
v -1.61221 -9.15858 -1.25176
v -1.57383 -9.08732 -1.29673
v -1.58263 -9.10591 -1.28537
v -1.60166 -9.14116 -1.26311
v -1.59205 -9.12432 -1.2739
v -1.56601 -9.06971 -1.30732
v -1.55839 -9.05016 -1.31873
v -1.55157 -9.03106 -1.32969
v -1.54524 -9.0116 -1.34066
v -1.53964 -8.99196 -1.35153
v -1.15 -9.13755 -2.1
v -1.3 -6.575 -1.95
v -1.3 -5.95 -1.95
v -1.15 -5.8 -2.1
v -1.67 -5.8 -2.1
v -3.25 -5.5 -2.1
v -1.67 -6.575 -2.1
v -2.0 -6.575 -2.1
v 3.15 -12.0 -2.1
v 3.75 -14.0 -2.1
v 3.53 -14.0 -2.1
v 3.75 -12.0 -2.1
v -2.0 -6.575 -1.5
v -2.42 -6.575 -1.5
v -2.42 -6.115 -1.5
v -2.95 -6.115 -1.5
v -3.25 -5.5 2.1
v -0.804984 -5.5 2.1
v -2.56 -5.5 1.95
v -0.804984 -5.5 1.95
v -2.56 -3.64167 1.95
v -2.56 -4.55833 1.95
v -2.56 -5.475 1.95
v -2.56 -2.725 1.95
v 2.78 -5.175 -0.0499999
v 2.78 -5.22709 -0.0454423
v 2.78 -5.27761 -0.0319078
v 2.78 -3.40409 0.538942
v 2.78 -3.4 0.57
v 2.78 -2.725 0.25
v 2.78 -5.325 -0.00980762
v 2.78 -5.36784 0.0201867
v 2.78 -5.40481 0.0571637
v 2.78 -5.43481 0.1
v 2.78 -5.45691 0.147394
v 2.78 -5.475 0.25
v 2.78 -4.78392 0.51
v 2.78 -4.76485 0.485147
v 2.78 -5.47044 0.197906
v 2.78 -3.48894 0.454089
v 2.78 -3.46 0.466077
v 2.78 -3.025 -0.05
v 2.78 -4.68 0.45
v 2.78 -2.97291 -0.0454423
v 2.78 -2.92239 -0.0319078
v 2.78 -2.875 -0.00980762
v 2.78 -2.83216 0.0201867
v 2.78 -2.76519 0.1
v 2.78 -2.79519 0.0571637
v 2.78 -2.74309 0.147394
v 2.78 -3.52 0.45
v 2.78 -2.72956 0.197906
v 2.78 -4.8 0.57
v 2.78 -4.79591 0.538942
v 2.78 -4.78392 1.39
v 2.78 -4.79591 1.36106
v 2.78 -5.475 1.75
v 2.78 -3.4 1.33
v 2.78 -2.725 1.75
v 2.78 -4.74 0.466077
v 2.78 -4.71106 0.454089
v 2.78 -3.41608 0.51
v 2.78 -3.43515 0.485147
v 2.78 -3.41608 1.39
v 2.78 -3.40409 1.36106
v 2.78 -3.46 1.43392
v 2.78 -3.43515 1.41485
v 2.78 -3.48894 1.44591
v 2.78 -3.52 1.45
v 2.78 -4.71106 1.44591
v 2.78 -4.68 1.45
v 2.78 -4.76485 1.41485
v 2.78 -4.74 1.43392
v 2.78 -4.8 1.33
v 2.61902 -5.475 1.94616
v 2.58 -5.475 1.95
v 2.58 -2.725 1.95
v 2.72142 -5.475 1.89142
v 2.69111 -5.475 1.91629
v 2.69111 -2.725 1.91629
v 2.65654 -5.475 1.93478
v 2.61902 -2.725 1.94616
v 2.65654 -2.725 1.93478
v 2.76478 -2.725 1.82654
v 2.77616 -5.475 1.78902
v 2.76478 -5.475 1.82654
v 2.72142 -2.725 1.89142
v 2.74629 -2.725 1.86111
v 2.74629 -5.475 1.86111
v 2.77616 -2.725 1.78902
v -2.79 -3.41608 0.51
v -2.79 -3.43515 0.485147
v -2.79 -2.725 0.25
v -2.79 -3.52 0.45
v -2.79 -3.025 -0.0499999
v -2.79 -3.48894 0.454089
v -2.79 -2.97291 -0.0454423
v -2.79 -2.92239 -0.0319078
v -2.79 -2.875 -0.00980762
v -2.79 -2.83216 0.0201867
v -2.79 -2.79519 0.0571637
v -2.79 -2.76519 0.1
v -2.79 -4.3 -0.25
v -2.79 -5.27504 -0.186052
v -2.79 -4.3 -0.4
v -2.79 -2.74309 0.147394
v -2.79 -2.72956 0.197906
v -2.79 -4.1 -0.05
v -2.79 -4.21111 -0.0837061
v -2.79 -4.17654 -0.0652241
v -2.79 -4.68 0.45
v -2.79 -4.24142 -0.108579
v -2.79 -4.26629 -0.138886
v -2.79 -5.475 1.75
v -2.79 -4.8 1.33
v -2.79 -4.79591 1.36106
v -2.79 -5.25841 -0.136583
v -2.79 -5.26567 -0.161735
v -2.79 -5.25186 -0.0327831
v -2.79 -5.25009 -0.058864
v -2.79 -4.28478 -0.173463
v -2.79 -5.3 -0.4
v -2.79 -5.28648 -0.20944
v -2.79 -5.3 -0.231899
v -2.79 -5.46608 0.329707
v -2.79 -4.78392 0.51
v -2.79 -5.47102 0.353616
v -2.79 -5.38085 0.184282
v -2.79 -5.41352 0.220363
v -2.79 -4.29616 -0.210982
v -2.79 -4.76485 0.485147
v -2.79 -5.36261 0.167997
v -2.79 -5.2506 -0.0849705
v -2.79 -5.25339 -0.11098
v -2.79 -5.27059 0.0431484
v -2.79 -4.71106 0.454089
v -2.79 -5.28115 0.0670298
v -2.79 -5.25589 -0.00696371
v -2.79 -5.3247 0.132022
v -2.79 -5.3083 0.111633
v -2.79 -4.74 0.466077
v -2.79 -5.29377 0.0899534
v -2.79 -5.34277 0.150853
v -2.79 -5.43987 0.261447
v -2.79 -5.42754 0.240371
v -2.79 -5.39797 0.201597
v -2.79 -5.4592 0.306244
v -2.79 -5.45047 0.283485
v -2.79 -5.475 0.402307
v -2.79 -5.474 0.377848
v -2.79 -4.79591 0.538942
v -2.79 -4.8 0.57
v -2.79 -3.52 1.45
v -2.79 -2.725 1.75
v -2.79 -4.71106 1.44591
v -2.79 -4.68 1.45
v -2.79 -4.76485 1.41485
v -2.79 -4.74 1.43392
v -2.79 -4.78392 1.39
v -2.79 -5.26214 0.0184002
v -2.79 -4.13902 -0.0538429
v -2.79 -3.46 0.466077
v -2.79 -3.4 0.57
v -2.79 -3.40409 0.538942
v -2.79 -3.4 1.33
v -2.79 -3.41608 1.39
v -2.79 -3.40409 1.36106
v -2.79 -3.46 1.43392
v -2.79 -3.43515 1.41485
v -2.79 -3.48894 1.44591
v -2.78616 -5.475 1.78902
v -2.73142 -5.475 1.89142
v -2.75629 -5.475 1.86111
v -2.75629 -2.725 1.86111
v -2.77478 -5.475 1.82654
v -2.78616 -2.725 1.78902
v -2.77478 -2.725 1.82654
v -2.66654 -2.725 1.93478
v -2.62902 -5.475 1.94616
v -2.66654 -5.475 1.93478
v -2.73142 -2.725 1.89142
v -2.70111 -2.725 1.91629
v -2.70111 -5.475 1.91629
v -2.59 -5.475 1.95
v -2.62902 -2.725 1.94616
v -2.59 -2.725 1.95
v 2.55 -4.925 1.95
v 2.55 -5.475 1.95
v 2.75 -5.5 1.75
v 2.55 -4.375 1.95
v 2.55 -3.825 1.95
v 2.75 -2.7 1.75
v 2.55 -3.275 1.95
v 2.55 -2.725 1.95
v 2.55 -2.7 1.95
v 2.55 -5.5 1.95
v 1.43565 -3.46785 1.95
v 1.47789 -3.47441 1.95
v -1.2827 -3.33938 1.95
v 1.29544 -3.37558 1.95
v -1.30543 -3.37558 1.95
v -1.48788 -3.47442 1.95
v -1.44565 -3.46786 1.95
v -1.40515 -3.45419 1.95
v -1.334 -3.40737 1.95
v 1.35757 -3.43384 1.95
v -1.36757 -3.43383 1.95
v -1.26647 -3.29984 1.95
v 1.2727 -3.33938 1.95
v 1.25647 -3.29984 1.95
v 1.10748 -2.825 1.95
v -1.11748 -2.825 1.95
v 1.324 -3.40737 1.95
v 1.39515 -3.45419 1.95
v 1.83389 -2.75871 1.95
v 1.86846 -2.74022 1.95
v 1.90598 -2.72884 1.95
v 1.77871 -2.81389 1.95
v 1.80358 -2.78358 1.95
v 1.76022 -2.84846 1.95
v 1.74884 -2.88598 1.95
v 2.34833 -2.725 1.95
v 1.745 -2.925 1.95
v 1.70806 -3.35579 1.95
v 1.72835 -3.31471 1.95
v 1.60816 -3.44793 1.95
v 1.56558 -3.46483 1.95
v 2.14667 -2.725 1.95
v 1.945 -2.725 1.95
v 1.68062 -3.39247 1.95
v 1.64694 -3.42353 1.95
v 1.7408 -3.27062 1.95
v 1.745 -3.225 1.95
v 3.15 -2.7 1.95
v -1.54563 -5.475 1.95
v 0.719895 -5.24864 1.95
v 0.642634 -5.19906 1.95
v 0.694607 -5.26764 1.95
v -1.03844 -5.475 1.95
v -0.986108 -5.4704 1.95
v -0.844863 -5.40419 1.95
v -0.776208 -5.41891 1.95
v -0.807851 -5.36691 1.95
v 1.53563 -5.475 1.95
v 1.02844 -5.475 1.95
v 0.804984 -5.5 1.95
v -0.739289 -5.34118 1.95
v -0.694607 -5.26764 1.95
v -0.77791 -5.32374 1.95
v 0.29489 -4.95345 1.95
v 0.373802 -4.98775 1.95
v 0.382821 -4.96394 1.95
v -0.471003 -5.00675 1.95
v -0.448793 -5.02995 1.95
v -0.373802 -4.98775 1.95
v 0.0395679 -4.87612 1.95
v 0.043029 -4.9011 1.95
v 0.128257 -4.88503 1.95
v -0.043029 -4.9011 1.95
v 0.215609 -4.90278 1.95
v 0.128632 -4.9099 1.95
v 0.300748 -4.92917 1.95
v 0.21288 -4.92741 1.95
v 0.461003 -5.00675 1.95
v 0.448793 -5.02995 1.95
v -0.29489 -4.95345 1.95
v -0.21288 -4.92741 1.95
v -0.310748 -4.92917 1.95
v 0.519077 -5.07959 1.95
v 0.534511 -5.05717 1.95
v -0.392821 -4.96394 1.95
v 0.602608 -5.11468 1.95
v 0.583918 -5.13616 1.95
v -0.544511 -5.05717 1.95
v -0.519077 -5.07959 1.95
v -0.612608 -5.11468 1.95
v -0.583918 -5.13616 1.95
v 0.66461 -5.17872 1.95
v -0.67461 -5.17872 1.95
v -0.642634 -5.19906 1.95
v -0.729895 -5.24864 1.95
v 0.739289 -5.34118 1.95
v 0.767908 -5.32374 1.95
v 0.834863 -5.40419 1.95
v 0.797851 -5.36691 1.95
v 0.776208 -5.41891 1.95
v 0.92538 -5.45674 1.95
v 0.877812 -5.43444 1.95
v 0.976108 -5.4704 1.95
v -0.887812 -5.43444 1.95
v -0.93538 -5.45674 1.95
v 2.04281 -5.475 1.95
v -2.05281 -5.475 1.95
v -0.128632 -4.9099 1.95
v -0.225609 -4.90278 1.95
v -0.0495679 -4.87612 1.95
v -0.138257 -4.88503 1.95
v -1.69062 -3.39247 1.95
v -1.65694 -3.42353 1.95
v -1.77022 -2.84846 1.95
v -1.78871 -2.81389 1.95
v -1.75884 -2.88598 1.95
v -1.81358 -2.78358 1.95
v -1.87846 -2.74022 1.95
v -1.91598 -2.72884 1.95
v -1.84389 -2.75871 1.95
v -2.35833 -2.725 1.95
v -1.955 -2.725 1.95
v -2.15667 -2.725 1.95
v -1.71806 -3.35579 1.95
v -1.61816 -3.44793 1.95
v -1.57558 -3.46483 1.95
v -1.755 -2.925 1.95
v -1.73835 -3.31471 1.95
v -1.7508 -3.27062 1.95
v -1.755 -3.225 1.95
v 3.15 -2.7 -0.65
v 2.14667 -2.7 -1.3
v 2.02 -2.7 -1.3
v 2.27333 -2.7 -1.3
v 2.02 -2.85 -1.15
v 2.25 -2.85 -1.15
v 2.25 -2.85 1.5
v 2.035 -2.85 -0.632916
v 2.235 -2.85 -0.632916
v 2.02 -2.85 1.5
v 2.235 -2.925 -0.759762
v 2.035 -2.925 -1.3
v 2.035 -2.925 -0.759762
v 2.235 -2.925 -1.3
v 2.25 -5.9 1.5
v 2.035 -5.9 1.29682
v 2.02 -5.9 1.5
v 2.235 -5.9 1.29682
v 2.25 -5.9 -1.15
v 2.02 -5.9 -1.15
v 2.035 -5.9 -1.15
v 2.235 -5.9 -1.15
v 2.235 -5.925 -1.175
v 2.035 -5.925 -1.175
v 2.25 -5.4 -1.15
v 2.4 -5.4 -1.3
v 2.75 -5.5 -1.3
v 3.15 -5.5 -1.3
v 2.75 -5.4 -1.3
v 3.15 -5.5 2.1
v -0.519077 -5.07959 2.1
v 0.583918 -5.13616 2.1
v 0.519077 -5.07959 2.1
v -0.642634 -5.19906 2.1
v -0.694607 -5.26764 2.1
v 0.694607 -5.26764 2.1
v -0.776208 -5.41891 2.1
v 0.804984 -5.5 2.1
v 0.776208 -5.41891 2.1
v 0.642634 -5.19906 2.1
v -0.583918 -5.13616 2.1
v -0.29489 -4.95345 2.1
v -0.373802 -4.98775 2.1
v 0.373802 -4.98775 2.1
v 0.448793 -5.02995 2.1
v -0.448793 -5.02995 2.1
v 0.128632 -4.9099 2.1
v -0.128632 -4.9099 2.1
v 0.21288 -4.92741 2.1
v 0.29489 -4.95345 2.1
v -0.21288 -4.92741 2.1
v -0.043029 -4.9011 2.1
v 0.043029 -4.9011 2.1
v 0.739289 -5.34118 2.1
v -0.739289 -5.34118 2.1
v 3.0213 -3.5 0.937221
v 3.0213 -4.7 0.937221
v 3.03713 -4.7 0.896103
v 3.03713 -3.5 0.896103
v 2.99961 -3.5 0.975577
v 2.99961 -4.7 0.975577
v 3.04676 -4.7 0.853109
v 3.04676 -3.5 0.853109
v 3.05 -4.7 0.809167
v 3.05 -3.5 0.809167
v 2.75 -3.5 1.35
v 2.75 -4.7 1.35
v 3.05 -4.7 0.48
v 2.75 -4.7 0.48
v 3.05 -3.5 0.48
v 2.75 -3.5 0.48
v 2.25 -5.4 -0.4
v 2.25 -4.2 -0.4
v 2.25 -4.2 -1.15
v 2.02 -3.18102 0.9
v 2.02 -3.18102 -1.3
v 2.02 -5.56898 0.9
v 1.98409 -5.43989 0.9
v 1.95737 -5.40348 0.9
v 1.92454 -5.37247 0.9
v 2.00382 -5.4805 0.9
v 2.01592 -5.52401 0.9
v 1.95737 -3.34652 0.9
v 1.92454 -3.37753 0.9
v 2.01592 -3.22599 0.9
v 2.00382 -3.2695 0.9
v 1.98409 -3.31011 0.9
v 1.98409 -3.31011 -1.3
v 2.00382 -3.2695 -1.3
v 2.01592 -3.22599 -1.3
v 1.95737 -3.34652 -1.3
v 1.92454 -3.37753 -1.3
v -2.8 -6.575 1.65
v -1.57804 -8.325 1.65
v -2.8 -8.325 1.65
v -1.57804 -6.575 1.65
v -1.57804 -6.575 0.865908
v -1.57804 -8.325 0.865908
v -1.63601 -8.325 0.750643
v -1.68558 -8.325 0.631522
v -1.68558 -6.575 0.631522
v -1.63601 -6.575 0.750643
v -1.72649 -6.575 0.509156
v -1.75853 -6.575 0.384174
v -1.78153 -6.575 0.257218
v -1.79538 -6.575 0.12894
v -1.75853 -8.325 0.384174
v -1.72649 -8.325 0.509156
v -1.78153 -8.325 0.257218
v -1.79538 -8.325 0.12894
v 1.55884 -7.6 0.899999
v 1.61437 -7.6 0.79612
v 1.66298 -7.6 0.68883
v 1.70447 -7.6 0.578591
v 1.73867 -7.6 0.465874
v 1.76541 -7.6 0.351163
v 1.7846 -7.6 0.234947
v 1.79615 -7.6 0.117726
v -1.3 -6.575 -1.76667
v -1.3 -6.575 -1.58333
v -1.51 -5.95 -1.4882
v -1.31 -5.95 -1.4882
v -1.51 -5.95 -1.86583
v -1.31 -5.95 -1.86583
v -2.8 -6.265 -1.35
v -2.8 -6.45 -1.35
v -2.8 -6.6 -1.35
v -2.8 -8.7 -1.23333
v -2.6 -8.7 -1.0
v -2.8 -8.7 -1.11667
v -2.6 -8.7 -1.5
v -2.8 -8.7 -1.0
v -2.8 -8.7 -1.5
v -2.6 -8.715 -1.0
v -2.8 -8.715 -1.0
v -2.8 -8.715 0.9
v -2.57 -8.715 0.9
v -2.6 -6.265 -0.375
v -2.8 -6.265 -0.375
v -2.8 -6.3 -0.2
v -2.6 -6.3 -0.2
v -2.8 -6.3 0.361484
v -2.8 -6.7 0.9
v -2.8 -6.72239 0.902539
v -2.8 -6.71134 0.900651
v -2.8 -8.55029 0.774277
v -2.8 -8.53201 0.809419
v -2.8 -6.73319 0.905672
v -2.8 -6.74358 0.91001
v -2.8 -8.3 0.9
v -2.8 -8.25642 0.910011
v -2.8 -8.27761 0.902539
v -2.8 -8.26684 0.905665
v -2.8 -8.28866 0.900651
v -2.8 -8.36459 0.9
v -2.8 -8.44188 0.884463
v -2.8 -8.47672 0.865613
v -2.8 -8.40401 0.896077
v -2.8 -8.50716 0.840267
v -2.8 -8.69639 0.399305
v -2.8 -8.6857 0.435762
v -2.8 -8.7 0.361484
v -2.8 -6.52328 0.865613
v -2.8 -6.49284 0.840267
v -2.8 -6.44971 0.774278
v -2.8 -6.3143 0.435762
v -2.8 -6.30361 0.399305
v -2.8 -6.46799 0.809419
v -2.8 -6.55812 0.884463
v -2.8 -6.59599 0.896077
v -2.8 -6.63541 0.899999
v -2.57 -8.325 -1.35
v -2.42 -8.325 -1.5
v -2.0 -8.325 -1.5
v -2.8 -13.475 -0.8
v -2.8 -13.05 -0.8
v -2.95 -13.05 -0.95
v -2.95 -13.625 -0.95
v -3.15 -13.05 -0.95
v -3.15 -13.05 -0.5
v -3.15 -14.0 -0.95
v 3.15 -10.75 -0.85
v 3.15 -12.0 -0.85
v 3.75 -12.0 -0.85
v 3.75 -14.0 -0.85
v 3.53 -14.0 -0.85
v 3.53 -12.95 -0.85
v 3.15 -12.95 -0.85
v 3.15 -13.9 -0.85
v 3.05 -14.0 -0.85
v 3.05 -14.0 -1.6
v 3.03975 -14.0 -1.62475
v 3.04535 -14.0 -1.6174
v 3.04877 -14.0 -1.60915
v 3.0326 -14.0 -1.63022
v 3.02415 -14.0 -1.63377
v 3.015 -14.0 -1.635
v 2.05 -14.0 -1.635
v 2.0326 -14.0 -1.63035
v 2.04085 -14.0 -1.63377
v 2.02525 -14.0 -1.62475
v 2.01978 -14.0 -1.6176
v 2.01623 -14.0 -1.60915
v 2.015 -14.0 -1.6
v 2.015 -14.0 -0.9
v 1.915 -13.9 -0.9
v 1.7 -12.2238 -1.55
v 1.9 -12.2238 -1.55
v 1.7 -12.6886 -1.55
v 1.9 -12.6886 -1.55
v 1.7 -12.7122 -1.53632
v 1.7 -12.7652 -1.525
v 1.9 -12.7381 -1.52786
v 1.9 -12.7652 -1.525
v 1.7 -12.7381 -1.52786
v 1.9 -12.7122 -1.53632
v 1.9 -12.8692 -1.525
v 1.7 -12.8692 -1.525
v 1.7 -12.9717 -1.57492
v 1.89997 -12.9807 -1.58813
v 1.7 -12.987 -1.6
v 1.9 -12.9648 -1.56683
v 1.9 -12.9733 -1.57704
v 1.7 -12.951 -1.55395
v 1.9 -12.9552 -1.55746
v 1.9 -12.9334 -1.54195
v 1.7 -12.9262 -1.53815
v 1.9 -12.9447 -1.54911
v 1.9 -12.9214 -1.53591
v 1.9 -12.9089 -1.53121
v 1.7 -12.8985 -1.52833
v 1.9 -12.8959 -1.52775
v 1.9 -12.8827 -1.52571
v 1.90001 -12.987 -1.6
v 1.70106 -12.9962 -1.62693
v 1.90055 -12.9924 -1.61332
v 1.9024 -12.9963 -1.6271
v 1.90575 -12.9985 -1.64099
v 1.70435 -13.0002 -1.655
v 1.91045 -13.0002 -1.655
v 1.91485 -13.9998 -1.66508
v 1.92412 -13.0002 -1.68158
v 1.90376 -13.9998 -1.63338
v 1.9 -13.9998 -1.6
v 1.93273 -13.9998 -1.69352
v 1.95648 -13.9998 -1.71727
v 1.94264 -13.0002 -1.70474
v 1.96549 -13.0002 -1.72391
v 1.98492 -13.9998 -1.73515
v 2.01662 -13.9998 -1.74624
v 1.99171 -13.0002 -1.7382
v 2.02026 -13.0002 -1.74702
v 1.915 -11.1 1.5
v 1.685 -11.1 1.5
v 1.685 -11.1 0.9
v 1.915 -11.1 0.9
v 1.915 -13.85 0.9
v 1.915 -13.85 1.5
v 2.065 -14.0 0.9
v 2.065 -14.0 1.65
v 1.685 -13.85 1.5
v 1.535 -14.0 1.65
v 1.535 -14.0 0.9
v 1.685 -13.85 0.9
v 1.7 -12.2238 1.5
v 1.7 -12.6886 1.5
v 1.9 -12.6886 1.5
v 1.9 -12.2238 1.5
v 1.9 -12.4577 0.920929
v 1.9 -12.4008 0.925
v 1.9 -12.1359 1.47867
v 1.9 -11.2896 0.958706
v 1.9 -11.2008 1.125
v 1.9 -11.3242 0.940224
v 1.9 -11.3242 1.45978
v 1.9 -11.3617 1.47116
v 1.9 -11.2008 1.275
v 1.9 -11.216 1.35154
v 1.9 -11.2046 1.31402
v 1.9 -11.2896 1.44129
v 1.9 -11.2593 1.41642
v 1.9 -11.2345 1.38611
v 1.9 -11.4008 1.475
v 1.9 -11.216 1.04846
v 1.9 -11.2046 1.08598
v 1.9 -11.2345 1.01389
v 1.9 -11.2593 0.983579
v 1.9 -11.4008 0.925
v 1.9 -11.3617 0.928843
v 1.9 -13.9998 1.475
v 1.9 -12.7967 0.581926
v 1.9 -12.7845 0.637693
v 1.9 -12.1052 1.475
v 1.9 -12.1206 1.47592
v 1.9 -12.5134 0.908797
v 1.9 -12.617 0.861502
v 1.9 -12.7381 1.47786
v 1.9 -12.7652 1.475
v 1.9 -12.5669 0.888853
v 1.9 -12.7122 1.48632
v 1.9 -12.6627 0.8273
v 1.9 -12.7031 0.786944
v 1.9 -12.7646 0.691166
v 1.9 -12.7373 0.741256
v 1.9 -12.8008 0.525
v 1.9 -12.7373 -0.791256
v 1.9 -12.7031 -0.836944
v 1.9 -12.6627 -0.8773
v 1.9 -12.617 -0.911501
v 1.9 -12.5134 -0.958797
v 1.9 -12.4577 -0.970929
v 1.9 -12.5669 -0.938853
v 1.9 -12.4008 -0.975
v 1.9 -11.2593 -1.46642
v 1.9 -11.2345 -1.43611
v 1.9 -11.2008 -1.325
v 1.9 -11.3617 -1.52116
v 1.9 -11.4008 -1.525
v 1.9 -11.216 -1.09846
v 1.9 -11.2008 -1.175
v 1.9 -11.2046 -1.13598
v 1.9 -11.3617 -0.978843
v 1.9 -11.3242 -0.990224
v 1.9 -11.2593 -1.03358
v 1.9 -11.2345 -1.06389
v 1.9 -11.2896 -1.00871
v 1.9 -11.4008 -0.975
v 1.9 -11.216 -1.40154
v 1.9 -11.2046 -1.36402
v 1.9 -11.2896 -1.49129
v 1.9 -11.3242 -1.50978
v 1.9 -12.8008 -0.575
v 1.9 -12.1052 -1.525
v 1.9 -12.1206 -1.52592
v 1.9 -12.1359 -1.52867
v 1.9 -12.7646 -0.741166
v 1.9 -12.7845 -0.687693
v 1.9 -12.7967 -0.631926
v 2.585 -9.70405 -1.29
v 2.785 -9.49953 -1.265
v 2.785 -9.70405 -1.29
v 2.585 -9.49953 -1.265
v 2.785 -10.1084 -1.27818
v 2.585 -10.1084 -1.27818
v 2.585 -10.0958 -1.29
v 2.785 -10.0958 -1.29
v 2.57 -7.8 -1.29
v 2.8 -7.8 -1.29
v 2.8 -13.9 -1.29
v 2.57 -13.9 -1.29
v 2.585 -13.286 -1.29
v 2.785 -13.286 -1.29
v 2.8 -7.8 -1.05
v 2.57 -7.8 -1.05
v 2.8 -7.65 -0.9
v 2.57 -7.65 -0.9
v 2.57 -13.9 -0.9
v 2.47 -14.0 -0.9
v 2.47 -14.0 -1.39
v 2.9 -14.0 -0.85
v 2.8 -13.9 -0.85
v 2.9 -14.0 -1.39
v 2.8 -10.75 -0.85
v 2.8 -10.75 -0.4
v 2.9 -14.0 -0.5
v 2.8 -13.9 -0.4
v 2.8 -13.9 1.56
v 2.9 -14.0 1.66
v 2.785 -13.286 1.56
v 2.585 -13.286 1.56
v 1.9 -6.6 0.9
v 2.8 -6.6 0.9
v 1.9 -7.6 0.9
v 1.9 -7.6 -0.9
v 1.9 -6.6 -0.9
v 2.8 -6.6 -0.9
v -2.59 -13.475 -0.0364474
v -2.79 -13.475 -0.0364474
v 0.311507 -11.1636 2.0001
v 0.331332 -11.1976 2.0
v 0.323898 -11.1785 2.0
v 0.23547 -11.1445 2.0
v 0.249264 -11.3012 2.0
v 0.248852 -11.1445 2.0
v 0.33381 -11.2209 2.0001
v 0.312079 -11.28 2.0001
v 0.3314 -11.2444 2.0
v 0.32416 -11.2641 2.0
v 0.300613 -11.1558 2.0
v 0.289521 -11.2947 2.0
v 0.288594 -11.1502 2.0
v 0.275518 -11.1466 2.0
v 0.301472 -11.2885 2.0
v 0.263269 -11.3007 2.0
v 0.26257 -11.1448 2.0
v 0.276345 -11.2987 2.0
v 0.235676 -11.3012 2.0
v 0.222088 -11.1445 2.0001
v 0.222088 -11.3012 2.0001
v 0.453152 -11.1803 2.0
v 0.485928 -11.2131 2.0
v 0.474023 -11.1803 2.0
v 0.441362 -11.2131 2.0
v 0.497832 -11.2458 2.0001
v 0.463312 -11.147 2.0001
v 0.429572 -11.2458 2.0001
v -0.0990734 -11.6156 2.0
v -0.0935302 -11.6231 2.0001
v -0.0849977 -11.628 2.0
v -0.0719661 -11.5791 2.0
v -0.0836747 -11.5819 2.0
v -0.0464292 -11.6177 2.0001
v -0.0740868 -11.6296 2.0001
v -0.100913 -11.6061 2.0001
v -0.0587763 -11.6266 2.0
v -0.0992099 -11.5956 2.0
v -0.0941541 -11.5877 2.0001
v -0.0409231 -11.6103 2.0
v -0.0373804 -11.6019 2.0
v -0.0596154 -11.5774 2.0
v -0.0357135 -11.5929 2.0
v -0.0475636 -11.5758 2.0
v -0.0355117 -11.5834 2.0
v -0.0355117 -11.5742 2.0001
v 0.566196 -11.4862 2.0001
v 0.586021 -11.5202 2.0
v 0.578587 -11.5011 2.0
v 0.490159 -11.4671 2.0
v 0.503952 -11.6239 2.0
v 0.503541 -11.4671 2.0
v 0.588499 -11.5435 2.0001
v 0.566768 -11.6027 2.0001
v 0.586088 -11.567 2.0
v 0.578848 -11.5867 2.0
v 0.555302 -11.4785 2.0
v 0.54421 -11.6173 2.0
v 0.543282 -11.4729 2.0
v 0.530206 -11.4692 2.0
v 0.556161 -11.6111 2.0
v 0.517957 -11.6234 2.0
v 0.517259 -11.4674 2.0
v 0.531034 -11.6214 2.0
v 0.490365 -11.6239 2.0
v 0.476777 -11.4671 2.0001
v 0.476777 -11.6239 2.0001
v 0.707841 -11.5029 2.0
v 0.740616 -11.5357 2.0
v 0.728712 -11.503 2.0
v 0.696051 -11.5357 2.0
v 0.752521 -11.5685 2.0001
v 0.718001 -11.4697 2.0001
v 0.684261 -11.5685 2.0001
v -0.9977 -11.5599 2.0
v -0.98089 -11.6001 2.0
v -0.985431 -11.5778 2.0
v -1.01505 -11.6519 2.0
v -1.0733 -11.5567 2.0
v -1.0858 -11.5713 2.0
v -1.01566 -11.548 2.0
v -1.03728 -11.5437 2.0001
v -0.985228 -11.6217 2.0
v -1.03728 -11.6565 2.0001
v -0.997157 -11.6396 2.0
v -1.05665 -11.5471 2.0
v -1.09274 -11.5897 2.0
v -1.05665 -11.653 2.0
v -1.0733 -11.6434 2.0
v -1.09274 -11.6104 2.0
v -1.0858 -11.6288 2.0
v -1.88328 -7.44625 -0.442537
v -1.88492 -7.49764 -0.437911
v -1.90336 -7.46058 -0.443145
newmtl 2
Ka 1.0 1.0 1.0
Kd 0.9647058823529412 0.8784313725490196 0.6
Ks 0.7529411764705882 0.7529411764705882 0.7529411764705882
d 1.0
endmtl
v -1.78814 -7.78062 -0.662917
v -1.79202 -7.75216 -0.619449
v -1.77694 -7.76467 -0.662079
v -1.80413 -7.76736 -0.617718
v -1.80614 -7.732 -0.579514
v -1.78619 -7.73425 -0.62453
v -1.7722 -7.74585 -0.66407
v -1.75774 -7.74999 -0.704982
v -1.76138 -7.76913 -0.706107
v -1.83623 -7.75532 -0.575604
v -1.84317 -7.7763 -0.613359
v -1.85477 -7.75885 -0.580559
v -1.83261 -7.71713 -0.537177
v -1.84424 -7.68168 -0.504282
v -1.82985 -7.67135 -0.512462
v -1.83561 -7.58372 -0.48478
v -1.84522 -7.59003 -0.469008
v -1.83926 -7.54155 -0.474446
v -1.86232 -7.68858 -0.50181
v -1.85025 -7.72538 -0.535954
v -1.87529 -7.71105 -0.522522
v -1.82894 -7.32537 -0.515057
v -1.85289 -7.35536 -0.47983
v -1.84327 -7.31484 -0.507034
v -1.90338 -7.53898 -0.443091
v -1.88356 -7.54911 -0.441766
v -1.79068 -7.24637 -0.623243
v -1.81779 -7.25175 -0.579083
v -1.80271 -7.23109 -0.621741
v -1.84904 -7.27159 -0.539358
v -1.86131 -7.30781 -0.504666
v -1.87463 -7.28696 -0.524401
v -1.78665 -7.21859 -0.667133
v -1.81921 -7.22087 -0.62373
v -1.83487 -7.24232 -0.579453
v -1.84192 -7.22213 -0.616907
v -1.78539 -7.20382 -0.719369
v -1.80255 -7.20791 -0.670846
v -1.81656 -7.2023 -0.688597
v -1.80342 -7.20001 -0.725777
v -1.77012 -7.21465 -0.71388
v -1.75995 -7.23087 -0.710145
v -1.82942 -7.20969 -0.65223
v -1.75641 -7.25001 -0.708733
v -1.77554 -7.23459 -0.666055
v -1.86471 -7.2611 -0.552462
v -1.78496 -7.26441 -0.627983
v -1.80491 -7.26586 -0.583011
v -1.89653 -7.38457 -0.462476
v -1.8907 -7.34931 -0.47896
v -1.8713 -7.34987 -0.47643
v -1.88335 -7.31653 -0.499748
v -1.83145 -7.27995 -0.540456
v -1.8647 -7.54731 -0.446435
v -1.86601 -7.49773 -0.442721
v -1.85039 -7.49786 -0.4544
v -1.8787 -7.39648 -0.455507
v -1.81779 -7.29246 -0.546579
v -1.90423 -7.5 -0.440693
v -1.90078 -7.42187 -0.450457
v -1.83801 -7.36358 -0.4894
v -1.86002 -7.40027 -0.459673
v -1.84473 -7.40594 -0.470388
v -1.86444 -7.44821 -0.447178
v -1.88382 -7.68161 -0.498415
v -1.89099 -7.64918 -0.478137
v -1.87208 -7.64605 -0.474208
v -1.84042 -7.49811 -0.471174
v -1.83904 -7.45472 -0.475064
v -1.89672 -7.61409 -0.461944
v -1.87923 -7.59909 -0.453987
v -1.90087 -7.57709 -0.450195
v -1.82957 -7.62335 -0.501859
v -1.82132 -7.65923 -0.525164
v -1.85365 -7.64071 -0.47769
v -1.86054 -7.59546 -0.458209
v -1.82068 -7.77752 -0.619555
v -1.86555 -7.73695 -0.550061
v -1.80409 -7.79128 -0.66647
v -1.7993 -7.71553 -0.587446
v -1.81113 -7.69027 -0.553985
v -1.78696 -7.79618 -0.714926
v -1.81815 -7.79707 -0.68411
v -1.77164 -7.78535 -0.709599
v -1.80501 -7.79999 -0.721277
v -1.85376 -7.2394 -0.58341
v -1.7709 -7.25346 -0.667763
v -1.79818 -7.28253 -0.590602
v -1.81015 -7.30725 -0.556756
v -1.82051 -7.33784 -0.527475
v -1.82893 -7.37335 -0.503648
v -1.83517 -7.41271 -0.485999
v -1.8489 -7.45116 -0.458604
v -1.84915 -7.54462 -0.457902
v -1.83872 -7.63271 -0.487381
v -1.81888 -7.70479 -0.543486
v -1.8191 -7.74598 -0.575376
v -1.83089 -7.78912 -0.648074
v 4.54659 -13.8513 -0.6
v 4.53654 -13.8245 -0.8
v 4.53654 -13.8245 -0.6
v 4.52042 -13.8009 -0.8
v 4.54659 -13.8513 -0.8
v 4.55 -13.8798 -0.6
v 4.55 -13.8798 -0.8
v 4.52042 -13.8009 -0.6
v 4.49916 -13.7817 -0.8
v 4.49916 -13.7817 -0.6
v 4.47397 -13.7681 -0.8
v 4.47397 -13.7681 -0.6
v -1.54813 -7.18929 -0.96568
v -1.5397 -7.17557 -0.897089
v -1.52638 -7.21098 -0.934766
v -1.58717 -7.10416 -0.762853
v -1.6046 -7.0933 -0.713562
v -1.58269 -7.12865 -0.700545
v -1.51127 -7.2361 -0.902523
v -1.52344 -7.20377 -0.86812
v -1.5626 -7.21748 -1.03184
v -1.55142 -7.26803 -1.06344
v -1.58333 -7.25887 -1.09167
v -1.5022 -7.34856 -0.827704
v -1.48723 -7.3541 -0.881444
v -1.49425 -7.32231 -0.86157
v -1.55445 -7.14564 -0.855399
v -1.5369 -7.17644 -0.830054
v -1.47757 -7.42451 -0.908754
v -1.47464 -7.41368 -0.950863
v -1.48163 -7.38836 -0.897261
v -1.5147 -7.25128 -0.967794
v -1.50061 -7.2729 -0.93268
v -1.47182 -7.45647 -0.958839
v -1.4751 -7.46193 -0.915729
v -1.47088 -7.5 -0.961512
v -1.47428 -7.5 -0.918067
v -1.48587 -7.46751 -0.873873
v -1.48517 -7.5 -0.875873
v -1.60342 -7.37233 -1.16111
v -1.6103 -7.3112 -1.14168
v -1.57409 -7.3155 -1.11781
v -1.54253 -7.3225 -1.08859
v -1.56737 -7.37524 -1.13681
v -1.61976 -7.25326 -1.11493
v -1.63751 -7.5 -1.19492
v -1.63892 -7.43513 -1.19093
v -1.59925 -7.43562 -1.17291
v -1.56246 -7.15122 -0.925175
v -1.57587 -7.1717 -0.994323
v -1.57036 -7.1217 -0.810399
v -1.55143 -7.15458 -0.788966
v -1.51415 -7.23496 -0.83915
v -1.5783 -7.11905 -0.880357
v -1.591 -7.13148 -0.951525
v -1.60775 -7.09748 -0.90417
v -1.59541 -7.09332 -0.831981
v -1.56678 -7.13856 -0.745552
v -1.62582 -7.07029 -0.853056
v -1.61349 -7.07445 -0.780867
v -1.65131 -7.05851 -0.67391
v -1.63223 -7.06279 -0.727878
v -1.66472 -7.03804 -0.743059
v -1.5989 -7.12502 -0.654707
v -1.62236 -7.08932 -0.66336
v -1.68488 -7.03351 -0.686035
v -1.7011 -7.0198 -0.758642
v -1.74026 -7.00863 -0.774156
v -1.76171 -7.00382 -0.713502
v -1.72206 -7.0151 -0.699368
v -1.78101 -7.00487 -0.789127
v -1.80263 -7.00003 -0.72801
v -1.58167 -7.16451 -0.648213
v -1.64492 -7.05036 -0.799048
v -1.56716 -7.16776 -0.689223
v -1.57117 -7.2066 -0.644075
v -1.55848 -7.20945 -0.67994
v -1.4962 -7.37569 -0.844668
v -1.5569 -7.25244 -0.673025
v -1.56772 -7.25001 -0.64242
v -1.54633 -7.25902 -0.702907
v -1.54603 -7.2172 -0.715155
v -1.53609 -7.2697 -0.73188
v -1.53402 -7.22973 -0.749123
v -1.50932 -7.32401 -0.807572
v -1.55292 -7.17663 -0.72949
v -1.68052 -7.03261 -0.816842
v -1.7192 -7.02174 -0.833709
v -1.75979 -7.01808 -0.849136
v -1.52265 -7.24684 -0.781272
v -1.52638 -7.28429 -0.759317
v -1.53919 -7.19096 -0.768331
v -1.66067 -7.05333 -0.872982
v -1.69889 -7.04294 -0.891155
v -1.73932 -7.03944 -0.907022
v -1.51212 -7.26822 -0.811056
v -1.52619 -7.21052 -0.805092
v -1.64188 -7.08159 -0.926114
v -1.67966 -7.07186 -0.945522
v -1.71995 -7.06858 -0.961805
v -1.51743 -7.30247 -0.784638
v -1.5026 -7.29352 -0.837974
v -1.62447 -7.11693 -0.975339
v -1.66185 -7.10802 -0.995893
v -1.702 -7.10502 -1.01256
v -1.49145 -7.40482 -0.858114
v -1.48798 -7.4356 -0.867913
v -1.53558 -7.23262 -1.00119
v -1.60874 -7.15874 -1.01983
v -1.64575 -7.15081 -1.04141
v -1.68578 -7.14813 -1.05843
v -1.50326 -7.26389 -0.869929
v -1.49372 -7.29682 -0.896909
v -1.53607 -7.37997 -1.10686
v -1.59495 -7.20633 -1.05882
v -1.63164 -7.1995 -1.08132
v -1.67156 -7.1972 -1.09864
v -1.49162 -7.31353 -0.95808
v -1.50486 -7.29578 -0.995613
v -1.48568 -7.33317 -0.919635
v -1.525 -7.28046 -1.03109
v -1.65958 -7.25138 -1.13251
v -1.48447 -7.35732 -0.978296
v -1.49703 -7.34374 -1.01775
v -1.47929 -7.37235 -0.937721
v -1.51658 -7.33201 -1.05489
v -1.65005 -7.30976 -1.15946
v -1.47613 -7.45135 -1.0019
v -1.47507 -7.5 -1.00489
v -1.47928 -7.40352 -0.992985
v -1.49134 -7.39433 -1.03384
v -1.51047 -7.38641 -1.07219
v -1.64313 -7.37136 -1.17905
v -1.48789 -7.44672 -1.0436
v -1.50676 -7.44272 -1.08268
v -1.53215 -7.43948 -1.11795
v -1.5633 -7.43709 -1.14833
v -1.48673 -7.5 -1.04687
v -1.50551 -7.5 -1.0862
v -1.53083 -7.5 -1.12167
v -1.56193 -7.5 -1.1522
v -1.59785 -7.5 -1.17686
v -1.94602 -7.59224 -0.253608
v -1.92315 -7.62767 -0.25699
v -1.92732 -7.56438 -0.245195
v -1.68892 -7.7639 -0.400165
v -1.67675 -7.79624 -0.434568
v -1.65131 -7.76504 -0.451259
v -1.78042 -7.71954 -0.30881
v -1.8213 -7.73197 -0.300265
v -1.76984 -7.76738 -0.338716
v -1.91627 -7.6888 -0.276427
v -1.87311 -7.68451 -0.272227
v -1.86387 -7.74113 -0.298369
v -1.81013 -7.78252 -0.331865
v -1.72094 -7.78902 -0.384588
v -1.64558 -7.59518 -0.422242
v -1.64905 -7.5644 -0.412443
v -1.66662 -7.57549 -0.374134
v -1.69958 -7.7271 -0.370008
v -1.70856 -7.68647 -0.344608
v -1.74245 -7.70422 -0.323742
v -1.66256 -7.61164 -0.385627
v -1.69082 -7.58632 -0.339545
v -1.66909 -7.53807 -0.367159
v -1.69364 -7.54353 -0.33157
v -1.69112 -7.5 -0.333203
v -1.65116 -7.53249 -0.406484
v -1.66857 -7.5 -0.367234
v -1.87983 -7.62476 -0.253232
v -1.65186 -7.5 -0.404484
v -1.8302 -7.6775 -0.275117
v -1.83666 -7.62003 -0.256843
v -1.94677 -7.53099 -0.24595
v -1.94649 -7.5617 -0.248823
v -1.75729 -7.81071 -0.374221
v -1.94685 -7.5 -0.244961
v -1.90653 -7.5 -0.238552
v -1.70761 -7.82444 -0.422266
v -1.89493 -7.80051 -0.336787
v -1.85225 -7.79368 -0.331215
v -1.90681 -7.74674 -0.303176
v -1.69287 -7.85436 -0.463956
v -1.66329 -7.82356 -0.472635
v -1.83846 -7.84126 -0.370212
v -1.88082 -7.8492 -0.376691
v -1.86472 -7.89198 -0.422213
v -1.82273 -7.88307 -0.414699
v -1.64876 -7.84542 -0.513723
v -1.67696 -7.8783 -0.508956
v -1.66014 -7.89585 -0.556503
v -1.63341 -7.86144 -0.557137
v -1.63927 -7.78948 -0.485317
v -1.90423 -7.9 -0.440691
v -1.84691 -7.92814 -0.472583
v -1.64271 -7.9067 -0.605794
v -1.61749 -7.87135 -0.602144
v -1.62627 -7.80904 -0.522078
v -1.76498 -7.90252 -0.459534
v -1.72711 -7.88095 -0.459545
v -1.78173 -7.86852 -0.412178
v -1.61253 -7.82337 -0.560919
v -1.60128 -7.87498 -0.647983
v -1.62496 -7.91068 -0.655996
v -1.65411 -7.94149 -0.665993
v -1.67319 -7.93721 -0.612024
v -1.70801 -7.96197 -0.620646
v -1.68784 -7.96648 -0.67767
v -1.72514 -7.9849 -0.690672
v -1.7461 -7.9802 -0.631397
v -1.78631 -7.99137 -0.643951
v -1.76486 -7.99618 -0.704605
v -1.82686 -7.99536 -0.659471
v -1.8058 -7.99998 -0.719044
v -1.58379 -7.83549 -0.642197
v -1.5983 -7.83224 -0.601186
v -1.69193 -7.92555 -0.559035
v -1.72781 -7.94964 -0.564657
v -1.58571 -7.79056 -0.602948
v -1.56931 -7.74999 -0.637937
v -1.58013 -7.74756 -0.607331
v -1.57303 -7.7934 -0.638814
v -1.64083 -7.62431 -0.435688
v -1.65697 -7.6459 -0.401444
v -1.5907 -7.74098 -0.577449
v -1.59816 -7.7828 -0.567734
v -1.60094 -7.7303 -0.548476
v -1.61017 -7.77027 -0.533765
v -1.63208 -7.73178 -0.471832
v -1.61065 -7.71571 -0.521039
v -1.6196 -7.69753 -0.495718
v -1.62154 -7.75317 -0.501617
v -1.76668 -7.96739 -0.573197
v -1.80737 -7.97826 -0.584398
v -1.84757 -7.98279 -0.600926
v -1.71001 -7.90669 -0.50792
v -1.74691 -7.92971 -0.510648
v -1.78653 -7.94667 -0.517057
v -1.82768 -7.95706 -0.526951
v -1.86757 -7.96247 -0.54435
v -1.64994 -7.67769 -0.421319
v -1.62771 -7.67599 -0.472784
v -1.63483 -7.65144 -0.452652
v -1.80532 -7.91841 -0.463925
v -1.88656 -7.93473 -0.490651
v -1.64159 -7.70648 -0.444914
v -1.74296 -7.84878 -0.414726
v -1.79686 -7.8283 -0.36938
v -1.91191 -7.88062 -0.417733
v -1.9186 -7.85989 -0.395866
v -1.6622 -7.73611 -0.42048
v -1.73262 -7.74872 -0.35156
v -1.67174 -7.70319 -0.393499
v -1.92913 -7.81432 -0.355405
v -1.92429 -7.83771 -0.375003
v -1.78883 -7.66799 -0.285008
v -1.67978 -7.66683 -0.370774
v -1.93649 -7.76403 -0.320204
v -1.93316 -7.78971 -0.337081
v -1.71571 -7.64268 -0.324392
v -1.75028 -7.65626 -0.301602
v -1.68617 -7.62765 -0.352687
v -1.94135 -7.7097 -0.291107
v -1.9392 -7.73732 -0.304841
v -1.72091 -7.59648 -0.309703
v -1.75597 -7.60567 -0.285514
v -1.79495 -7.6136 -0.267714
v -1.94434 -7.65214 -0.268772
v -1.94305 -7.68128 -0.279071
v -1.72406 -7.54865 -0.300789
v -1.75942 -7.55328 -0.275752
v -1.79866 -7.55728 -0.257219
v -1.84058 -7.56052 -0.245754
v -1.8839 -7.56291 -0.241705
v -1.94533 -7.62244 -0.260281
v -1.7189 -7.5 -0.303298
v -1.75117 -7.5 -0.278317
v -1.78707 -7.5 -0.258924
v -1.82564 -7.5 -0.24563
v -1.86584 -7.5 -0.238785
v -2.02653 -7.83555 -0.593641
v -2.04978 -7.86538 -0.583325
v -2.04049 -7.80721 -0.554164
v -1.88043 -7.77988 -0.625028
v -2.06498 -7.83452 -0.540338
v -2.08338 -7.86416 -0.522444
v -2.08817 -7.84363 -0.505876
v -2.01542 -7.99536 -0.72615
v -2.03612 -7.98279 -0.667606
v -2.0301 -7.94431 -0.673117
v -2.06683 -7.89775 -0.569239
v -2.04897 -7.92462 -0.619748
v -1.98801 -7.73484 -0.537051
v -1.97719 -7.76362 -0.567666
v -2.01084 -7.78326 -0.563392
v -1.90437 -7.80383 -0.669853
v -1.86799 -7.79286 -0.660204
v -1.8551 -7.80089 -0.696671
v -1.84196 -7.80383 -0.733811
v -1.87737 -7.81521 -0.746218
v -1.891 -7.81216 -0.707686
v -1.8922 -7.76217 -0.591736
v -1.90311 -7.74003 -0.560892
v -2.03337 -7.89006 -0.629723
v -1.99435 -7.99998 -0.785724
v -2.01053 -7.9565 -0.728443
v -2.05311 -7.77367 -0.518488
v -2.02248 -7.75235 -0.530496
v -2.0915 -7.87178 -0.507197
v -2.07514 -7.78721 -0.500766
v -1.9975 -7.7021 -0.510215
v -1.95104 -7.72183 -0.537903
v -1.96755 -7.65675 -0.491201
v -1.96 -7.6909 -0.512553
v -1.92889 -7.65109 -0.488002
v -1.93468 -7.61561 -0.471622
v -2.03267 -7.71716 -0.501659
v -1.92445 -7.83046 -0.716789
v -1.93861 -7.82164 -0.676738
v -1.92161 -7.68401 -0.508583
v -1.91297 -7.71383 -0.533017
v -2.0055 -7.66594 -0.487611
v -1.97356 -7.61994 -0.474208
v -2.00287 -7.63538 -0.475122
v -1.93889 -7.57818 -0.45972
v -1.97095 -7.58934 -0.464408
v -1.95395 -7.56672 -0.458461
v -1.93743 -7.5447 -0.45262
v -1.92053 -7.52203 -0.446583
v -1.98679 -7.6118 -0.469785
v -2.01709 -7.65886 -0.480213
v -2.03074 -7.68361 -0.485374
v -2.05533 -7.73418 -0.494224
v -2.04341 -7.70814 -0.490152
v -1.94081 -7.74902 -0.566822
v -2.01146 -7.85821 -0.636251
v -1.99554 -7.87483 -0.681273
v -2.01604 -7.90815 -0.678748
v -2.06604 -7.76039 -0.497662
v -1.96521 -7.78793 -0.601541
v -1.99797 -7.8094 -0.599792
v -1.92949 -7.77199 -0.598821
v -2.08267 -7.81529 -0.503682
v -2.09279 -7.9 -0.50737
v -1.95228 -7.80739 -0.638105
v -1.98408 -7.8303 -0.639081
v -1.91728 -7.79036 -0.633359
v -2.07512 -7.93473 -0.55733
v -1.9694 -7.84561 -0.680594
v -2.05613 -7.96247 -0.61103
v -1.95418 -7.85509 -0.72363
v -1.97904 -7.8851 -0.727946
v -1.99806 -7.91934 -0.729571
v -1.99061 -7.96096 -0.784792
v -1.91003 -7.83369 -0.75758
v -1.93868 -7.85856 -0.767461
v -1.96222 -7.88887 -0.775482
v -1.97976 -7.92344 -0.781334
v -1.79137 -7.79752 -0.759842
v -1.8146 -7.79334 -0.811195
v -1.82816 -7.80139 -0.772841
v -1.86305 -7.81268 -0.78671
v -1.78754 -7.2419 -0.887696
v -1.75144 -7.24516 -0.872752
v -1.79976 -7.22248 -0.853154
v -1.89277 -7.16985 -0.806374
v -1.87794 -7.17954 -0.848331
v -1.84705 -7.19729 -0.831942
v -1.89487 -7.83102 -0.800446
v -1.86562 -7.80733 -0.883164
v -1.89096 -7.83023 -0.902406
v -1.87997 -7.82217 -0.842569
v -1.83958 -7.76085 -0.956791
v -1.86298 -7.78029 -0.981521
v -1.85207 -7.78676 -0.921476
v -1.89468 -7.83418 -0.966479
v -1.8764 -7.80813 -0.943574
v -1.85579 -7.72727 -1.07648
v -1.85095 -7.74723 -1.01554
v -1.84053 -7.70956 -1.045
v -1.86708 -7.76813 -1.04453
v -1.81869 -7.69503 -1.01586
v -1.81068 -7.65634 -1.03853
v -1.83192 -7.66799 -1.06935
v -1.82838 -7.73008 -0.988451
v -1.82073 -7.57629 -1.101
v -1.80449 -7.61474 -1.05601
v -1.80026 -7.571 -1.06798
v -1.82528 -7.62329 -1.08813
v -1.83924 -7.63371 -1.12326
v -1.79791 -7.48039 -1.07464
v -1.79983 -7.43522 -1.0692
v -1.82027 -7.43039 -1.10231
v -1.83156 -7.47715 -1.14497
v -1.81836 -7.52787 -1.10771
v -1.8182 -7.47893 -1.10815
v -1.96677 -7.04393 -0.852196
v -1.99118 -7.00002 -0.794689
v -1.9685 -7.00533 -0.858832
v -1.83088 -7.33807 -1.0723
v -1.80379 -7.39124 -1.05801
v -1.8097 -7.3493 -1.04128
v -1.94627 -7.01985 -0.921697
v -1.94628 -7.05732 -0.910155
v -1.83922 -7.29601 -1.04871
v -1.8494 -7.25775 -1.01993
v -1.8654 -7.23728 -1.04929
v -1.83794 -7.24315 -0.961433
v -1.86122 -7.22401 -0.986508
v -1.82694 -7.27456 -0.992535
v -1.89258 -7.16967 -0.972437
v -1.90392 -7.14029 -0.995801
v -1.87822 -7.20068 -1.01304
v -1.81274 -7.20822 -0.816441
v -1.77632 -7.26614 -0.919421
v -1.74038 -7.26905 -0.904043
v -1.84003 -7.19617 -0.73926
v -1.87537 -7.18479 -0.75187
v -1.82625 -7.19939 -0.778239
v -1.86107 -7.18813 -0.792309
v -1.78964 -7.2032 -0.764735
v -1.81747 -7.31016 -1.01932
v -1.92658 -7.07895 -0.965856
v -1.92491 -7.04331 -0.982113
v -1.90805 -7.10842 -1.01826
v -1.84531 -7.32438 -1.10609
v -1.82452 -7.38314 -1.09028
v -1.85436 -7.27877 -1.0805
v -1.83842 -7.37326 -1.12559
v -1.79805 -7.52594 -1.07423
v -1.83381 -7.4245 -1.13863
v -1.83173 -7.53023 -1.14449
v -1.83431 -7.58274 -1.13721
v -1.84645 -7.68219 -1.10288
v -1.88013 -7.80398 -1.00763
v -1.90638 -7.84619 -0.858785
v -1.91047 -7.85815 -0.921832
v -1.92239 -7.85569 -0.813522
v -1.9272 -7.87545 -0.874524
v -1.94456 -7.88575 -0.825436
v -1.96052 -7.92005 -0.83573
v -1.96967 -7.95727 -0.844007
v -1.97164 -7.99597 -0.84995
v -1.77804 -7.78954 -0.797535
v -1.80153 -7.77983 -0.848157
v -1.84898 -7.80433 -0.8265
v -1.94162 -7.90883 -0.889182
v -1.94909 -7.94505 -0.902196
v -1.94932 -7.98272 -0.913064
v -1.76514 -7.77616 -0.834017
v -1.78919 -7.7611 -0.883041
v -1.83542 -7.79031 -0.864847
v -1.9234 -7.88999 -0.940697
v -1.92926 -7.92454 -0.958274
v -1.92781 -7.96048 -0.97389
v -1.75296 -7.75762 -0.868463
v -1.77782 -7.73751 -0.915195
v -1.82262 -7.77088 -0.901037
v -1.90621 -7.86389 -0.989314
v -1.91054 -7.89613 -1.0112
v -1.90751 -7.92966 -1.03129
v -1.74175 -7.7343 -0.900164
v -1.76762 -7.70949 -0.944021
v -1.81082 -7.7464 -0.934396
v -1.89036 -7.83101 -1.03413
v -1.89329 -7.86034 -1.05998
v -1.8888 -7.89084 -1.08421
v -1.73171 -7.70666 -0.928545
v -1.7588 -7.67757 -0.968982
v -1.80025 -7.71734 -0.964302
v -1.87616 -7.79197 -1.0743
v -1.87783 -7.81784 -1.10372
v -1.87203 -7.84474 -1.13164
v -1.72301 -7.67514 -0.953154
v -1.7515 -7.64235 -0.989615
v -1.79109 -7.68422 -0.990198
v -1.86386 -7.74748 -1.10909
v -1.86444 -7.76941 -1.14159
v -1.8575 -7.79221 -1.17272
v -1.71581 -7.64033 -0.973509
v -1.74587 -7.60447 -1.00553
v -1.78352 -7.64768 -1.0116
v -1.85369 -7.69839 -1.13785
v -1.85337 -7.71596 -1.17289
v -1.8455 -7.73424 -1.20667
v -1.71026 -7.60289 -0.98921
v -1.74202 -7.56464 -1.01644
v -1.77768 -7.60838 -1.02812
v -1.84584 -7.6456 -1.16003
v -1.84483 -7.6585 -1.19704
v -1.83623 -7.67191 -1.23286
v -1.70647 -7.56364 -0.99992
v -1.74 -7.52362 -1.02213
v -1.77368 -7.56707 -1.03943
v -1.84047 -7.5901 -1.17523
v -1.83898 -7.59808 -1.21358
v -1.82989 -7.60638 -1.25081
v -1.7045 -7.52318 -1.00551
v -1.73987 -7.48215 -1.0225
v -1.77159 -7.5245 -1.04533
v -1.83766 -7.53291 -1.18316
v -1.83592 -7.53583 -1.22222
v -1.82658 -7.53886 -1.26017
v -1.70437 -7.48224 -1.00586
v -1.74163 -7.44101 -1.01754
v -1.77146 -7.48148 -1.04572
v -1.83748 -7.47512 -1.18367
v -1.83572 -7.47292 -1.22278
v -1.82636 -7.47062 -1.26079
v -1.70611 -7.4416 -1.00095
v -1.74523 -7.40098 -1.00736
v -1.77327 -7.4388 -1.04058
v -1.83992 -7.41779 -1.17677
v -1.83838 -7.41051 -1.21526
v -1.82924 -7.40293 -1.25263
v -1.70967 -7.40208 -0.990871
v -1.75062 -7.36278 -0.992121
v -1.77701 -7.39727 -1.03001
v -1.84494 -7.36199 -1.16257
v -1.84385 -7.34976 -1.19981
v -1.83517 -7.33705 -1.23586
v -1.71499 -7.36446 -0.975842
v -1.75769 -7.32715 -0.972124
v -1.7826 -7.35765 -1.0142
v -1.85245 -7.30876 -1.14134
v -1.85202 -7.29182 -1.17669
v -1.84404 -7.2742 -1.21079
v -1.72196 -7.3293 -0.956109
v -1.76631 -7.29473 -0.94774
v -1.78994 -7.32067 -0.993457
v -1.86231 -7.2591 -1.11347
v -1.86275 -7.23775 -1.14635
v -1.85567 -7.21556 -1.17789
v -1.73048 -7.29729 -0.932027
v -1.79888 -7.28704 -0.96816
v -1.87432 -7.21392 -1.07948
v -1.87583 -7.18857 -1.10936
v -1.86986 -7.16221 -1.13776
v -1.93904 -7.09335 -0.896494
v -1.90821 -7.1448 -0.928228
v -1.92483 -7.12655 -0.881239
v -1.80927 -7.25738 -0.938781
v -1.88828 -7.17407 -1.04002
v -1.89103 -7.14519 -1.06639
v -1.88634 -7.11516 -1.09116
v -1.85026 -7.21654 -0.926589
v -1.87446 -7.19541 -0.949067
v -1.82091 -7.23224 -0.905866
v -1.90481 -7.07528 -1.03895
v -1.76348 -7.22601 -0.8387
v -1.86368 -7.1952 -0.888653
v -1.88887 -7.17248 -0.908303
v -1.83359 -7.21208 -0.870031
v -1.92094 -7.11322 -0.947661
v -1.7763 -7.21193 -0.802468
v -1.9042 -7.15565 -0.864976
v -1.92014 -7.14524 -0.819892
v -1.94212 -7.11526 -0.832344
v -1.95786 -7.08105 -0.843252
v -1.90791 -7.16631 -0.763564
v -1.93641 -7.14144 -0.773891
v -1.95976 -7.11113 -0.782455
v -1.97707 -7.07656 -0.788927
v -1.98768 -7.03904 -0.793058
v -1.90023 -6.8 0.922597
v -1.90241 -8.2 0.868976
v -1.90023 -8.2 0.922597
v -1.91277 -8.2 0.81632
v -1.90241 -6.8 0.868976
v -1.91277 -6.8 0.81632
v -1.92038 -8.2 1.0277
v -1.94225 -8.2 1.0767
v -1.94225 -6.8 1.0767
v -1.92038 -6.8 1.0277
v -1.90627 -6.8 0.975921
v -1.90627 -8.2 0.975921
v -2.04837 -6.8 1.19609
v -2.00701 -8.2 1.1619
v -2.04837 -8.2 1.19609
v -2.00701 -6.8 1.1619
v -1.97135 -6.8 1.12179
v -1.97135 -8.2 1.12179
v -2.14424 -6.8 1.24364
v -2.09448 -8.2 1.22355
v -2.14424 -8.2 1.24364
v -2.09448 -6.8 1.22355
v -2.19649 -8.2 1.25589
v -2.19649 -6.8 1.25589
v -2.25 -8.2 1.26
v -2.25 -6.8 1.26
v -2.60572 -6.8 1.32947
v -2.60572 -8.2 1.32947
v -2.55423 -8.2 1.3682
v -2.79259 -8.2 1.0
v -2.79259 -6.8 1.0
v -2.79448 -6.79926 0.987724
v -2.49855 -8.2 1.40063
v -2.55423 -6.8 1.3682
v -2.43947 -8.2 1.42634
v -2.49855 -6.8 1.40063
v -2.43947 -6.8 1.42634
v -2.37778 -8.2 1.44495
v -2.31433 -8.2 1.45622
v -2.37778 -6.8 1.44495
v -2.25 -8.2 1.46
v -2.31433 -6.8 1.45622
v -2.25 -6.8 1.46
v -2.65233 -6.8 1.285
v -2.69342 -6.8 1.23538
v -2.65233 -8.2 1.285
v -2.69342 -8.2 1.23538
v -2.72842 -6.8 1.18131
v -2.75686 -6.8 1.12352
v -2.72842 -8.2 1.18131
v -2.77834 -6.8 1.06284
v -2.75686 -8.2 1.12352
v -2.77834 -8.2 1.06284
v -2.79607 -8.20308 0.975425
v -2.79591 -6.79615 0.975782
v -2.79726 -6.79269 0.96389
v -2.79947 -8.22697 0.932683
v -2.7991 -6.78146 0.941998
v -2.79958 -6.77358 0.932297
v -2.79737 -8.20682 0.9637
v -2.79836 -6.78798 0.952564
v -2.79833 -8.21212 0.952327
v -2.79994 -8.24566 0.916306
v -2.79975 -8.23607 0.924213
v -2.79987 -6.76459 0.923672
v -2.8 -6.74358 0.91001
v -2.79999 -6.75454 0.916206
v -2.8 -8.25642 0.910011
v -2.79906 -8.21863 0.941749
v -2.79448 -8.20077 0.987733
v -4.54658 -6.99847 -0.600453
v -4.53649 -7.02531 -0.800453
v -4.53649 -7.02531 -0.600453
v -4.54658 -6.99847 -0.800453
v -4.55 -6.97 -0.600453
v -4.55 -6.97 -0.800453
v -4.52033 -7.049 -0.800453
v -4.52033 -7.049 -0.600453
v -4.49901 -7.06817 -0.800453
v -4.49901 -7.06817 -0.600453
v -4.47375 -7.08174 -0.800453
v -4.47375 -7.08174 -0.600453
v -1.34 -6.87835 -1.7375
v -1.31 -6.8875 -1.74665
v -1.31 -6.87835 -1.7375
v -1.31 -6.9 -1.75
v -1.34 -6.8875 -1.74665
v -1.34 -6.9 -1.75
v -1.34 -6.875 -1.725
v -1.31 -6.875 -1.725
v 4.53649 -5.12469 -0.8
v 4.52033 -5.101 -0.8
v 4.53649 -5.12469 -0.6
v 4.54657 -5.15153 -0.6
v 4.54657 -5.15153 -0.8
v 4.55 -5.18 -0.6
v 4.55 -5.18 -0.8
v 4.52033 -5.101 -0.6
v 4.49901 -5.08183 -0.8
v 4.49901 -5.08183 -0.6
v 4.47375 -5.06826 -0.8
v 4.47375 -5.06826 -0.6
v 4.54591 -5.21106 -0.6
v 4.49 -5.28392 -0.6
v 4.51485 -5.26485 -0.8
v 4.51485 -5.26485 -0.6
v 4.53392 -5.24 -0.6
v 4.53392 -5.24 -0.8
v 4.54591 -5.21106 -0.8
v 4.43 -5.3 -0.6
v 4.46106 -5.29591 -0.8
v 4.46106 -5.29591 -0.6
v 4.49 -5.28392 -0.8
v 4.43 -5.3 -0.8
v -1.31 -6.8875 -1.70335
v -1.34 -6.8875 -1.70335
v -1.31 -6.87835 -1.7125
v -1.34 -6.9 -1.7
v -1.31 -6.9 -1.7
v -1.34 -6.87835 -1.7125
v -4.54591 -6.93894 -0.600453
v -4.49 -6.86608 -0.600453
v -4.51485 -6.88515 -0.800453
v -4.51485 -6.88515 -0.600453
v -4.53392 -6.91 -0.600453
v -4.53392 -6.91 -0.800453
v -4.54591 -6.93894 -0.800453
v -4.43 -6.85 -0.600453
v -4.46106 -6.85409 -0.800453
v -4.46106 -6.85409 -0.600453
v -4.49 -6.86608 -0.800453
v -4.43 -6.85 -0.800453
v -2.18264 -8.2 1.45586
v -1.99061 -8.2 1.39499
v -2.05196 -6.8 1.42311
v -2.05196 -8.2 1.42311
v -2.11629 -8.2 1.4435
v -2.11629 -6.8 1.4435
v -2.18264 -6.8 1.45586
v -1.88048 -6.8 1.31738
v -1.88048 -8.2 1.31738
v -1.83337 -8.2 1.26905
v -1.99061 -6.8 1.39499
v -1.93316 -8.2 1.35957
v -1.93316 -6.8 1.35957
v -1.75858 -8.2 1.157
v -1.73203 -8.2 1.09495
v -1.75858 -6.8 1.157
v -1.79253 -8.2 1.21532
v -1.79253 -6.8 1.21532
v -1.83337 -6.8 1.26905
v -1.70261 -8.2 0.96348
v -1.70261 -6.8 0.96348
v -1.71328 -6.8 1.03012
v -1.73203 -6.8 1.09495
v -1.71328 -8.2 1.03012
v -1.70018 -8.2 0.896035
v -1.70018 -6.8 0.896035
v -1.70603 -6.8 0.8288
v -1.70603 -8.2 0.8288
v -1.72007 -8.2 0.762788
v -1.72007 -6.8 0.762788
v -2.57159 -6.8 1.04813
v -2.54814 -6.8 1.09334
v -2.54814 -8.2 1.09334
v -2.57159 -8.2 1.04813
v -2.58823 -6.8 1.0
v -2.58823 -8.2 1.0
v -2.59315 -6.79759 0.978091
v -2.59652 -6.7902 0.956836
v -2.59325 -8.20239 0.978287
v -2.59679 -8.20963 0.957187
v -2.59882 -8.22089 0.938827
v -2.59861 -6.77815 0.937678
v -2.59972 -6.76244 0.92188
v -2.59968 -8.23508 0.923935
v -2.6 -8.25641 0.91
v -2.6 -6.74359 0.91
v -2.51838 -8.2 1.13467
v -2.48293 -8.2 1.17123
v -2.51838 -6.8 1.13467
v -2.48293 -6.8 1.17123
v -2.44255 -6.8 1.20227
v -2.44255 -8.2 1.20227
v -2.3981 -6.8 1.22712
v -2.3981 -8.2 1.22712
v -2.35051 -8.2 1.24526
v -2.35051 -6.8 1.24526
v -2.30079 -6.8 1.25629
v -2.30079 -8.2 1.25629
v -1.96757 -7.15292 -0.68577
v -1.92253 -7.16878 -0.722227
v -1.93691 -7.17699 -0.681555
v -1.85334 -7.19842 -0.701622
v -1.97621 -7.23413 -0.570435
v -2.00979 -7.21431 -0.566367
v -1.96399 -7.20995 -0.604996
v -1.88918 -7.18713 -0.712823
v -1.95211 -7.14409 -0.729474
v -2.01291 -7.00366 -0.733263
v -1.97679 -7.11401 -0.734284
v -2.04695 -7.07286 -0.625476
v -2.02775 -7.05379 -0.679771
v -2.01387 -7.09011 -0.68486
v -1.99562 -7.07969 -0.736472
v -2.00788 -7.04245 -0.735956
v -1.99356 -7.12358 -0.686886
v -2.03151 -7.10763 -0.634984
v -2.06515 -7.09932 -0.574012
v -2.09279 -7.1 -0.50737
v -2.07457 -7.06434 -0.558891
v -1.8791 -7.21846 -0.628803
v -1.86644 -7.2059 -0.66459
v -1.89109 -7.23591 -0.594882
v -1.95081 -7.19079 -0.642251
v -1.9825 -7.16775 -0.643536
v -1.93988 -7.24886 -0.569437
v -1.98726 -7.26292 -0.539167
v -1.90222 -7.25792 -0.563414
v -1.91229 -7.28413 -0.534944
v -1.92112 -7.31408 -0.509965
v -1.99697 -7.29581 -0.511733
v -1.95033 -7.27605 -0.539901
v -2.00514 -7.33223 -0.488609
v -1.95949 -7.30711 -0.513986
v -1.96722 -7.34152 -0.492143
v -1.92857 -7.34725 -0.48891
v -1.97337 -7.37868 -0.474748
v -1.97102 -7.41072 -0.464392
v -1.9872 -7.38855 -0.469686
v -1.93449 -7.38306 -0.472143
v -1.9388 -7.42089 -0.459955
v -1.93748 -7.45537 -0.452644
v -1.95415 -7.43359 -0.45857
v -1.92054 -7.47797 -0.446585
v -2.00294 -7.36469 -0.475102
v -1.90277 -7.19488 -0.674403
v -2.02511 -7.16199 -0.597667
v -2.04823 -7.13194 -0.587709
v -2.00975 -7.13966 -0.641083
v -2.03428 -7.01575 -0.672808
v -2.03935 -7.19017 -0.557392
v -1.99666 -7.18833 -0.603504
v -1.91589 -7.20792 -0.637276
v -2.05496 -7.03609 -0.614352
v -1.92834 -7.22601 -0.602084
v -2.02167 -7.24524 -0.532769
v -2.06374 -7.16262 -0.543852
v -2.08806 -7.15636 -0.505916
v -2.08203 -7.13273 -0.526269
v -2.05223 -7.22371 -0.520953
v -2.07549 -7.21192 -0.500956
v -2.08269 -7.18456 -0.503684
v -2.09153 -7.1281 -0.507193
v -2.0321 -7.28059 -0.50329
v -2.05554 -7.26587 -0.494251
v -2.06632 -7.23937 -0.497711
v -2.03074 -7.31639 -0.485373
v -2.04336 -7.29185 -0.490184
v -2.01709 -7.34114 -0.480212
v -1.84055 -7.43874 -0.245845
v -1.88387 -7.43632 -0.2418
v -1.72002 -7.20822 -0.387192
v -1.7563 -7.18632 -0.37702
v -1.73196 -7.24869 -0.353428
v -1.75003 -7.34193 -0.302306
v -1.71548 -7.35567 -0.325035
v -1.74202 -7.29353 -0.324969
v -1.80355 -7.07852 -0.468945
v -1.78036 -7.12833 -0.416049
v -1.76327 -7.09452 -0.464364
v -1.84509 -7.06871 -0.47772
v -1.8255 -7.04023 -0.533117
v -1.69898 -7.27054 -0.371714
v -1.6712 -7.29471 -0.395025
v -1.68808 -7.23358 -0.402543
v -1.79582 -7.16857 -0.372338
v -1.76913 -7.22984 -0.340724
v -1.7844 -7.05068 -0.523082
v -1.80483 -7.0197 -0.591559
v -1.84573 -7.01575 -0.606129
v -1.82435 -7.00366 -0.666584
v -1.89413 -7.19637 -0.339044
v -1.8797 -7.14747 -0.379837
v -1.92815 -7.17998 -0.359807
v -1.78345 -7.0075 -0.652037
v -1.68597 -7.37087 -0.353263
v -1.67942 -7.33133 -0.371776
v -1.70817 -7.31147 -0.345728
v -1.75586 -7.39308 -0.285832
v -1.7594 -7.44607 -0.275832
v -1.72403 -7.45076 -0.300862
v -1.82081 -7.26547 -0.30166
v -1.77995 -7.27803 -0.310129
v -1.80938 -7.21454 -0.333986
v -1.60973 -7.28271 -0.523627
v -1.60889 -7.22813 -0.537411
v -1.62047 -7.24497 -0.504654
v -1.69362 -7.45594 -0.331635
v -1.79863 -7.44202 -0.257305
v -1.79483 -7.38505 -0.268055
v -1.82991 -7.32045 -0.275917
v -1.83653 -7.37855 -0.257204
v -1.7208 -7.40237 -0.309993
v -1.92728 -7.43484 -0.245291
v -1.94678 -7.4713 -0.245753
v -1.69073 -7.41265 -0.339805
v -1.66907 -7.46147 -0.367216
v -1.87282 -7.31336 -0.273059
v -1.66654 -7.42361 -0.374361
v -1.65114 -7.46712 -0.406533
v -1.64899 -7.435 -0.412596
v -1.90629 -7.25054 -0.304659
v -1.86335 -7.25621 -0.299818
v -1.59988 -7.26839 -0.551475
v -1.58948 -7.25804 -0.580906
v -1.59666 -7.21599 -0.571969
v -1.67565 -7.20123 -0.43768
v -1.70641 -7.17279 -0.425674
v -1.58402 -7.20878 -0.60773
v -1.59636 -7.167 -0.606653
v -1.61082 -7.17525 -0.565762
v -1.57869 -7.25187 -0.611403
v -1.64545 -7.40383 -0.422622
v -1.66238 -7.38707 -0.38613
v -1.63445 -7.34709 -0.453722
v -1.64947 -7.32046 -0.422653
v -1.64056 -7.37432 -0.436435
v -1.92301 -7.37081 -0.257374
v -1.87969 -7.37375 -0.253607
v -1.91597 -7.30902 -0.277278
v -1.94616 -7.41375 -0.252385
v -1.94656 -7.44254 -0.248205
v -1.65666 -7.35249 -0.402321
v -1.78857 -7.33007 -0.285766
v -1.94027 -7.27683 -0.297993
v -1.94231 -7.30326 -0.285099
v -1.94367 -7.32991 -0.27473
v -1.94475 -7.35738 -0.265689
v -1.94555 -7.38518 -0.2583
v -1.6189 -7.30086 -0.497697
v -1.63121 -7.26623 -0.474267
v -1.62719 -7.32245 -0.474259
v -1.64094 -7.29154 -0.446774
v -1.85147 -7.20328 -0.333421
v -1.9352 -7.22613 -0.326861
v -1.93787 -7.25127 -0.312033
v -1.74167 -7.14824 -0.41839
v -1.83737 -7.15548 -0.373286
v -1.92333 -7.15797 -0.378857
v -1.93206 -7.20242 -0.342601
v -1.66145 -7.26164 -0.422607
v -1.65033 -7.2327 -0.454043
v -1.72543 -7.04845 -0.57139
v -1.7642 -7.03062 -0.580196
v -1.74486 -7.06774 -0.516445
v -1.8213 -7.11365 -0.418723
v -1.86326 -7.10467 -0.42633
v -1.9114 -7.11774 -0.419481
v -1.9177 -7.13703 -0.398989
v -1.66192 -7.17406 -0.476517
v -1.69137 -7.14303 -0.468208
v -1.63804 -7.20839 -0.48879
v -1.7255 -7.11625 -0.464115
v -1.88601 -7.06434 -0.492212
v -1.90423 -7.1 -0.440691
v -1.64711 -7.15253 -0.518382
v -1.67515 -7.11946 -0.514058
v -1.6248 -7.18913 -0.526246
v -1.70807 -7.0909 -0.513406
v -1.8664 -7.03609 -0.547672
v -1.63149 -7.13702 -0.56255
v -1.61533 -7.1278 -0.608255
v -1.65805 -7.10247 -0.56243
v -1.68968 -7.07264 -0.565407
v -1.64035 -7.09237 -0.612486
v -1.67065 -7.06178 -0.619219
v -1.70532 -7.03697 -0.628248
v -1.7433 -7.01869 -0.639299
v -1.63896 -7.56566 -1.19084
v -1.54912 -7.81367 -0.96288
v -1.51536 -7.7513 -0.965926
v -1.5273 -7.79178 -0.932162
v -1.53629 -7.77016 -0.999177
v -1.56335 -7.78545 -1.02972
v -1.52547 -7.72196 -1.02977
v -1.47938 -7.59763 -0.992695
v -1.49728 -7.65807 -1.01705
v -1.49146 -7.60692 -1.03352
v -1.57691 -7.83143 -0.991365
v -1.70107 -7.95977 -0.884989
v -1.68148 -7.93128 -0.940385
v -1.64365 -7.92148 -0.921093
v -1.59237 -7.87167 -0.947654
v -1.60945 -7.90547 -0.89934
v -1.7839 -7.99627 -0.780979
v -1.74312 -7.9925 -0.766069
v -1.6628 -7.94932 -0.866956
v -1.62787 -7.93225 -0.847259
v -1.68299 -7.96938 -0.809842
v -1.54281 -7.67955 -1.08779
v -1.51059 -7.61495 -1.07184
v -1.51685 -7.66993 -1.05413
v -1.72173 -7.98029 -0.826547
v -1.48792 -7.55393 -1.04352
v -1.50679 -7.55798 -1.0826
v -1.5362 -7.62145 -1.1065
v -1.53218 -7.56126 -1.11786
v -1.47615 -7.54924 -1.00183
v -1.56333 -7.56368 -1.14824
v -1.59929 -7.56516 -1.17281
v -1.47184 -7.54406 -0.958773
v -1.52372 -7.75502 -0.778234
v -1.5273 -7.71729 -0.756729
v -1.53531 -7.77187 -0.745478
v -1.47512 -7.53853 -0.915672
v -1.48804 -7.565 -0.86776
v -1.47765 -7.57639 -0.908527
v -1.48589 -7.53288 -0.873823
v -1.55192 -7.73453 -1.06204
v -1.50121 -7.72946 -0.930974
v -1.49426 -7.70529 -0.895383
v -1.51211 -7.76642 -0.900145
v -1.4847 -7.64433 -0.977652
v -1.5053 -7.70647 -0.994385
v -1.49202 -7.68853 -0.95696
v -1.51813 -7.69914 -0.782659
v -1.51298 -7.73376 -0.808622
v -1.52454 -7.79877 -0.865008
v -1.54091 -7.82721 -0.893681
v -1.54753 -7.784 -0.71092
v -1.56017 -7.79122 -0.675159
v -1.5691 -7.833 -0.683756
v -1.55464 -7.82475 -0.724647
v -1.55834 -7.74813 -0.668953
v -1.49647 -7.62568 -0.843921
v -1.50258 -7.65291 -0.826634
v -1.49473 -7.67954 -0.860235
v -1.48181 -7.61293 -0.896758
v -1.47473 -7.58735 -0.950604
v -1.5675 -7.62625 -1.13643
v -1.60356 -7.62919 -1.16073
v -1.64326 -7.63017 -1.17866
v -1.49158 -7.59617 -0.857734
v -1.48754 -7.64751 -0.880567
v -1.47949 -7.62913 -0.937146
v -1.57438 -7.68664 -1.11698
v -1.6106 -7.69098 -1.14083
v -1.65036 -7.69244 -1.1586
v -1.50984 -7.67755 -0.806098
v -1.50326 -7.70846 -0.836114
v -1.48604 -7.66867 -0.918632
v -1.58385 -7.74379 -1.09022
v -1.62028 -7.74946 -1.11344
v -1.66011 -7.75137 -1.13101
v -1.53715 -7.73161 -0.728881
v -1.54756 -7.74196 -0.69945
v -1.59573 -7.79672 -1.05662
v -1.63244 -7.80362 -1.07906
v -1.67237 -7.80595 -1.09637
v -1.50401 -7.73836 -0.867802
v -1.56375 -7.85176 -0.921511
v -1.60983 -7.84452 -1.01675
v -1.64686 -7.85253 -1.03827
v -1.6869 -7.85523 -1.05526
v -1.51513 -7.7673 -0.836365
v -1.6473 -7.95155 -0.792314
v -1.62589 -7.88634 -0.971315
v -1.66331 -7.89533 -0.991775
v -1.70347 -7.89836 -1.00841
v -1.53827 -7.82594 -0.826171
v -1.55595 -7.85697 -0.851147
v -1.52742 -7.79161 -0.801619
v -1.57992 -7.88375 -0.875786
v -1.72178 -7.93459 -0.956629
v -1.55307 -7.84747 -0.784306
v -1.57216 -7.88054 -0.805297
v -1.54066 -7.81087 -0.764163
v -1.59735 -7.90909 -0.826496
v -1.74152 -7.96329 -0.90081
v -1.56869 -7.86298 -0.740139
v -1.58486 -7.8722 -0.694434
v -1.58927 -7.89753 -0.756925
v -1.61574 -7.92736 -0.774495
v -1.76235 -7.98397 -0.84192
v -1.60697 -7.90763 -0.706869
v -1.63477 -7.93822 -0.720683
v -1.66741 -7.96303 -0.735456
v -1.70389 -7.9813 -0.75074
v 4.54591 -13.9108 -0.6
v 4.49 -13.9837 -0.6
v 4.51485 -13.9646 -0.8
v 4.51485 -13.9646 -0.6
v 4.53392 -13.9398 -0.6
v 4.53392 -13.9398 -0.8
v 4.54591 -13.9108 -0.8
v 4.43 -13.9998 -0.6
v 4.46106 -13.9957 -0.8
v 4.46106 -13.9957 -0.6
v 4.49 -13.9837 -0.8
v 4.43 -13.9998 -0.8
v 4.53733 -11.933 -0.6
v 4.51858 -11.9602 -0.6
v 4.53733 -11.933 -0.8
v 4.51858 -11.9602 -0.8
v 4.54791 -11.9016 -0.8
v 4.49308 -11.9814 -0.6
v 4.49308 -11.9814 -0.8
v 4.54791 -11.9016 -0.6
v 4.46279 -11.9947 -0.6
v 4.46279 -11.9947 -0.8
v 4.43 -11.9993 -0.6
v 4.43 -11.9993 -0.8
v 4.54952 -11.8685 -0.8
v 4.54952 -11.8685 -0.6
v 4.54203 -11.8363 -0.8
v 4.52601 -11.8073 -0.8
v 4.54203 -11.8363 -0.6
v 4.50269 -11.7838 -0.8
v 4.52601 -11.8073 -0.6
v 4.50269 -11.7838 -0.6
v 4.47383 -11.7676 -0.8
v 4.47383 -11.7676 -0.6
v 4.13002 -11.6327 -0.6
v 4.13002 -11.6327 -0.8
v 4.42959 -10.9998 -0.8
v 4.46249 -11.0044 -0.8
v 4.49288 -11.0177 -0.8
v 2.985 -10.9998 -0.8
v 4.12993 -11.3674 -0.8
v 4.10029 -11.3879 -0.8
v 4.51845 -11.0389 -0.8
v 4.53727 -11.0663 -0.8
v 4.54789 -11.0978 -0.8
v 4.05969 -11.447 -0.8
v 4.05108 -11.482 -0.8
v 4.54952 -11.1309 -0.8
v 4.54202 -11.1633 -0.8
v 4.47365 -11.2322 -0.8
v 4.52597 -11.1924 -0.8
v 4.50258 -11.2159 -0.8
v 4.07641 -11.415 -0.8
v 2.985 -11.9993 -0.8
v 4.10036 -11.6121 -0.8
v 4.05109 -11.5181 -0.8
v 4.07647 -11.5851 -0.8
v 4.05972 -11.5531 -0.8
v 2.72306 -10.9998 -0.7023
v 2.68272 -11.9993 -0.661965
v 2.6827 -10.9998 -0.661944
v 2.6485 -10.9998 -0.616256
v 2.64852 -11.9993 -0.616283
v 2.62116 -11.9993 -0.566199
v 2.62115 -10.9998 -0.566166
v 2.60121 -11.9993 -0.512732
v 2.6012 -10.9998 -0.512693
v 2.58907 -10.9998 -0.456926
v 2.58908 -11.9993 -0.456971
v 2.585 -12.0003 -0.4
v 2.585 -10.9998 -0.4
v 2.72307 -11.9993 -0.702315
v 2.76874 -10.9998 -0.736501
v 2.76876 -11.9993 -0.736511
v 2.81885 -11.9993 -0.763858
v 2.81883 -10.9998 -0.763853
v 2.87231 -10.9998 -0.783797
v 2.87232 -11.9993 -0.7838
v 2.92807 -10.9998 -0.795929
v 2.92808 -11.9993 -0.795929
v 2.785 -10.7005 -0.415
v 2.585 -10.7005 -1.265
v 2.785 -10.7005 -1.265
v 2.585 -10.7005 -0.415
v 2.785 -10.895 -0.271737
v 2.585 -10.895 -0.271737
v 2.785 -10.8606 -0.265336
v 2.585 -10.927 -0.285945
v 2.585 -10.8606 -0.265336
v 2.785 -10.8256 -0.267088
v 2.585 -10.9548 -0.307184
v 2.785 -10.927 -0.285945
v 2.785 -10.9548 -0.307184
v 2.785 -10.977 -0.334298
v 2.585 -10.9922 -0.365809
v 2.585 -10.977 -0.334298
v 2.785 -10.9922 -0.365809
v 2.785 -10.9998 -0.4
v 2.585 -10.8256 -0.267088
v 2.785 -10.792 -0.2769
v 2.585 -10.792 -0.2769
v 2.585 -10.7616 -0.294237
v 2.785 -10.7616 -0.294237
v 2.585 -10.736 -0.318153
v 2.785 -10.736 -0.318153
v 2.785 -10.7167 -0.347347
v 2.585 -10.7167 -0.347347
v 2.585 -10.7046 -0.380226
v 2.785 -10.7046 -0.380226
v 2.78884 -10.9998 -0.439018
v 2.785 -12.0003 -0.4
v 2.84358 -10.9998 -0.541421
v 2.81871 -10.9998 -0.511114
v 2.81872 -11.9993 -0.51114
v 2.80022 -10.9998 -0.476537
v 2.78885 -11.9993 -0.439061
v 2.80024 -11.9993 -0.476571
v 2.90847 -11.9993 -0.584781
v 2.94598 -10.9998 -0.596157
v 2.90846 -10.9998 -0.584776
v 2.8436 -11.9993 -0.541439
v 2.8739 -11.9993 -0.566304
v 2.87389 -10.9998 -0.566294
v 2.985 -10.9998 -0.6
v 2.94599 -11.9993 -0.596158
v 2.985 -11.9993 -0.6
v 4.42959 -10.9998 -0.6
v 4.54952 -11.1309 -0.6
v 4.54202 -11.1633 -0.6
v 4.52597 -11.1924 -0.6
v 4.54789 -11.0978 -0.6
v 4.47364 -11.2322 -0.6
v 4.50258 -11.2159 -0.6
v 4.53727 -11.0663 -0.6
v 4.51845 -11.0389 -0.6
v 4.49288 -11.0177 -0.6
v 4.46248 -11.0044 -0.6
v 4.12993 -11.3674 -0.6
v 4.10029 -11.3879 -0.6
v 4.07641 -11.415 -0.6
v 4.05108 -11.482 -0.6
v 4.0511 -11.5181 -0.6
v 4.05969 -11.447 -0.6
v 4.07647 -11.5851 -0.6
v 4.05972 -11.5531 -0.6
v 4.10036 -11.6121 -0.6
v 2.785 -12.1395 -0.265337
v 2.585 -12.1744 -0.267085
v 2.585 -12.1395 -0.265337
v 2.585 -12.105 -0.271746
v 2.785 -12.105 -0.271746
v 2.585 -12.073 -0.285962
v 2.785 -12.073 -0.285962
v 2.785 -12.0452 -0.307211
v 2.585 -12.0452 -0.307211
v 2.585 -12.0231 -0.334333
v 2.785 -12.0231 -0.334333
v 2.585 -12.0078 -0.365852
v 2.785 -12.0078 -0.365852
v 2.785 -12.1744 -0.267085
v 2.585 -12.2081 -0.276893
v 2.785 -12.2081 -0.276893
v 2.785 -12.2385 -0.294228
v 2.585 -12.2385 -0.294228
v 2.785 -12.2641 -0.318145
v 2.585 -12.2641 -0.318145
v 2.585 -12.2834 -0.34734
v 2.785 -12.2834 -0.34734
v 2.785 -12.2954 -0.380222
v 2.585 -12.2954 -0.380222
v 2.585 -12.2995 -0.415
v 2.785 -12.2995 -0.415
v 2.585 -12.2995 -1.265
v 2.785 -12.2995 -1.265
v 2.585 -13.3084 -1.27634
v 2.585 -13.286 -1.29
v 2.785 -13.286 -1.29
v 2.585 -13.3593 -1.265
v 2.785 -13.3332 -1.26787
v 2.785 -13.3593 -1.265
v 2.585 -13.3332 -1.26787
v 2.785 -13.3084 -1.27634
v 2.785 -13.9995 -1.265
v 2.585 -13.9995 -1.265
v 2.785 -13.9995 1.535
v 2.585 -13.9995 1.535
v 2.585 -13.3593 1.535
v 2.785 -13.3593 1.535
v 2.785 -13.3084 1.54634
v 2.785 -13.286 1.56
v 2.585 -13.286 1.56
v 2.585 -13.3332 1.53787
v 2.785 -13.3332 1.53787
v 2.585 -13.3084 1.54634
v 1.9 -12.4008 0.925
v 1.7 -12.4008 0.925
v 1.7 -11.4008 0.925
v 1.9 -11.4008 0.925
v 1.7 -11.2593 0.983579
v 1.9 -11.2896 0.958706
v 1.7 -11.2896 0.958706
v 1.9 -11.2593 0.983579
v 1.9 -11.3617 0.928843
v 1.7 -11.3617 0.928843
v 1.7 -11.3242 0.940224
v 1.9 -11.3242 0.940224
v 1.7 -11.2345 1.01389
v 1.7 -11.216 1.04846
v 1.9 -11.2345 1.01389
v 1.7 -11.2046 1.08598
v 1.9 -11.216 1.04846
v 1.9 -11.2046 1.08598
v 1.7 -11.2008 1.125
v 1.9 -11.2008 1.125
v 1.9 -11.2008 1.275
v 1.7 -11.2008 1.275
v 1.7 -11.2593 1.41642
v 1.7 -11.2896 1.44129
v 1.9 -11.2593 1.41642
v 1.7 -11.3242 1.45978
v 1.9 -11.3242 1.45978
v 1.9 -11.2896 1.44129
v 1.7 -11.3617 1.47116
v 1.9 -11.3617 1.47116
v 1.7 -11.4008 1.475
v 1.9 -11.4008 1.475
v 1.9 -11.2345 1.38611
v 1.9 -11.216 1.35154
v 1.7 -11.2345 1.38611
v 1.9 -11.2046 1.31402
v 1.7 -11.216 1.35154
v 1.7 -11.2046 1.31402
v 1.9 -12.1052 1.475
v 1.7 -12.1052 1.475
v 1.7 -12.1206 1.47592
v 1.9 -12.1206 1.47592
v 1.9 -12.1359 1.47867
v 1.7 -12.1359 1.47867
v 1.9 -12.2238 1.5
v 1.7 -12.2238 1.5
v 3.365 -13.9998 -0.95
v 3.365 -13.0002 -1.6
v 3.365 -13.0002 -0.95
v 3.365 -13.9998 -1.6
v 3.44992 -13.0002 -0.814855
v 3.48162 -13.9998 -0.803761
v 3.44992 -13.9998 -0.814855
v 3.515 -13.9998 -0.8
v 3.48162 -13.0002 -0.803761
v 3.515 -13.0002 -0.8
v 3.39773 -13.9998 -0.856477
v 3.37985 -13.9998 -0.884917
v 3.37985 -13.0002 -0.884917
v 3.39773 -13.0002 -0.856477
v 3.42148 -13.0002 -0.832725
v 3.42148 -13.9998 -0.832725
v 3.36876 -13.9998 -0.916622
v 3.36876 -13.0002 -0.916622
v 4.52608 -13.1921 -0.8
v 4.50279 -13.2156 -0.8
v 4.47397 -13.2319 -0.8
v 4.51855 -13.0393 -0.8
v 4.5373 -13.0665 -0.8
v 4.43 -13.0002 -0.8
v 4.49306 -13.0182 -0.8
v 4.5479 -13.0979 -0.8
v 4.05969 -13.447 -0.8
v 4.0764 -13.415 -0.8
v 4.54953 -13.1309 -0.8
v 4.46278 -13.0048 -0.8
v 4.54206 -13.1632 -0.8
v 4.12986 -13.3674 -0.8
v 4.10025 -13.612 -0.8
v 4.12986 -13.6326 -0.8
v 4.10025 -13.388 -0.8
v 4.05109 -13.482 -0.8
v 4.05109 -13.518 -0.8
v 4.05969 -13.553 -0.8
v 4.0764 -13.585 -0.8
v 4.54952 -13.1309 -0.6
v 4.54206 -13.1632 -0.6
v 4.52608 -13.1921 -0.6
v 4.5479 -13.0979 -0.6
v 4.50279 -13.2156 -0.6
v 4.47397 -13.2319 -0.6
v 4.5373 -13.0665 -0.6
v 4.51855 -13.0393 -0.6
v 4.49306 -13.0182 -0.6
v 4.46278 -13.0048 -0.6
v 4.43 -13.0002 -0.6
v 4.12986 -13.3674 -0.6
v 4.10025 -13.388 -0.6
v 4.0764 -13.415 -0.6
v 4.05109 -13.482 -0.6
v 4.05109 -13.518 -0.6
v 4.05969 -13.447 -0.6
v 4.0764 -13.585 -0.6
v 4.05969 -13.553 -0.6
v 4.10025 -13.612 -0.6
v 4.12986 -13.6326 -0.6
v 3.515 -13.0002 -0.6
v 3.515 -13.9998 -0.6
v 3.30928 -13.0002 -0.666844
v 3.26751 -13.0002 -0.702513
v 3.30928 -13.9998 -0.666844
v 3.3561 -13.9998 -0.638148
v 3.3561 -13.0002 -0.638148
v 3.26751 -13.9998 -0.702513
v 3.46025 -13.9998 -0.604309
v 3.40684 -13.0002 -0.61713
v 3.40684 -13.9998 -0.61713
v 3.46025 -13.0002 -0.604309
v 3.23184 -13.0002 -0.744275
v 3.23184 -13.9998 -0.744275
v 3.20315 -13.0002 -0.791103
v 3.18213 -13.0002 -0.841844
v 3.20315 -13.9998 -0.791103
v 3.16931 -13.0002 -0.895248
v 3.18213 -13.9998 -0.841844
v 3.16931 -13.9998 -0.895248
v 3.165 -13.0002 -0.95
v 3.165 -13.9998 -0.95
v 1.73824 -13.0002 -1.75907
v 1.76694 -13.0002 -1.80586
v 1.76684 -13.9998 -1.80572
v 1.73815 -13.9998 -1.7589
v 1.7172 -13.0002 -1.70837
v 1.70431 -13.9998 -1.65475
v 1.70435 -13.0002 -1.655
v 1.71713 -13.9998 -1.70816
v 1.80251 -13.9998 -1.84749
v 1.7 -13.9998 -1.6
v 1.7 -12.987 -1.6
v 1.70106 -12.9962 -1.62693
v 1.80261 -13.0002 -1.84759
v 1.84428 -13.9998 -1.88316
v 1.84437 -13.0002 -1.88322
v 1.8911 -13.9998 -1.91185
v 1.89118 -13.0002 -1.91189
v 1.9419 -13.0002 -1.93289
v 1.94184 -13.9998 -1.93287
v 1.99528 -13.0002 -1.9457
v 1.99525 -13.9998 -1.94569
v 2.05 -13.0002 -1.95
v 2.05 -13.9998 -1.95
v 1.7 -12.6627 -0.8773
v 1.7 -12.7031 -0.836944
v 1.9 -12.7031 -0.836944
v 1.7 -12.7373 -0.791256
v 1.9 -12.7373 -0.791256
v 1.9 -12.7646 -0.741166
v 1.7 -12.7646 -0.741166
v 1.7 -12.7845 -0.687693
v 1.9 -12.7845 -0.687693
v 1.7 -12.7967 -0.631926
v 1.9 -12.7967 -0.631926
v 1.9 -12.8008 -0.575
v 1.7 -12.8008 -0.575
v 1.9 -12.6627 -0.8773
v 1.9 -12.617 -0.911501
v 1.7 -12.617 -0.911501
v 1.9 -12.5669 -0.938853
v 1.7 -12.5669 -0.938853
v 1.7 -12.5134 -0.958797
v 1.9 -12.5134 -0.958797
v 1.9 -12.4577 -0.970929
v 1.7 -12.4577 -0.970929
v 1.7 -12.4008 -0.975
v 1.9 -12.4008 -0.975
v 1.7 -11.4008 -0.975
v 1.9 -11.4008 -0.975
v 1.9 -11.2593 -1.03358
v 1.9 -11.2345 -1.06389
v 1.7 -11.2593 -1.03358
v 1.7 -11.2345 -1.06389
v 1.9 -11.216 -1.09846
v 1.9 -11.2046 -1.13598
v 1.7 -11.216 -1.09846
v 1.9 -11.2008 -1.175
v 1.7 -11.2046 -1.13598
v 1.7 -11.2008 -1.175
v 1.7 -11.2896 -1.00871
v 1.7 -11.3242 -0.990224
v 1.9 -11.2896 -1.00871
v 1.7 -11.3617 -0.978843
v 1.9 -11.3242 -0.990224
v 1.9 -11.3617 -0.978843
v 1.7 -11.2008 -1.325
v 1.9 -11.2008 -1.325
v 1.7 -11.2593 -1.46642
v 1.9 -11.2896 -1.49129
v 1.7 -11.2896 -1.49129
v 1.9 -11.2593 -1.46642
v 1.9 -11.3617 -1.52116
v 1.7 -11.3617 -1.52116
v 1.7 -11.3242 -1.50978
v 1.9 -11.3242 -1.50978
v 1.9 -11.4008 -1.525
v 1.7 -11.4008 -1.525
v 1.7 -11.2345 -1.43611
v 1.7 -11.216 -1.40154
v 1.9 -11.2345 -1.43611
v 1.7 -11.2046 -1.36402
v 1.9 -11.216 -1.40154
v 1.9 -11.2046 -1.36402
v 1.9 -12.1052 -1.525
v 1.7 -12.1052 -1.525
v 1.9 -12.1206 -1.52592
v 1.7 -12.1206 -1.52592
v 1.7 -12.1359 -1.52867
v 1.9 -12.1359 -1.52867
v 1.7 -12.2238 -1.55
v 1.9 -12.2238 -1.55
v -1.60376 -6.8893 -1.98141
v -1.60616 -6.925 -2.00629
v -1.80283 -6.8893 -1.96215
v -1.60794 -6.9645 -2.02462
v -1.80524 -6.925 -1.98703
v -1.80701 -6.9645 -2.00537
v -1.60902 -7.00659 -2.03585
v -1.60939 -7.05 -2.03963
v -1.80809 -7.00659 -2.01659
v -1.79986 -6.85849 -1.93148
v -1.80846 -7.05 -2.02037
v -1.60079 -6.85849 -1.95074
v -1.59735 -6.83349 -1.91521
v -1.79643 -6.83349 -1.89595
v -1.79262 -6.81508 -1.85664
v -1.59355 -6.81508 -1.8759
v -1.78857 -6.8038 -1.81474
v -1.5895 -6.8038 -1.834
v -1.78439 -6.8 -1.77153
v -1.58532 -6.8 -1.79079
v -1.92081 -8.2 0.0401525
v -1.92081 -6.8 0.0401525
v -1.94953 -8.2 -0.201545
v -1.92743 -6.8 -0.362654
v -1.94258 -6.8 -0.282662
v -1.94953 -6.8 -0.201545
v -1.93858 -6.8 -0.0392978
v -1.94819 -8.2 -0.120143
v -1.93858 -8.2 -0.0392978
v -1.94819 -6.8 -0.120143
v -1.94258 -8.2 -0.282662
v -1.92743 -8.2 -0.362654
v -1.90423 -8.2 -0.440691
v -1.90423 -6.8 -0.440691
v -1.58084 -6.8 -1.35519
v -1.58084 -8.2 -1.35519
v -1.56549 -8.2 -1.41126
v -1.55981 -8.2 -1.52706
v -1.55981 -6.8 -1.52706
v -1.55843 -6.8 -1.46895
v -1.55843 -8.2 -1.46895
v -1.56549 -6.8 -1.41126
v -1.58532 -8.2 -1.79079
v -1.5895 -8.1962 -1.834
v -1.59355 -8.18492 -1.8759
v -1.60939 -7.95 -2.03963
v -1.60794 -8.03551 -2.02462
v -1.60902 -7.99341 -2.03585
v -1.60079 -8.14151 -1.95074
v -1.59735 -8.16651 -1.91521
v -1.60376 -8.1107 -1.98141
v -1.60616 -8.075 -2.00629
v -1.80846 -7.95 -2.02037
v -1.79643 -8.16651 -1.89595
v -1.79986 -8.14151 -1.93148
v -1.79262 -8.18492 -1.85664
v -1.78857 -8.1962 -1.81474
v -1.78439 -8.2 -1.77153
v -1.80283 -8.1107 -1.96215
v -1.80524 -8.075 -1.98703
v -1.80701 -8.03551 -2.00537
v -1.80809 -7.99341 -2.01659
v -1.74325 -7.74654 -0.745951
v -1.70399 -7.69275 -0.856958
v -1.71596 -7.71747 -0.823112
v -1.72918 -7.73559 -0.785731
v -1.69364 -7.66216 -0.886239
v -1.68521 -7.62665 -0.910068
v -1.6751 -7.54528 -0.93865
v -1.74194 -7.25415 -0.749645
v -1.67373 -7.50189 -0.942539
v -1.67897 -7.58729 -0.927717
v -1.71485 -7.28447 -0.826268
v -1.67489 -7.45845 -0.939269
v -1.72796 -7.26575 -0.789185
v -1.70301 -7.30973 -0.859729
v -1.69282 -7.34077 -0.88855
v -1.68458 -7.37665 -0.911856
v -1.67854 -7.41628 -0.928936
v -1.71642 -7.73414 -0.833242
v -1.73064 -7.75363 -0.793009
v -1.7698 -7.79209 -0.763449
v -1.73748 -7.75768 -0.854843
v -1.7233 -7.72841 -0.894937
v -1.71031 -7.72005 -0.883023
v -1.72397 -7.74825 -0.844396
v -1.69365 -7.60352 -0.978789
v -1.69849 -7.68516 -0.916446
v -1.69239 -7.67463 -0.901196
v -1.68887 -7.64464 -0.943649
v -1.71103 -7.69219 -0.929629
v -1.70105 -7.65013 -0.957866
v -1.68743 -7.50236 -0.996385
v -1.68906 -7.55375 -0.991758
v -1.68879 -7.45089 -0.99253
v -1.7221 -7.27462 -0.898341
v -1.69311 -7.40091 -0.980308
v -1.71002 -7.31142 -0.932485
v -1.68811 -7.35929 -0.945789
v -1.68122 -7.40454 -0.96527
v -1.6761 -7.40997 -0.947245
v -1.76825 -7.20872 -0.767825
v -1.73763 -7.23264 -0.805761
v -1.75361 -7.21938 -0.760563
v -1.73612 -7.24468 -0.858691
v -1.7293 -7.24784 -0.796803
v -1.71518 -7.268 -0.836738
v -1.74438 -7.23533 -0.754174
v -1.69752 -7.31832 -0.919197
v -1.69147 -7.32865 -0.903791
v -1.70915 -7.28287 -0.886303
v -1.75166 -7.22248 -0.814741
v -1.70026 -7.35395 -0.960087
v -1.67575 -7.50227 -0.980759
v -1.67094 -7.50214 -0.961853
v -1.67706 -7.45269 -0.977045
v -1.68331 -7.63642 -0.926852
v -1.68174 -7.59973 -0.963806
v -1.67732 -7.55179 -0.976301
v -1.67659 -7.59406 -0.945864
v -1.70353 -7.70754 -0.869673
v -1.75314 -7.77913 -0.810565
v -1.73905 -7.76891 -0.801739
v -1.75511 -7.78141 -0.756347
v -1.74578 -7.76541 -0.750198
v -1.67242 -7.54884 -0.957649
v -1.67217 -7.45538 -0.95835
v -1.6826 -7.36729 -0.928871
v -1.70244 -7.29521 -0.872766
v -1.72266 -7.25402 -0.848104
v -1.93782 -7.51872 -0.45003
v -2.09425 -7.77147 -0.464621
v -2.09845 -7.83509 -0.481159
v -2.11127 -7.79267 -0.438214
v -2.09881 -7.52472 -0.390939
v -2.09731 -7.57378 -0.397685
v -2.11919 -7.57961 -0.366343
v -2.10964 -7.85976 -0.455195
v -2.12203 -7.81458 -0.408823
v -2.11123 -7.68108 -0.402486
v -2.12077 -7.74582 -0.400868
v -2.12752 -7.69522 -0.37004
v -2.10406 -7.72801 -0.430591
v -2.11618 -7.63135 -0.380964
v -2.13205 -7.6416 -0.346447
v -2.08891 -7.66781 -0.430414
v -2.06166 -7.65582 -0.452685
v -2.08155 -7.71131 -0.455847
v -2.13472 -7.58583 -0.330429
v -2.09409 -7.62172 -0.410929
v -2.12056 -7.52667 -0.358899
v -2.09881 -7.47528 -0.390939
v -2.07179 -7.47705 -0.417087
v -2.07179 -7.52295 -0.417087
v -2.0669 -7.38698 -0.435117
v -2.07022 -7.4315 -0.423172
v -2.09731 -7.42622 -0.397685
v -2.06166 -7.34418 -0.452685
v -2.09409 -7.37828 -0.410929
v -2.03593 -7.39449 -0.452586
v -2.03925 -7.43605 -0.441811
v -2.05429 -7.30379 -0.475608
v -2.03074 -7.35453 -0.468431
v -2.08155 -7.28869 -0.455847
v -2.08891 -7.33219 -0.430414
v -2.11123 -7.31892 -0.402486
v -2.07167 -7.24841 -0.486634
v -2.10406 -7.27199 -0.430591
v -2.09845 -7.16491 -0.481159
v -2.10964 -7.14027 -0.455196
v -2.11127 -7.20733 -0.438214
v -2.09425 -7.22853 -0.464621
v -2.0025 -7.40058 -0.462898
v -2.00574 -7.43974 -0.453127
v -1.97104 -7.44246 -0.457175
v -1.93782 -7.48128 -0.45003
v -1.97256 -7.48072 -0.452613
v -2.00731 -7.47981 -0.448148
v -2.04084 -7.47858 -0.43632
v -1.97256 -7.51928 -0.452613
v -1.97104 -7.55754 -0.457175
v -2.12204 -7.18554 -0.408782
v -2.12077 -7.25418 -0.400868
v -2.13089 -7.23567 -0.368533
v -2.12752 -7.30478 -0.37004
v -2.13697 -7.29047 -0.33487
v -2.11618 -7.36865 -0.380964
v -2.13205 -7.3584 -0.346447
v -2.14082 -7.34805 -0.309143
v -2.11919 -7.42039 -0.366343
v -2.13472 -7.41417 -0.330429
v -2.14302 -7.40754 -0.291904
v -2.00731 -7.52019 -0.448148
v -2.04084 -7.52142 -0.43632
v -2.12056 -7.47333 -0.358899
v -2.13589 -7.47125 -0.322278
v -2.14402 -7.4688 -0.283216
v -2.00574 -7.56026 -0.453127
v -2.03925 -7.56395 -0.441811
v -2.07022 -7.5685 -0.423172
v -2.13589 -7.52875 -0.322278
v -2.14403 -7.53119 -0.283137
v -2.03593 -7.60551 -0.452586
v -2.0025 -7.59942 -0.462898
v -2.0669 -7.61302 -0.435117
v -2.14304 -7.59236 -0.291755
v -2.03074 -7.64547 -0.468431
v -2.14084 -7.6518 -0.309021
v -2.05429 -7.69621 -0.475608
v -2.07167 -7.75159 -0.486634
v -2.13698 -7.70948 -0.334841
v -2.13088 -7.76445 -0.368586
v -2.14536 -6.8 -0.0776946
v -2.14536 -8.2 -0.0776946
v -2.13318 -8.2 0.00868988
v -2.11352 -8.2 0.0936842
v -2.11352 -6.8 0.0936842
v -2.13318 -6.8 0.00868988
v -2.13636 -6.8 -0.338592
v -2.14695 -6.8 -0.251999
v -2.14996 -8.2 -0.164812
v -2.14996 -6.8 -0.164812
v -2.11826 -6.8 -0.423932
v -2.09279 -6.8 -0.50737
v -2.14695 -8.2 -0.251999
v -2.13636 -8.2 -0.338592
v -2.11826 -8.2 -0.423932
v -2.09279 -8.2 -0.50737
v -1.76939 -8.2 -1.42187
v -1.76939 -6.8 -1.42187
v -1.75819 -8.2 -1.47875
v -1.76172 -6.8 -1.44991
v -1.75819 -6.8 -1.47875
v -1.75888 -8.2 -1.50781
v -1.75888 -6.8 -1.50781
v -1.76172 -8.2 -1.44991
v -2.6 -8.27764 0.902532
v -2.8 -8.26684 0.905665
v -2.8 -8.27761 0.902539
v -2.8 -8.28866 0.900651
v -2.6 -8.3 0.9
v -2.8 -8.3 0.9
v -2.6 -8.36459 0.9
v -2.8 -8.36459 0.9
v -2.6 -8.50716 0.840267
v -2.8 -8.50716 0.840267
v -2.8 -8.53201 0.809419
v -2.8 -8.55029 0.774277
v -2.6 -8.55029 0.774277
v -2.6 -8.53201 0.809419
v -2.8 -8.44188 0.884463
v -2.6 -8.40401 0.896077
v -2.8 -8.40401 0.896077
v -2.6 -8.44188 0.884463
v -2.8 -8.47672 0.865613
v -2.6 -8.47672 0.865613
v -2.8 -8.6857 0.435762
v -2.6 -8.6857 0.435762
v -2.6 -8.69639 0.399305
v -2.8 -8.7 0.361484
v -2.6 -8.7 0.361484
v -2.8 -8.69639 0.399305
v -2.8 -8.7 -0.2
v -2.6 -8.7 -0.2
v 1.57606 -4.38258 0.475
v 1.57606 -4.38258 -0.175
v 1.57606 -4.46742 -0.175
v 1.58452 -4.29817 0.475
v 1.58452 -4.29817 -0.175
v 1.60134 -4.21502 -0.175
v 1.60134 -4.21502 0.475
v 1.62638 -4.13396 0.475
v 1.62638 -4.13396 -0.175
v 1.65937 -4.0558 0.475
v 1.65937 -4.0558 -0.175
v 1.69998 -3.98132 -0.175
v 1.69998 -3.98132 0.475
v 1.74783 -3.91126 0.475
v 1.74783 -3.91126 -0.175
v 1.57606 -4.46742 0.475
v 1.58452 -4.55183 -0.175
v 1.58452 -4.55183 0.475
v 1.60134 -4.63498 -0.175
v 1.60134 -4.63498 0.475
v 1.62638 -4.71604 0.475
v 1.62638 -4.71604 -0.175
v 1.65937 -4.7942 -0.175
v 1.65937 -4.7942 0.475
v 1.69998 -4.86868 -0.175
v 1.69998 -4.86868 0.475
v 1.74783 -4.93874 -0.175
v 1.74783 -4.93874 0.475
v 1.91305 -5.15653 0.481807
v 1.89707 -5.13547 0.478027
v 1.98925 -5.25698 -0.175
v 1.98925 -5.25698 0.523801
v 1.97479 -5.23791 0.512326
v 1.9598 -5.21816 0.502368
v 1.94452 -5.19801 0.493999
v 1.92891 -5.17744 0.487147
v 1.88095 -5.11422 0.475744
v 1.86483 -5.09297 0.474907
v 1.8481 -5.07092 0.47499
v 1.83139 -5.04889 0.475
v 1.81467 -5.02686 0.475
v 1.79796 -5.00483 0.475
v 1.78125 -4.9828 0.475
v 1.76453 -4.96077 0.475
v 1.86451 -4.09584 -0.175
v 1.90716 -4.03214 -0.175
v 1.90716 -4.03214 0.475
v 1.78516 -4.31055 -0.175
v 1.80308 -4.23602 -0.175
v 1.80308 -4.23602 0.475
v 1.82965 -4.16411 -0.175
v 1.86451 -4.09584 0.475
v 1.82965 -4.16411 0.475
v 1.77613 -4.46333 0.475
v 1.78516 -4.53945 -0.175
v 1.77613 -4.46333 -0.175
v 1.78516 -4.31055 0.475
v 1.77613 -4.38667 0.475
v 1.77613 -4.38667 -0.175
v 1.80308 -4.61398 0.475
v 1.82965 -4.68589 0.475
v 1.82965 -4.68589 -0.175
v 1.80308 -4.61398 -0.175
v 1.78516 -4.53945 0.475
v 1.86451 -4.75416 0.475
v 1.86451 -4.75416 -0.175
v 1.90716 -4.81786 -0.175
v 1.90716 -4.81786 0.475
v 2.035 -4.98637 -0.175
v 1.97673 -4.90957 0.475
v 2.14859 -5.1361 -0.175
v 2.11585 -5.09294 0.476471
v 2.14853 -5.13614 0.478126
v 2.04631 -5.00128 0.474692
v 1.83139 -3.80111 0.475
v 1.78125 -3.8672 0.475
v 1.76453 -3.88923 0.475
v 1.81467 -3.82314 0.475
v 1.79796 -3.84517 0.475
v 1.8481 -3.77908 0.475
v 1.86483 -3.75703 0.474907
v 1.97673 -3.94043 0.475
v 2.0463 -3.84873 0.475
v 2.11585 -3.75706 0.476471
v 1.88095 -3.73578 0.475795
v 1.89701 -3.71461 0.478014
v 1.98925 -3.59302 -0.175
v 1.91296 -3.69359 0.481799
v 1.92879 -3.67272 0.487105
v 1.94443 -3.6521 0.493952
v 1.95974 -3.63193 0.502335
v 1.97479 -3.61209 0.512327
v 1.98925 -3.59302 0.523801
v 2.035 -3.45703 -0.175
v 2.035 -3.46667 0.699574
v 2.0351 -3.45946 0.736874
v 2.03408 -3.47854 0.663444
v 2.035 -3.45703 0.775
v 2.02719 -3.51573 0.596746
v 2.03204 -3.49338 -0.175
v 2.02326 -3.52877 -0.175
v 2.03177 -3.49504 0.628839
v 2.00694 -3.56581 0.54384
v 2.00887 -3.56228 -0.175
v 2.01926 -3.53965 0.568251
v 2.035 -3.86363 -0.175
v 2.00887 -5.28772 -0.175
v 2.035 -5.39297 -0.175
v 2.03204 -5.35662 -0.175
v 2.02326 -5.32123 -0.175
v 2.01926 -5.31011 0.567994
v 2.035 -5.39297 0.774995
v 2.03512 -5.39051 0.736694
v 2.00697 -5.28411 0.543774
v 2.02719 -5.33407 0.596473
v 2.0318 -5.35514 0.629175
v 2.03416 -5.37178 0.664249
v 2.03505 -5.38343 0.699954
v 2.035 -5.80768 1.38211
v 2.035 -5.84432 1.36051
v 2.235 -5.80768 1.38211
v 2.235 -5.7673 1.39548
v 2.035 -5.7673 1.39548
v 2.235 -5.725 1.4
v 2.035 -5.725 1.4
v 2.235 -5.84432 1.36051
v 2.035 -5.87557 1.33164
v 2.235 -5.87557 1.33164
v 2.035 -5.9 1.29682
v 2.235 -5.9 1.29682
v 2.035 -5.59297 1.4
v 2.235 -5.59297 1.4
v 2.035 -5.45155 1.34142
v 2.235 -5.42668 1.31111
v 2.035 -5.42668 1.31111
v 2.235 -5.40819 1.27654
v 2.035 -5.40819 1.27654
v 2.235 -5.39681 1.23902
v 2.235 -5.45155 1.34142
v 2.035 -5.39681 1.23902
v 2.235 -5.39297 1.2
v 2.035 -5.39297 1.2
v 2.035 -5.48186 1.36629
v 2.035 -5.51643 1.38478
v 2.235 -5.48186 1.36629
v 2.035 -5.55395 1.39616
v 2.235 -5.51643 1.38478
v 2.235 -5.55395 1.39616
v 2.235 -5.39297 0.775
v 2.22221 -5.28913 0.548057
v 2.22607 -5.30591 0.563785
v 2.22906 -5.32179 0.581009
v 2.23307 -5.34925 0.619012
v 2.23137 -5.33613 0.599357
v 2.21739 -5.27138 0.533832
v 2.23423 -5.36062 0.639439
v 2.23521 -5.37842 0.682694
v 2.23491 -5.37034 0.660687
v 2.23529 -5.3847 0.705143
v 2.23518 -5.3893 0.728261
v 2.2351 -5.39198 0.751289
v 2.21124 -5.25266 0.521036
v 2.20403 -5.23346 0.50994
v 2.19542 -5.21376 0.500407
v 2.18567 -5.19407 0.492572
v 2.17449 -5.17441 0.486271
v 2.16221 -5.15524 0.481522
v 2.20318 -5.23162 -0.175
v 2.17899 -5.18209 -0.175
v 2.235 -5.39297 -0.175
v 2.22076 -5.28387 -0.175
v 2.23142 -5.33796 -0.175
v 2.235 -3.45703 -0.175
v 2.23503 -3.45802 0.75128
v 2.23501 -3.46069 0.728239
v 2.23493 -3.46523 0.705136
v 2.235 -3.45703 0.774989
v 2.23477 -3.47158 0.682682
v 2.23439 -3.47965 0.6607
v 2.23376 -3.48939 0.639484
v 2.23271 -3.50077 0.619069
v 2.23142 -3.51204 -0.175
v 2.22599 -3.54385 0.563896
v 2.22896 -3.52811 0.581099
v 2.23116 -3.51372 0.599501
v 2.21724 -3.5786 0.533805
v 2.22076 -3.56613 -0.175
v 2.22214 -3.56074 0.548106
v 2.20398 -3.61655 0.509904
v 2.20318 -3.61838 -0.175
v 2.21123 -3.59733 0.521028
v 2.17899 -3.66791 -0.175
v 2.18564 -3.6559 0.492539
v 2.19545 -3.6362 0.500396
v 2.16221 -3.69482 0.481498
v 2.17453 -3.67554 0.486265
v 2.14853 -3.71386 0.478126
v 2.14859 -3.7139 -0.175
v 2.235 -3.45703 1.2
v 2.035 -3.45703 1.2
v 2.035 -3.39845 1.34142
v 2.235 -3.36814 1.36629
v 2.035 -3.36814 1.36629
v 2.235 -3.39845 1.34142
v 2.035 -3.33357 1.38478
v 2.235 -3.33357 1.38478
v 2.235 -3.29605 1.39616
v 2.035 -3.29605 1.39616
v 2.235 -3.25703 1.4
v 2.035 -3.25703 1.4
v 2.035 -3.42332 1.31111
v 2.035 -3.44181 1.27654
v 2.235 -3.42332 1.31111
v 2.035 -3.45319 1.23902
v 2.235 -3.44181 1.27654
v 2.235 -3.45319 1.23902
v 2.035 -3.125 1.4
v 2.235 -3.125 1.4
v 2.035 -2.98358 1.34142
v 2.235 -2.95871 1.31111
v 2.035 -2.95871 1.31111
v 2.235 -2.94022 1.27654
v 2.035 -2.94022 1.27654
v 2.235 -2.92884 1.23902
v 2.235 -2.98358 1.34142
v 2.035 -2.92884 1.23902
v 2.235 -2.925 1.2
v 2.035 -2.925 1.2
v 2.035 -3.01389 1.36629
v 2.035 -3.04846 1.38478
v 2.235 -3.01389 1.36629
v 2.035 -3.08598 1.39616
v 2.235 -3.04846 1.38478
v 2.235 -3.08598 1.39616
v 2.035 -2.925 -0.05
v 2.235 -2.925 -0.05
v -4.14532 -7.21032 -0.800453
v -4.14532 -7.21032 -0.600453
v -4.11374 -7.22728 -0.600453
v -4.05428 -7.31441 -0.600453
v -4.06689 -7.28086 -0.600453
v -4.06689 -7.28086 -0.800453
v -4.08709 -7.25125 -0.600453
v -4.11374 -7.22728 -0.800453
v -4.08709 -7.25125 -0.800453
v -4.05428 -7.38559 -0.800453
v -4.06689 -7.41914 -0.600453
v -4.05428 -7.38559 -0.600453
v -4.05428 -7.31441 -0.800453
v -4.05 -7.35 -0.800453
v -4.05 -7.35 -0.600453
v -4.08709 -7.44875 -0.800453
v -4.11374 -7.47272 -0.600453
v -4.08709 -7.44875 -0.600453
v -4.06689 -7.41914 -0.800453
v -4.14532 -7.48968 -0.600453
v -4.11374 -7.47272 -0.800453
v -4.14532 -7.48968 -0.800453
v -4.47375 -7.61826 -0.800453
v -4.47375 -7.61826 -0.600453
v -4.52597 -7.65796 -0.800453
v -4.52597 -7.65796 -0.600453
v -4.50262 -7.63447 -0.600453
v -4.50262 -7.63447 -0.800453
v -4.54951 -7.71918 -0.600453
v -4.54792 -7.75226 -0.800453
v -4.54792 -7.75226 -0.600453
v -4.54951 -7.71918 -0.800453
v -4.54201 -7.68693 -0.600453
v -4.54201 -7.68693 -0.800453
v -4.4931 -7.83207 -0.800453
v -4.4931 -7.83207 -0.600453
v -4.5186 -7.81094 -0.600453
v -4.5186 -7.81094 -0.800453
v -4.53734 -7.78364 -0.600453
v -4.53734 -7.78364 -0.800453
v -4.4628 -7.84543 -0.800453
v -4.4628 -7.84543 -0.600453
v -4.43 -7.85 -0.600453
v -4.43 -7.85 -0.800453
v -3.1 -7.85 -0.600453
v -3.1 -6.85 -0.600453
v -2.81885 -7.85 -0.405106
v -2.805 -7.85 -0.354998
v -2.805 -6.85 -0.354998
v -2.90812 -7.85 -0.531066
v -2.87119 -7.85 -0.49448
v -2.87119 -6.85 -0.49448
v -2.84113 -7.85 -0.452069
v -2.81885 -6.85 -0.405106
v -2.84113 -6.85 -0.452069
v -2.99798 -6.85 -0.582574
v -3.04821 -7.85 -0.59595
v -2.99798 -7.85 -0.582574
v -2.90812 -6.85 -0.531066
v -2.95081 -6.85 -0.560727
v -2.95081 -7.85 -0.560727
v -3.04821 -6.85 -0.59595
v -2.97272 -6.85 -0.783981
v -3.1 -6.85 -0.800453
v -2.91171 -6.85 -0.763645
v -3.03583 -6.85 -0.796318
v -2.85382 -6.85 -0.735649
v -2.8 -6.85 -0.700453
v -2.8 -6.85 -0.35
v -3.1 -7.85 -0.800453
v -3.03583 -7.85 -0.796318
v -2.97272 -7.85 -0.783981
v -2.8 -7.85 -0.700453
v -2.91171 -7.85 -0.763645
v -2.85382 -7.85 -0.735649
v -2.8 -7.85 -0.35
v -2.59 -13.4613 -0.0588471
v -2.59 -13.475 -0.0364474
v -2.79 -13.475 -0.0364474
v -2.59 -13.45 -0.109762
v -2.79 -13.4529 -0.083681
v -2.79 -13.45 -0.109762
v -2.59 -13.4529 -0.083681
v -2.79 -13.4613 -0.0588471
v -2.79 -13.45 -1.0
v -2.59 -13.45 -1.0
v -2.79 -12.95 -1.0
v -2.59 -12.95 -1.0
v -2.74647 -12.95 -0.717325
v -2.70712 -12.95 -0.682805
v -2.79 -12.95 -0.74641
v -2.67262 -12.95 -0.643446
v -2.62042 -12.95 -0.552993
v -2.64355 -12.95 -0.599925
v -2.59343 -12.95 -0.452238
v -2.60362 -12.95 -0.503456
v -2.59 -12.95 -0.4
v -4.54792 -12.0477 -0.8
v -4.53734 -12.0164 -0.6
v -4.53734 -12.0164 -0.8
v -4.51859 -11.9891 -0.8
v -4.51859 -11.9891 -0.6
v -4.4931 -11.9679 -0.6
v -4.4931 -11.9679 -0.8
v -4.4628 -11.9546 -0.6
v -4.4628 -11.9546 -0.8
v -4.54792 -12.0477 -0.6
v -4.43 -11.95 -0.6
v -4.43 -11.95 -0.8
v -4.54951 -12.0808 -0.8
v -4.54951 -12.0808 -0.6
v -4.542 -12.1131 -0.8
v -4.52597 -12.142 -0.8
v -4.542 -12.1131 -0.6
v -4.50262 -12.1655 -0.8
v -4.52597 -12.142 -0.6
v -4.50262 -12.1655 -0.6
v -4.47375 -12.1817 -0.8
v -4.47375 -12.1817 -0.6
v -4.14532 -12.3103 -0.8
v -4.14532 -12.3103 -0.6
v -4.08709 -12.5487 -0.8
v -4.11374 -12.5727 -0.6
v -4.08709 -12.5487 -0.6
v -4.14532 -12.5897 -0.6
v -4.11374 -12.5727 -0.8
v -4.14532 -12.5897 -0.8
v -4.05428 -12.4856 -0.6
v -4.05 -12.45 -0.6
v -4.05 -12.45 -0.8
v -4.05428 -12.4856 -0.8
v -4.06689 -12.5191 -0.8
v -4.06689 -12.5191 -0.6
v -4.08709 -12.3513 -0.8
v -4.06689 -12.3809 -0.6
v -4.08709 -12.3513 -0.6
v -4.06689 -12.3809 -0.8
v -4.05428 -12.4144 -0.8
v -4.05428 -12.4144 -0.6
v -4.11374 -12.3273 -0.6
v -4.11374 -12.3273 -0.8
v -4.47375 -12.7183 -0.6
v -4.47375 -12.7183 -0.8
v -4.43 -12.95 -0.6
v -4.4931 -12.9321 -0.6
v -4.4628 -12.9454 -0.6
v -4.51859 -12.9109 -0.6
v -4.53734 -12.8836 -0.6
v -4.54792 -12.8523 -0.6
v -4.54951 -12.8192 -0.6
v -4.50262 -12.7345 -0.6
v -4.52597 -12.758 -0.6
v -4.542 -12.7869 -0.6
v -2.99 -12.95 -0.6
v -2.99 -11.95 -0.6
v -2.83693 -12.95 -0.769552
v -2.99 -12.95 -0.8
v -2.88647 -12.95 -0.78637
v -2.93779 -12.95 -0.796578
v -4.43 -12.95 -0.8
v -2.91346 -12.95 -0.584776
v -2.95098 -12.95 -0.596157
v -2.84858 -12.95 -0.541421
v -2.87889 -12.95 -0.566294
v -2.80522 -12.95 -0.476537
v -2.82371 -12.95 -0.511114
v -2.79 -12.95 -0.4
v -2.79384 -12.95 -0.439018
v -4.54951 -12.8192 -0.8
v -4.54792 -12.8523 -0.8
v -4.52597 -12.758 -0.8
v -4.542 -12.7869 -0.8
v -4.50262 -12.7345 -0.8
v -4.53734 -12.8836 -0.8
v -4.51859 -12.9109 -0.8
v -4.4931 -12.9321 -0.8
v -4.4628 -12.9454 -0.8
v -2.99 -11.95 -0.8
v -2.59 -11.95 -0.4
v -2.62048 -11.95 -0.553139
v -2.60364 -11.95 -0.503578
v -2.59343 -11.95 -0.452238
v -2.70721 -11.95 -0.68289
v -2.64364 -11.95 -0.60007
v -2.67271 -11.95 -0.643568
v -2.83693 -11.95 -0.769552
v -2.79 -11.95 -0.74641
v -2.74647 -11.95 -0.717324
v -2.88647 -11.95 -0.78637
v -2.93779 -11.95 -0.796578
v -2.79 -11.95 -2.0
v -2.59 -11.95 -2.0
v -2.78878 -11.017 -0.510285
v -2.78713 -10.9992 -0.533382
v -2.7868 -10.9964 -2.0
v -2.7899 -11.0417 -0.457604
v -2.78959 -11.0312 -0.484846
v -2.79 -11.05 -2.0
v -2.79 -11.05 -0.400003
v -2.79001 -11.0478 -0.429091
v -2.77725 -10.9436 -2.0
v -2.78424 -10.9783 -0.553443
v -2.77359 -10.9296 -0.583449
v -2.77981 -10.9548 -0.570253
v -2.76539 -10.9032 -0.592768
v -2.76148 -10.8923 -2.0
v -2.7552 -10.8765 -0.598232
v -2.73972 -10.8433 -2.0
v -2.74311 -10.85 -0.6
v -2.71227 -10.7972 -2.0
v -2.72859 -10.8231 -0.6
v -2.71131 -10.7978 -0.6
v -1.38248 -9.09018 -1.44591
v -1.45019 -9.10784 -1.43364
v -1.40562 -9.13995 -1.43147
v -1.49457 -9.11379 -1.42231
v -1.4943 -9.08107 -1.43364
v -1.35075 -9.13714 -1.44014
v -1.35887 -9.15396 -1.43467
v -1.54391 -9.07556 -1.42449
v -1.53561 -9.05992 -1.43163
v -1.45086 -9.12657 -1.42738
v -1.55317 -9.09045 -1.41611
v -1.54627 -9.09633 -1.41571
v -1.55575 -9.09423 -1.41359
v -1.53675 -9.10161 -1.41626
v -1.52207 -9.02576 -1.4422
v -1.46823 -9.04033 -1.44591
v -1.50822 -9.01297 -1.44591
v -1.5282 -9.04308 -1.43761
v -1.48016 -8.97254 -1.45
v -1.45043 -8.9939 -1.45
v -1.51306 -8.98853 -1.44822
v -1.5106 -8.96896 -1.44964
v -1.50743 -8.94993 -1.45
v -1.50995 -8.95 -1.45003
v -1.51 -8.94763 -1.45
v -1.33636 -9.10178 -1.44755
v -1.33025 -9.08344 -1.44939
v -1.34322 -9.1197 -1.44446
v -1.32486 -9.06469 -1.45
v -1.35737 -9.04807 -1.45
v -1.42598 -9.06598 -1.44591
v -1.51684 -9.00726 -1.44581
v -1.42058 -9.01284 -1.45
v -1.38863 -9.03102 -1.45
v -1.51278 -8.98719 -2.0
v -1.51 -8.95 -2.0
v -1.52106 -9.02354 -2.0
v -1.53466 -9.05827 -2.0
v -1.55327 -9.09058 -2.0
v -2.52082 -10.5153 -0.6
v -2.33376 -10.2398 -0.657062
v -2.28953 -10.1747 -0.688678
v -2.66485 -10.7264 -0.6
v -2.61655 -10.6562 -0.6
v -2.56868 -10.5858 -0.6
v -2.42593 -10.3755 -0.614369
v -2.37933 -10.3069 -0.632233
v -2.4732 -10.4452 -0.603599
v -2.24696 -10.112 -0.726853
v -2.01657 -9.77278 -0.955796
v -1.78617 -9.43352 -1.18474
v -2.26047 -10.4879 -0.614369
v -2.35537 -10.6276 -0.6
v -2.21388 -10.4193 -0.632233
v -2.1683 -10.3522 -0.657062
v -2.30775 -10.5575 -0.603599
v -2.08151 -10.2244 -0.726853
v -2.12407 -10.2871 -0.688678
v -1.38773 -9.20282 -2.0
v -1.38773 -9.20282 -1.41626
v -2.54673 -10.9094 -2.0
v -2.50638 -10.85 -0.6
v -2.52683 -10.8801 -0.597719
v -2.54682 -10.9095 -0.59093
v -1.32275 -9.05637 -2.0
v -1.3132 -9.00356 -2.0
v -1.31373 -9.00782 -1.45
v -1.31 -8.95 -2.0
v -1.31 -8.95 -1.45
v -1.33852 -9.10766 -2.0
v -1.36029 -9.15671 -2.0
v -1.3678 -9.17063 -1.42834
v -1.37741 -9.18691 -1.42223
v -1.51 -7.01588 -1.45
v -1.51 -7.98175 -1.45
v -1.31 -6.05 -1.45
v -1.51 -6.05 -1.45
v -1.31 -6.01387 -1.45442
v -1.31 -5.97987 -1.4674
v -1.51 -6.01387 -1.45442
v -1.51 -5.97987 -1.4674
v -1.31 -5.95 -1.4882
v -1.51 -5.95 -1.4882
v -1.56 -6.89602 -1.72801
v -1.56 -8.10398 -1.72801
v -1.56 -8.10447 -1.72706
v -1.56 -8.1 -1.72
v -1.56 -6.9 -1.72
v -1.56 -6.89871 -1.72033
v -1.56 -6.89672 -1.72132
v -1.56 -8.10328 -1.72132
v -1.56 -8.10239 -1.72077
v -1.56 -8.10129 -1.72033
v -1.56 -6.89761 -1.72077
v -1.56 -6.89523 -1.72418
v -1.56 -8.10447 -1.72277
v -1.56 -6.89553 -1.72294
v -1.56 -8.10398 -1.72199
v -1.56 -6.89602 -1.72199
v -1.56 -8.10477 -1.72582
v -1.56 -6.89523 -1.72633
v -1.56 -6.89553 -1.72723
v -1.56 -8.10477 -1.72367
v -1.56 -6.89513 -1.72531
v -1.56 -6.89672 -1.72868
v -1.56 -6.89761 -1.72923
v -1.56 -8.10328 -1.72868
v -1.56 -8.10239 -1.72923
v -1.56 -6.89871 -1.72967
v -1.56 -6.9 -1.73
v -1.56 -8.10129 -1.72967
v -1.56 -8.1 -1.73
v -1.56 -8.10487 -1.72469
v -1.51 -8.22521 -1.6526
v -1.53135 -8.19479 -1.66246
v -1.53135 -8.20713 -1.68732
v -1.55684 -8.12824 -1.6937
v -1.55684 -8.13519 -1.70179
v -1.55684 -8.13977 -1.71101
v -1.55684 -8.11946 -1.68761
v -1.53135 -8.15242 -1.62426
v -1.54722 -8.15285 -1.66642
v -1.53135 -8.17607 -1.64068
v -1.53135 -8.12621 -1.6145
v -1.53138 -8.1 -1.6115
v -1.54722 -8.11821 -1.64823
v -1.54722 -8.13642 -1.65501
v -1.55676 -8.1 -1.68236
v -1.55684 -8.10973 -1.68398
v -1.54712 -8.1 -1.64584
v -1.51 -8.2074 -1.62813
v -1.51 -8.1 -1.58036
v -1.55684 -8.14191 -1.72045
v -1.53135 -8.2129 -1.71275
v -1.51 -8.23754 -1.68024
v -1.53135 -8.2129 -1.73725
v -1.51 -8.24385 -1.70986
v -1.55684 -8.14191 -1.72955
v -1.54722 -8.17844 -1.71649
v -1.54722 -8.17844 -1.73351
v -1.55684 -8.13977 -1.73899
v -1.54722 -8.17443 -1.75118
v -1.55684 -8.13519 -1.74821
v -1.53135 -8.20713 -1.76268
v -1.54722 -8.16586 -1.76845
v -1.53135 -8.19479 -1.78754
v -1.55684 -8.12824 -1.7563
v -1.54722 -8.15285 -1.78358
v -1.53135 -8.17607 -1.80932
v -1.55684 -8.11946 -1.76239
v -1.55684 -8.10973 -1.76602
v -1.55676 -8.1 -1.76764
v -1.54722 -8.11821 -1.80177
v -1.54722 -8.13642 -1.79499
v -1.53135 -8.15242 -1.82574
v -1.53135 -8.12621 -1.8355
v -1.51 -8.18511 -1.84194
v -1.51 -8.1 -1.86964
v -1.51 -8.13012 -1.86647
v -1.53138 -8.1 -1.8385
v -1.51 -8.15891 -1.8571
v -1.54712 -8.1 -1.80416
v -1.51 -8.13012 -1.58353
v -1.51 -8.15872 -1.59283
v -1.51 -8.18491 -1.60792
v -1.54722 -8.16586 -1.68155
v -1.54722 -8.17443 -1.69882
v -1.51 -8.24385 -1.74008
v -1.51 -8.23758 -1.7696
v -1.51 -8.22531 -1.79721
v -1.51 -8.20757 -1.82168
v -1.54712 -6.9 -1.64584
v -1.51 -6.9 -1.58036
v -1.53138 -6.9 -1.6115
v -1.55676 -6.9 -1.68236
v -1.51 -6.77479 -1.7974
v -1.53135 -6.80521 -1.78754
v -1.53135 -6.79287 -1.76268
v -1.51 -6.7926 -1.82187
v -1.53135 -6.82393 -1.80932
v -1.55684 -6.86023 -1.73899
v -1.55684 -6.86481 -1.74821
v -1.54722 -6.84715 -1.78358
v -1.53135 -6.84758 -1.82574
v -1.55684 -6.87176 -1.7563
v -1.53135 -6.87379 -1.8355
v -1.54722 -6.86358 -1.79499
v -1.55684 -6.88054 -1.76239
v -1.55676 -6.9 -1.76764
v -1.53138 -6.9 -1.8385
v -1.54722 -6.88179 -1.80177
v -1.55684 -6.89027 -1.76602
v -1.54712 -6.9 -1.80416
v -1.51 -6.9 -1.86964
v -1.55684 -6.85809 -1.72955
v -1.51 -6.76246 -1.76976
v -1.53135 -6.7871 -1.73725
v -1.53135 -6.7871 -1.71275
v -1.51 -6.75615 -1.74014
v -1.55684 -6.85809 -1.72045
v -1.54722 -6.82156 -1.73351
v -1.54722 -6.82156 -1.71649
v -1.55684 -6.86023 -1.71101
v -1.54722 -6.82557 -1.69882
v -1.55684 -6.86481 -1.70179
v -1.53135 -6.79287 -1.68732
v -1.54722 -6.83414 -1.68155
v -1.53135 -6.80521 -1.66246
v -1.55684 -6.87176 -1.6937
v -1.54722 -6.84715 -1.66642
v -1.53135 -6.82393 -1.64068
v -1.55684 -6.88054 -1.68761
v -1.55684 -6.89027 -1.68398
v -1.54722 -6.88179 -1.64823
v -1.54722 -6.86358 -1.65501
v -1.53135 -6.84758 -1.62426
v -1.51 -6.86988 -1.58353
v -1.51 -6.81489 -1.60806
v -1.53135 -6.87379 -1.6145
v -1.51 -6.84109 -1.5929
v -1.51 -6.86988 -1.86647
v -1.51 -6.84128 -1.85717
v -1.51 -6.81509 -1.84208
v -1.54722 -6.83414 -1.76845
v -1.54722 -6.82557 -1.75118
v -1.51 -6.75615 -1.70992
v -1.51 -6.76242 -1.6804
v -1.51 -6.77469 -1.65279
v -1.51 -6.79243 -1.62832
v -1.51 -6.10325 -1.98397
v -1.51 -6.15097 -1.99597
v -1.51 -6.2 -2.0
v -1.51 -6.05814 -1.96434
v -1.51 -5.95 -1.86583
v -1.51 -6.01684 -1.9376
v -1.51 -5.98047 -1.90446
v -1.31 -6.05814 -1.96434
v -1.31 -6.10325 -1.98397
v -1.31 -6.15097 -1.99597
v -1.31 -6.2 -2.0
v -1.31 -6.01684 -1.9376
v -1.31 -5.98047 -1.90446
v -1.31 -5.95 -1.86583
v -1.35997 -6.89628 -1.72612
v -1.35998 -8.10387 -1.72562
v -1.35998 -6.89696 -1.72767
v -1.35998 -8.1034 -1.72745
v -1.35999 -8.10207 -1.72883
v -1.36 -6.9 -1.73
v -1.35998 -6.8982 -1.72896
v -1.36 -8.1 -1.73
v -1.35997 -8.10371 -1.72383
v -1.35998 -6.89616 -1.72432
v -1.35998 -8.10302 -1.7223
v -1.35998 -6.89667 -1.72248
v -1.35999 -6.89798 -1.72112
v -1.35998 -8.10178 -1.72102
v -1.36 -8.1 -1.72
v -1.36 -6.9 -1.72
v -1.35732 -8.1 -1.71
v -1.35732 -6.9 -1.71
v -1.35 -8.1 -1.70268
v -1.35 -6.9 -1.70268
v -1.34 -8.1 -1.7
v -1.3578 -8.11411 -1.725
v -1.35007 -8.12228 -1.725
v -1.35007 -8.11948 -1.7358
v -1.34 -8.12165 -1.7375
v -1.34 -8.1125 -1.74665
v -1.34 -8.1 -1.75
v -1.35007 -8.11099 -1.74438
v -1.3578 -8.10696 -1.73728
v -1.35 -8.1 -1.74732
v -1.35732 -8.1 -1.74
v -1.3578 -8.11234 -1.73184
v -1.3578 -8.11234 -1.71816
v -1.35007 -8.11948 -1.7142
v -1.3578 -8.10696 -1.71272
v -1.35007 -8.11099 -1.70562
v -1.34 -8.1125 -1.70335
v -1.34 -8.125 -1.725
v -1.34 -8.12165 -1.7125
v -1.35732 -6.9 -1.74
v -1.35 -6.9 -1.74732
v -1.35781 -6.8859 -1.725
v -1.35008 -6.87773 -1.725
v -1.35008 -6.88052 -1.7142
v -1.35008 -6.88902 -1.70562
v -1.35781 -6.89305 -1.71274
v -1.35781 -6.88767 -1.71816
v -1.35781 -6.88767 -1.73184
v -1.35008 -6.88052 -1.7358
v -1.35781 -6.89305 -1.73726
v -1.35008 -6.88902 -1.74438
v -1.31 -8.1 -1.75
v -1.31 -8.1125 -1.74665
v -1.31 -8.12165 -1.7125
v -1.31 -8.125 -1.725
v -1.31 -8.12165 -1.7375
v -1.31 -8.1 -1.7
v -1.31 -8.1125 -1.70335
v -2.59 -11.05 -2.0
v -2.56524 -10.9415 -2.0
v -2.57889 -10.9763 -2.0
v -2.58721 -11.0127 -2.0
v -2.58779 -11.0168 -0.510359
v -2.58954 -11.0348 -0.476425
v -2.58997 -11.0461 -0.439145
v -2.59 -11.05 -0.400005
v -2.5835 -10.9934 -0.539435
v -2.57573 -10.9668 -0.562384
v -2.56378 -10.9385 -0.579336
v -2.59 -13.45 0.65
v -2.59 -13.15 1.35
v -2.59 -11.0681 1.15261
v -2.59 -11.05 1.05
v -2.59 -11.0546 1.10209
v -2.59 -13.3428 1.27981
v -2.59 -13.3798 1.24284
v -2.59 -13.45 1.05
v -2.59 -13.4319 1.15261
v -2.59 -13.4098 1.2
v -2.59 -13.4454 1.10209
v -2.59 -13.3 1.30981
v -2.59 -13.2021 1.34544
v -2.59 -13.2526 1.33191
v -2.59 -11.025 -0.0364474
v -2.59 -11.025 0.515967
v -2.59 -11.0387 -0.0588471
v -2.59 -11.0902 1.2
v -2.59 -11.1202 1.24284
v -2.59 -11.1572 1.27981
v -2.59 -11.2 1.30981
v -2.59 -11.2979 1.34544
v -2.59 -11.2474 1.33191
v -2.59 -11.35 1.35
v -2.59 -11.05 0.65
v -2.59 -11.05 -0.109762
v -2.59 -11.0471 -0.083681
v -2.59 -13.475 0.515967
v -2.79 -3.43515 0.485147
v -2.99 -3.43515 0.485147
v -2.79 -3.46 0.466077
v -2.99 -3.46 0.466077
v -2.79 -3.48894 0.454089
v -2.79 -3.52 0.45
v -2.99 -3.48894 0.454089
v -2.99 -3.52 0.45
v -2.99 -3.41608 0.51
v -2.79 -3.41608 0.51
v -2.99 -3.40409 0.538942
v -2.79 -3.40409 0.538942
v -2.99 -3.4 0.57
v -2.79 -3.4 0.57
v -2.79 -4.68 0.45
v -2.99 -4.68 0.45
v -2.79 -4.68 1.45
v -2.99 -4.68 1.45
v -2.99 -3.52 1.45
v -2.79 -3.52 1.45
v -2.99 -4.71106 1.44591
v -2.99 -4.78392 1.39
v -2.99 -4.76485 1.41485
v -2.79 -4.76485 1.41485
v -2.99 -4.74 1.43392
v -2.79 -4.71106 1.44591
v -2.79 -4.74 1.43392
v -2.99 -4.8 1.33
v -2.99 -4.79591 1.36106
v -2.79 -4.79591 1.36106
v -2.79 -4.78392 1.39
v -2.79 -4.8 1.33
v -2.99 -4.8 0.57
v -2.79 -4.8 0.57
v -2.79 -4.76485 0.485147
v -2.99 -4.76485 0.485147
v -2.79 -4.78392 0.51
v -2.99 -4.78392 0.51
v -2.79 -4.79591 0.538942
v -2.99 -4.79591 0.538942
v -2.99 -4.74 0.466077
v -2.79 -4.74 0.466077
v -2.99 -4.71106 0.454089
v -2.79 -4.71106 0.454089
v -2.79 -5.38085 0.184282
v -2.99 -5.36261 0.167997
v -2.79 -5.36261 0.167997
v -2.79 -5.42754 0.240371
v -2.99 -5.41352 0.220363
v -2.79 -5.41352 0.220363
v -2.79 -5.39797 0.201597
v -2.99 -5.39797 0.201597
v -2.99 -5.38085 0.184282
v -2.99 -5.45047 0.283485
v -2.79 -5.45047 0.283485
v -2.79 -5.4592 0.306244
v -2.99 -5.42754 0.240371
v -2.79 -5.43987 0.261447
v -2.99 -5.43987 0.261447
v -2.99 -5.46608 0.329707
v -2.79 -5.47102 0.353616
v -2.99 -5.47102 0.353616
v -2.79 -5.46608 0.329707
v -2.99 -5.4592 0.306244
v -2.99 -5.474 0.377848
v -2.79 -5.474 0.377848
v -2.79 -5.475 0.402307
v -2.99 -5.475 0.402307
v -2.99 -5.25186 -0.0327831
v -2.79 -5.25186 -0.0327831
v -2.99 -5.25589 -0.00696371
v -2.99 -5.2506 -0.0849705
v -2.79 -5.25339 -0.11098
v -2.79 -5.2506 -0.0849705
v -2.99 -5.25009 -0.058864
v -2.79 -5.25009 -0.058864
v -2.99 -5.25339 -0.11098
v -2.79 -5.28648 -0.20944
v -2.79 -5.27504 -0.186052
v -2.99 -5.27504 -0.186052
v -2.79 -5.26567 -0.161735
v -2.79 -5.25841 -0.136583
v -2.99 -5.25841 -0.136583
v -2.99 -5.26567 -0.161735
v -2.99 -5.3 -0.231899
v -2.79 -5.3 -0.231899
v -2.99 -5.28648 -0.20944
v -2.79 -5.25589 -0.00696371
v -2.79 -5.26214 0.0184002
v -2.99 -5.26214 0.0184002
v -2.79 -5.27059 0.0431484
v -2.99 -5.27059 0.0431484
v -2.99 -5.28115 0.0670298
v -2.79 -5.28115 0.0670298
v -2.79 -5.29377 0.0899534
v -2.99 -5.29377 0.0899534
v -2.79 -5.3083 0.111633
v -2.99 -5.3083 0.111633
v -2.99 -5.3247 0.132022
v -2.79 -5.3247 0.132022
v -2.79 -5.34277 0.150853
v -2.99 -5.34277 0.150853
v -4.54234 -4.36636 -0.6
v -4.55292 -4.39774 -0.8
v -4.55292 -4.39774 -0.6
v -4.54234 -4.36636 -0.8
v -4.52359 -4.33906 -0.6
v -4.52359 -4.33906 -0.8
v -4.4678 -4.30457 -0.8
v -4.4981 -4.31793 -0.8
v -4.4678 -4.30457 -0.6
v -4.4981 -4.31793 -0.6
v -4.435 -4.3 -0.6
v -4.435 -4.3 -0.8
v -4.55451 -4.43082 -0.8
v -4.55451 -4.43082 -0.6
v -4.547 -4.46307 -0.8
v -4.53097 -4.49204 -0.8
v -4.547 -4.46307 -0.6
v -4.50762 -4.51553 -0.8
v -4.53097 -4.49204 -0.6
v -4.50762 -4.51553 -0.6
v -4.47875 -4.53174 -0.8
v -4.47875 -4.53174 -0.6
v -4.435 -5.3 -0.8
v -4.55292 -5.20226 -0.8
v -4.55451 -5.16918 -0.8
v -4.53097 -5.10796 -0.8
v -4.50762 -5.08447 -0.8
v -4.47875 -5.06826 -0.8
v -4.4981 -5.28207 -0.8
v -4.52359 -5.26094 -0.8
v -4.4678 -5.29543 -0.8
v -4.54235 -5.23364 -0.8
v -4.547 -5.13693 -0.8
v -3.19 -5.3 -0.8
v -4.09209 -4.89875 -0.8
v -4.07189 -4.86914 -0.8
v -4.15032 -4.93968 -0.8
v -4.15032 -4.66032 -0.8
v -3.19 -4.3 -0.8
v -4.11874 -4.67728 -0.8
v -4.11874 -4.92272 -0.8
v -4.05928 -4.83559 -0.8
v -4.055 -4.8 -0.8
v -4.05928 -4.76441 -0.8
v -4.09209 -4.70125 -0.8
v -4.07189 -4.73086 -0.8
v -4.55451 -5.16918 -0.6
v -4.547 -5.13693 -0.6
v -4.53097 -5.10796 -0.6
v -4.50762 -5.08447 -0.6
v -4.47875 -5.06826 -0.6
v -4.55292 -5.20226 -0.6
v -4.54234 -5.23364 -0.6
v -4.52359 -5.26094 -0.6
v -4.4981 -5.28207 -0.6
v -4.4678 -5.29543 -0.6
v -4.435 -5.3 -0.6
v -4.15032 -4.93968 -0.6
v -4.11874 -4.92272 -0.6
v -4.09209 -4.89875 -0.6
v -4.05928 -4.83559 -0.6
v -4.055 -4.8 -0.6
v -4.07189 -4.86914 -0.6
v -4.07189 -4.73086 -0.6
v -4.09209 -4.70125 -0.6
v -4.05928 -4.76441 -0.6
v -4.11874 -4.67728 -0.6
v -4.15032 -4.66032 -0.6
v -3.19 -4.3 -0.6
v -3.19 -5.3 -0.6
v -3.15098 -4.3 -0.596157
v -3.04858 -4.3 -0.541421
v -3.07889 -4.3 -0.566294
v -3.07889 -5.3 -0.566294
v -3.11346 -4.3 -0.584776
v -3.15098 -5.3 -0.596157
v -3.11346 -5.3 -0.584776
v -3.00522 -5.3 -0.476537
v -2.99384 -4.3 -0.439018
v -3.00522 -4.3 -0.476537
v -3.04858 -5.3 -0.541421
v -3.02371 -5.3 -0.511114
v -3.02371 -4.3 -0.511114
v -2.99 -4.3 -0.4
v -2.99384 -5.3 -0.439018
v -2.99 -5.3 -0.4
v -2.85194 -5.475 2.0523
v -2.8923 -2.725 2.01194
v -2.8923 -5.475 2.01194
v -2.9265 -5.475 1.96626
v -2.9265 -2.725 1.96626
v -2.95385 -2.725 1.91617
v -2.95385 -5.475 1.91617
v -2.9738 -2.725 1.86269
v -2.9738 -5.475 1.86269
v -2.98593 -5.475 1.80693
v -2.98593 -2.725 1.80693
v -2.99 -2.725 1.75
v -2.99 -5.475 1.75
v -2.85194 -2.725 2.0523
v -2.80626 -5.475 2.0865
v -2.80626 -2.725 2.0865
v -2.75617 -2.725 2.11385
v -2.75617 -5.475 2.11385
v -2.70269 -5.475 2.1338
v -2.70269 -2.725 2.1338
v -2.64693 -5.475 2.14593
v -2.64693 -2.725 2.14593
v -2.59 -5.475 2.15
v -2.59 -2.725 2.15
v -0.121013 -0.90707 1.91233
v -0.0438567 -0.900787 1.91915
v 0.0338567 -0.900787 1.91915
v 0.111013 -0.90707 1.91233
v -0.19651 -0.919549 1.89878
v 0.18651 -0.919549 1.89878
v -0.269269 -0.938045 1.87871
v -0.338251 -0.962292 1.85239
v 0.259269 -0.938045 1.87871
v 0.328251 -0.962292 1.85239
v -0.402471 -0.991943 1.82021
v 0.392471 -0.991943 1.82021
v 0.451011 -1.02657 1.78262
v -0.461011 -1.02657 1.78262
v 0.503031 -1.06569 1.74016
v -0.513031 -1.06569 1.74016
v -0.557789 -1.10874 1.69344
v 0.547789 -1.10874 1.69344
v -0.596425 -1.17726 1.62983
v 0.596565 -1.20351 1.6112
v -0.607118 -1.20288 1.61064
v 0.561773 -1.13013 1.6714
v 0.574632 -1.15298 1.6501
v -0.584109 -1.15368 1.65061
v 0.586424 -1.17726 1.62983
v -0.571774 -1.13013 1.6714
v 0.606686 -1.22979 1.5926
v 0.615188 -1.25787 1.57592
v -0.616685 -1.22979 1.5926
v -0.625188 -1.25787 1.57592
v 0.632373 -1.32169 1.54518
v -0.642373 -1.32169 1.54518
v 0.649558 -1.38868 1.52217
v 0.666743 -1.45791 1.50715
v -0.659558 -1.38868 1.52217
v 0.683933 -1.52842 1.50039
v -0.676743 -1.45791 1.50715
v -0.693933 -1.52842 1.50039
v 0.701123 -1.59923 1.50207
v 0.718309 -1.66936 1.51207
v -0.711123 -1.59923 1.50207
v 0.735493 -1.73783 1.5302
v -0.728309 -1.66936 1.51207
v -0.745493 -1.73783 1.5302
v 0.752678 -1.80369 1.55628
v -0.762678 -1.80369 1.55628
v 0.989176 -2.48674 1.87497
v -0.999176 -2.48674 1.87497
v 1.08382 -2.75524 1.94695
v 1.10748 -2.825 1.95
v -1.11748 -2.825 1.95
v 1.01284 -2.55125 1.9017
v 1.0365 -2.61784 1.92271
v -1.0465 -2.61784 1.92271
v 1.06016 -2.68601 1.93783
v -1.09382 -2.75524 1.94695
v -1.07016 -2.68601 1.93783
v -1.02284 -2.55125 1.9017
v -0.121013 -1.05416 2.04785
v 0.0338567 -1.04787 2.05466
v -0.0438567 -1.04787 2.05466
v 0.111013 -1.05416 2.04785
v -0.19651 -1.06664 2.0343
v -0.269269 -1.08513 2.01423
v 0.18651 -1.06664 2.0343
v -0.338251 -1.10938 1.98791
v 0.259269 -1.08513 2.01423
v 0.328251 -1.10938 1.98791
v -0.402471 -1.13903 1.95573
v 0.392471 -1.13903 1.95573
v 0.451011 -1.17366 1.91814
v -0.461011 -1.17366 1.91814
v -0.513031 -1.21278 1.87568
v 0.503031 -1.21278 1.87568
v -0.557789 -1.25583 1.82896
v 0.547789 -1.25583 1.82896
v -0.642353 -1.39775 1.73011
v -0.659531 -1.44232 1.71477
v 0.649531 -1.44232 1.71477
v 0.666724 -1.48849 1.70477
v -0.676724 -1.48849 1.70477
v 0.683932 -1.53555 1.70027
v -0.693932 -1.53555 1.70027
v 0.701141 -1.58282 1.70135
v -0.711141 -1.58282 1.70135
v -0.728336 -1.62961 1.708
v 0.718336 -1.62961 1.708
v -0.745513 -1.67526 1.72012
v 0.735513 -1.67526 1.72012
v 0.752678 -1.71913 1.73752
v -0.762678 -1.71913 1.73752
v 0.632353 -1.39775 1.73011
v -0.625188 -1.35525 1.75061
v -0.616055 -1.33639 1.76233
v 0.615188 -1.35525 1.75061
v 0.606429 -1.33602 1.7621
v -0.605938 -1.31851 1.7748
v 0.596625 -1.31779 1.77438
v -0.595822 -1.30062 1.78726
v 0.585821 -1.30062 1.78726
v 0.573424 -1.28533 1.80106
v 0.561027 -1.27004 1.81485
v -0.584056 -1.28454 1.8007
v -0.571362 -1.26961 1.81467
v -0.999176 -2.40218 2.05621
v 0.989176 -2.40218 2.05621
v 1.08382 -2.7378 2.14619
v 1.06016 -2.65126 2.13479
v -1.09382 -2.7378 2.14619
v 1.0365 -2.56605 2.11589
v -1.07016 -2.65126 2.13479
v -1.11748 -2.825 2.15
v 1.10748 -2.825 2.15
v -1.0465 -2.56605 2.11589
v 1.01284 -2.48281 2.08963
v -1.02284 -2.48281 2.08963
v 2.8823 -5.475 2.01194
v 2.84194 -2.725 2.0523
v 2.84194 -5.475 2.0523
v 2.79626 -5.475 2.0865
v 2.79626 -2.725 2.0865
v 2.74617 -2.725 2.11385
v 2.74617 -5.475 2.11385
v 2.69269 -2.725 2.1338
v 2.69269 -5.475 2.1338
v 2.63693 -5.475 2.14593
v 2.63693 -2.725 2.14593
v 2.58 -2.725 2.15
v 2.58 -5.475 2.15
v 2.8823 -2.725 2.01194
v 2.9165 -5.475 1.96626
v 2.9165 -2.725 1.96626
v 2.94385 -2.725 1.91617
v 2.94385 -5.475 1.91617
v 2.9638 -5.475 1.86269
v 2.9638 -2.725 1.86269
v 2.97593 -5.475 1.80693
v 2.97593 -2.725 1.80693
v 2.98 -5.475 1.75
v 2.98 -2.725 1.75
v 2.78 -5.325 -0.00980762
v 2.98 -5.36784 0.0201867
v 2.78 -5.36784 0.0201867
v 2.78 -5.27761 -0.0319078
v 2.98 -5.27761 -0.0319078
v 2.98 -5.325 -0.00980762
v 2.78 -5.22709 -0.0454423
v 2.78 -5.175 -0.0499999
v 2.98 -5.22709 -0.0454423
v 2.98 -5.175 -0.0499999
v 2.98 -5.40481 0.0571637
v 2.78 -5.40481 0.0571637
v 2.78 -5.43481 0.1
v 2.98 -5.43481 0.1
v 2.98 -5.45691 0.147394
v 2.78 -5.45691 0.147394
v 2.98 -5.47044 0.197906
v 2.78 -5.47044 0.197906
v 2.98 -5.475 0.25
v 2.78 -5.475 0.25
v 2.78 -3.025 -0.05
v 2.98 -3.025 -0.05
v 2.78 -2.79519 0.0571637
v 2.98 -2.79519 0.0571637
v 2.98 -2.83216 0.0201867
v 2.78 -2.76519 0.1
v 2.98 -2.76519 0.1
v 2.98 -2.74309 0.147394
v 2.78 -2.74309 0.147394
v 2.78 -2.72956 0.197906
v 2.98 -2.72956 0.197906
v 2.78 -2.725 0.25
v 2.98 -2.725 0.25
v 2.78 -2.83216 0.0201867
v 2.78 -2.875 -0.00980762
v 2.98 -2.875 -0.00980762
v 2.98 -2.92239 -0.0319078
v 2.78 -2.92239 -0.0319078
v 2.98 -2.97291 -0.0454423
v 2.78 -2.97291 -0.0454423
v 2.78 -4.76485 0.485147
v 2.98 -4.76485 0.485147
v 2.78 -4.74 0.466077
v 2.98 -4.74 0.466077
v 2.78 -4.71106 0.454089
v 2.78 -4.68 0.45
v 2.98 -4.71106 0.454089
v 2.98 -4.68 0.45
v 2.98 -4.78392 0.51
v 2.78 -4.78392 0.51
v 2.98 -4.79591 0.538942
v 2.78 -4.79591 0.538942
v 2.98 -4.8 0.57
v 2.78 -4.8 0.57
v 2.78 -3.52 0.45
v 2.98 -3.52 0.45
v 2.98 -4.68 1.45
v 2.78 -4.68 1.45
v 2.78 -3.52 1.45
v 2.98 -3.52 1.45
v 2.78 -3.43515 1.41485
v 2.98 -3.43515 1.41485
v 2.78 -3.46 1.43392
v 2.98 -3.46 1.43392
v 2.78 -3.48894 1.44591
v 2.98 -3.48894 1.44591
v 2.98 -3.41608 1.39
v 2.78 -3.41608 1.39
v 2.98 -3.40409 1.36106
v 2.78 -3.40409 1.36106
v 2.98 -3.4 1.33
v 2.78 -3.4 1.33
v 2.78 -3.4 0.57
v 2.98 -3.4 0.57
v 2.78 -3.43515 0.485147
v 2.98 -3.43515 0.485147
v 2.78 -3.41608 0.51
v 2.98 -3.41608 0.51
v 2.78 -3.40409 0.538942
v 2.98 -3.40409 0.538942
v 2.98 -3.46 0.466077
v 2.78 -3.46 0.466077
v 2.98 -3.48894 0.454089
v 2.78 -3.48894 0.454089
v 2.98 -4.8 1.33
v 2.98 -4.79591 1.36106
v 2.98 -4.74 1.43392
v 2.98 -4.71106 1.44591
v 2.98 -4.78392 1.39
v 2.98 -4.76485 1.41485
v 2.78 -4.8 1.33
v 2.78 -4.76485 1.41485
v 2.78 -4.79591 1.36106
v 2.78 -4.78392 1.39
v 2.78 -4.71106 1.44591
v 2.78 -4.74 1.43392
v 2.78 -2.725 1.75
v 2.55 -2.725 1.95
v 2.34833 -2.725 1.95
v 2.77616 -2.725 1.78902
v 2.76478 -2.725 1.82654
v 2.74629 -2.725 1.86111
v 2.72142 -2.725 1.89142
v 2.69111 -2.725 1.91629
v 2.65654 -2.725 1.93478
v 2.61902 -2.725 1.94616
v 2.58 -2.725 1.95
v 1.945 -2.725 2.15
v 2.14667 -2.725 1.95
v 1.945 -2.725 1.95
v 1.76022 -2.84846 2.15
v 1.76022 -2.84846 1.95
v 1.74884 -2.88598 1.95
v 1.745 -2.925 1.95
v 1.745 -2.925 2.15
v 1.74884 -2.88598 2.15
v 1.80358 -2.78358 1.95
v 1.83389 -2.75871 2.15
v 1.83389 -2.75871 1.95
v 1.80358 -2.78358 2.15
v 1.77871 -2.81389 1.95
v 1.77871 -2.81389 2.15
v 1.86846 -2.74022 1.95
v 1.90598 -2.72884 2.15
v 1.90598 -2.72884 1.95
v 1.86846 -2.74022 2.15
v 1.745 -3.225 2.15
v 1.745 -3.225 1.95
v 1.67678 -3.39663 2.15
v 1.70581 -3.35938 2.15
v 1.68062 -3.39247 1.95
v 1.50935 -3.47459 2.15
v 1.55603 -3.46744 2.15
v 1.52062 -3.47368 1.95
v 1.7408 -3.27062 1.95
v 1.70806 -3.35579 1.95
v 1.74054 -3.27201 2.15
v 1.72835 -3.31471 1.95
v 1.72732 -3.31735 2.15
v 1.64694 -3.42353 1.95
v 1.64126 -3.42775 2.15
v 1.60816 -3.44793 1.95
v 1.56558 -3.46483 1.95
v 1.60053 -3.45164 2.15
v 1.41614 -3.46224 2.15
v 1.43565 -3.46785 1.95
v 1.39515 -3.45419 1.95
v 1.47789 -3.47441 1.95
v 1.46216 -3.47283 2.15
v 1.29544 -3.37558 1.95
v 1.2748 -3.34336 2.15
v 1.30098 -3.38266 2.15
v 1.35757 -3.43384 1.95
v 1.324 -3.40737 1.95
v 1.33409 -3.41633 2.15
v 1.25647 -3.29984 2.15
v 1.2727 -3.33938 1.95
v 1.25647 -3.29984 1.95
v 1.37294 -3.44318 2.15
v 1.10748 -2.825 2.05
v 1.01284 -2.51702 1.99568
v 1.0365 -2.59195 2.01927
v 1.08382 -2.74652 2.04658
v 1.06016 -2.66865 2.03628
v 0.989176 -2.44446 1.96559
v 0.752678 -1.76141 1.64689
v 0.649561 -1.41558 1.61848
v 0.666747 -1.47327 1.60596
v 0.735492 -1.70652 1.62517
v 0.632374 -1.35974 1.63765
v 0.615188 -1.30656 1.66327
v 0.683933 -1.53201 1.60032
v 0.70112 -1.59101 1.60172
v 0.718306 -1.64945 1.61006
v 0.547788 -1.18228 1.7612
v 0.59684 -1.26017 1.69258
v 0.574321 -1.21863 1.72559
v -0.557789 -1.18228 1.7612
v -0.625188 -1.30656 1.66327
v -0.584321 -1.21863 1.72559
v -0.60684 -1.26017 1.69258
v -0.71112 -1.59101 1.60172
v -0.642375 -1.35974 1.63765
v -0.676747 -1.47327 1.60596
v -0.693933 -1.53201 1.60032
v -0.659561 -1.41558 1.61848
v -0.762678 -1.76141 1.64689
v -0.728306 -1.64945 1.61006
v -0.745492 -1.70652 1.62517
v -0.999176 -2.44446 1.96559
v -1.09382 -2.74652 2.04658
v -1.02284 -2.51702 1.99568
v -1.0465 -2.59195 2.01927
v -1.07016 -2.66865 2.03628
v -1.11748 -2.825 2.05
v -1.26647 -3.29984 1.95
v -1.26647 -3.29984 2.15
v -1.75054 -3.27201 2.15
v -1.73732 -3.31735 2.15
v -1.28479 -3.34336 2.15
v -1.03844 -5.475 2.15
v -0.807851 -5.36691 2.15
v -0.77791 -5.32374 2.15
v -1.71581 -3.35938 2.15
v -1.51935 -3.47459 2.15
v -0.392819 -4.96394 2.15
v -1.47215 -3.47284 2.15
v -0.729895 -5.24864 2.15
v -0.674611 -5.17872 2.15
v 0.215612 -4.90277 2.15
v 0.300749 -4.92917 2.15
v 0.719895 -5.24864 2.15
v 0.76791 -5.32374 2.15
v 1.02844 -5.475 2.15
v -1.31098 -3.38266 2.15
v -1.34409 -3.41633 2.15
v 0.664611 -5.17872 2.15
v -1.955 -2.725 2.15
v -1.78871 -2.81389 2.15
v -1.81358 -2.78358 2.15
v -1.755 -3.225 2.15
v -1.755 -2.925 2.15
v 0.834863 -5.40419 2.15
v 0.877812 -5.43444 2.15
v 0.0395694 -4.87612 2.15
v 0.12826 -4.88503 2.15
v 0.976108 -5.4704 2.15
v 0.92538 -5.45674 2.15
v 0.797851 -5.36691 2.15
v -1.87846 -2.74022 2.15
v -1.91598 -2.72884 2.15
v 0.602608 -5.11468 2.15
v 0.53451 -5.05717 2.15
v -0.471001 -5.00675 2.15
v -0.0495694 -4.87612 2.15
v -1.38294 -3.44317 2.15
v -0.13826 -4.88503 2.15
v -0.225612 -4.90277 2.15
v -1.42614 -3.46224 2.15
v 0.382819 -4.96394 2.15
v 0.461001 -5.00675 2.15
v -0.310749 -4.92917 2.15
v -1.56603 -3.46744 2.15
v -0.54451 -5.05717 2.15
v -0.612608 -5.11468 2.15
v -0.93538 -5.45674 2.15
v -0.887812 -5.43444 2.15
v -0.844863 -5.40419 2.15
v -0.986108 -5.4704 2.15
v -1.61054 -3.45164 2.15
v -1.68677 -3.39663 2.15
v -1.65126 -3.42775 2.15
v -1.84389 -2.75871 2.15
v -1.77022 -2.84846 2.15
v -1.75884 -2.88598 2.15
v -2.79 -2.725 1.75
v -2.66654 -2.725 1.93478
v -2.70111 -2.725 1.91629
v -2.73142 -2.725 1.89142
v -2.75629 -2.725 1.86111
v -2.77478 -2.725 1.82654
v -2.78616 -2.725 1.78902
v -2.99 -2.725 0.25
v -2.79 -2.725 0.25
v -2.62902 -2.725 1.94616
v -2.59 -2.725 1.95
v -2.35833 -2.725 1.95
v -2.56 -2.725 1.95
v -2.15667 -2.725 1.95
v -1.955 -2.725 1.95
v -2.79 -2.83216 0.0201867
v -2.79 -2.875 -0.00980762
v -2.99 -2.83216 0.0201867
v -2.79 -2.92239 -0.0319078
v -2.99 -2.875 -0.00980762
v -2.99 -2.92239 -0.0319078
v -2.79 -2.97291 -0.0454423
v -2.99 -2.79519 0.0571637
v -2.99 -2.97291 -0.0454423
v -2.79 -3.025 -0.0499999
v -2.99 -3.025 -0.0499999
v -2.79 -2.79519 0.0571637
v -2.79 -2.76519 0.1
v -2.99 -2.76519 0.1
v -2.99 -2.74309 0.147394
v -2.79 -2.74309 0.147394
v -2.99 -2.72956 0.197906
v -2.79 -2.72956 0.197906
v -2.79 -4.1 -0.05
v -2.99 -4.1 -0.05
v -2.79 -4.21111 -0.0837061
v -2.79 -4.24142 -0.108579
v -2.99 -4.24142 -0.108579
v -2.99 -4.21111 -0.0837061
v -2.79 -4.17654 -0.0652241
v -2.99 -4.17654 -0.0652241
v -2.79 -4.13902 -0.0538429
v -2.99 -4.13902 -0.0538429
v -2.99 -4.26629 -0.138886
v -2.99 -4.28478 -0.173463
v -2.79 -4.26629 -0.138886
v -2.79 -4.28478 -0.173463
v -2.99 -4.29616 -0.210982
v -2.79 -4.29616 -0.210982
v -2.99 -4.3 -0.25
v -2.79 -4.3 -0.25
v -3.07731 -4.3 -0.783797
v -3.13307 -4.3 -0.795929
v -2.79 -4.3 -0.4
v -3.02383 -4.3 -0.763853
v -2.92806 -4.3 -0.7023
v -2.97374 -4.3 -0.736502
v -2.8062 -4.3 -0.512693
v -2.82615 -4.3 -0.566166
v -2.8535 -4.3 -0.616256
v -2.8877 -4.3 -0.661944
v -2.79407 -4.3 -0.456926
v -2.92806 -5.3 -0.7023
v -2.97374 -5.3 -0.736501
v -3.02383 -5.3 -0.763853
v -3.07731 -5.3 -0.783797
v -3.13307 -5.3 -0.795929
v -2.8877 -5.3 -0.661944
v -2.8535 -5.3 -0.616256
v -2.82615 -5.3 -0.566166
v -2.8062 -5.3 -0.512693
v -2.79407 -5.3 -0.456926
v -2.79 -5.3 -0.4
v -2.99 -3.4 1.33
v -2.99 -3.41608 1.39
v -2.99 -3.40409 1.36106
v -2.99 -3.46 1.43392
v -2.99 -3.43515 1.41485
v -2.99 -3.48894 1.44591
v -2.79 -3.4 1.33
v -2.79 -3.43515 1.41485
v -2.79 -3.41608 1.39
v -2.79 -3.40409 1.36106
v -2.79 -3.46 1.43392
v -2.79 -3.48894 1.44591
v -2.77478 -5.475 1.82654
v -2.78616 -5.475 1.78902
v -2.66654 -5.475 1.93478
v -2.62902 -5.475 1.94616
v -2.73142 -5.475 1.89142
v -2.70111 -5.475 1.91629
v -2.75629 -5.475 1.86111
v -2.79 -5.475 1.75
v -2.59 -5.475 1.95
v -2.56 -5.475 1.95
v -2.05281 -5.475 1.95
v -1.54563 -5.475 1.95
v -1.03844 -5.475 1.95
v -0.844863 -5.40419 1.95
v -0.807851 -5.36691 1.95
v -0.77791 -5.32374 1.95
v -0.93538 -5.45674 1.95
v -0.986108 -5.4704 1.95
v -0.887812 -5.43444 1.95
v -0.0495679 -4.87612 1.95
v -0.138257 -4.88503 1.95
v -0.225609 -4.90278 1.95
v -0.310748 -4.92917 1.95
v -0.471003 -5.00675 1.95
v -0.392821 -4.96394 1.95
v -0.544511 -5.05717 1.95
v -0.612608 -5.11468 1.95
v -0.67461 -5.17872 1.95
v -0.729895 -5.24864 1.95
v 0.0395679 -4.87612 1.95
v 0.128257 -4.88503 1.95
v 0.215609 -4.90278 1.95
v 0.300748 -4.92917 1.95
v 0.382821 -4.96394 1.95
v 0.461003 -5.00675 1.95
v 0.534511 -5.05717 1.95
v 0.602608 -5.11468 1.95
v 0.66461 -5.17872 1.95
v 0.719895 -5.24864 1.95
v 0.767908 -5.32374 1.95
v 0.92538 -5.45674 1.95
v 0.976108 -5.4704 1.95
v 1.02844 -5.475 1.95
v 0.834863 -5.40419 1.95
v 0.797851 -5.36691 1.95
v 0.877812 -5.43444 1.95
v 2.55 -5.475 1.95
v 2.04281 -5.475 1.95
v 2.58 -5.475 1.95
v 2.77616 -5.475 1.78902
v 2.78 -5.475 1.75
v 1.53563 -5.475 1.95
v 2.76478 -5.475 1.82654
v 2.74629 -5.475 1.86111
v 2.65654 -5.475 1.93478
v 2.61902 -5.475 1.94616
v 2.69111 -5.475 1.91629
v 2.72142 -5.475 1.89142
v -1.53062 -3.47368 1.95
v -1.48788 -3.47442 1.95
v -1.44565 -3.46786 1.95
v -1.40515 -3.45419 1.95
v -1.36757 -3.43383 1.95
v -1.334 -3.40737 1.95
v -1.30543 -3.37558 1.95
v -1.2827 -3.33938 1.95
v -1.57558 -3.46483 1.95
v -1.61816 -3.44793 1.95
v -1.65694 -3.42353 1.95
v -1.69062 -3.39247 1.95
v -1.71806 -3.35579 1.95
v -1.73835 -3.31471 1.95
v -1.7508 -3.27062 1.95
v -1.755 -3.225 1.95
v -1.755 -2.925 1.95
v -1.87846 -2.74022 1.95
v -1.91598 -2.72884 1.95
v -1.81358 -2.78358 1.95
v -1.78871 -2.81389 1.95
v -1.84389 -2.75871 1.95
v -1.77022 -2.84846 1.95
v -1.75884 -2.88598 1.95
v 2.035 -2.86921 -0.656338
v 2.035 -2.85904 -0.645143
v 2.235 -2.86921 -0.656338
v 2.235 -2.88069 -0.666385
v 2.035 -2.88069 -0.666385
v 2.235 -2.85904 -0.645143
v 2.035 -2.85 -0.632916
v 2.235 -2.85 -0.632916
v 2.235 -2.90975 -0.701243
v 2.035 -2.91636 -0.715047
v 2.035 -2.90975 -0.701243
v 2.035 -2.90153 -0.688477
v 2.235 -2.90153 -0.688477
v 2.035 -2.89168 -0.676961
v 2.235 -2.89168 -0.676961
v 2.235 -2.91636 -0.715047
v 2.035 -2.92111 -0.729487
v 2.235 -2.92111 -0.729487
v 2.235 -2.92402 -0.744473
v 2.035 -2.92402 -0.744473
v 2.035 -2.925 -0.759762
v 2.235 -2.925 -0.759762
v 2.035 -2.925 -1.3
v 2.235 -4.3 -1.3
v 2.035 -4.3 -1.3
v 2.235 -2.925 -1.3
v 2.10621 -4.3 -0.694046
v 2.14368 -4.3 -0.73108
v 2.05336 -4.3 -0.603349
v 2.07579 -4.3 -0.651026
v 2.035 -4.3 -0.5
v 2.03963 -4.3 -0.552484
v 2.18706 -4.3 -0.760986
v 2.235 -4.3 -0.782843
v 4.51859 -4.33906 -0.6
v 4.43 -4.3 -0.6
v 4.53734 -4.36636 -0.6
v 4.4931 -4.31793 -0.6
v 4.4628 -4.30457 -0.6
v 4.54792 -4.39774 -0.6
v 4.542 -4.46307 -0.6
v 4.54951 -4.43082 -0.6
v 4.47375 -4.53174 -0.6
v 4.52597 -4.49204 -0.6
v 4.50262 -4.51553 -0.6
v 4.14532 -4.66032 -0.6
v 2.335 -4.3 -0.6
v 4.08709 -4.70125 -0.6
v 4.11374 -4.67728 -0.6
v 4.05428 -4.76441 -0.6
v 4.06689 -4.73086 -0.6
v 4.05 -4.8 -0.6
v 2.335 -5.3 -0.6
v 4.05428 -4.83559 -0.6
v 4.06689 -4.86914 -0.6
v 4.08709 -4.89875 -0.6
v 4.11374 -4.92272 -0.6
v 4.14532 -4.93968 -0.6
v 4.14532 -4.93968 -0.8
v 4.08709 -4.70125 -0.8
v 4.11374 -4.67728 -0.8
v 4.14532 -4.66032 -0.8
v 4.05 -4.8 -0.8
v 4.05428 -4.76441 -0.8
v 4.06689 -4.73086 -0.8
v 4.08709 -4.89875 -0.8
v 4.06689 -4.86914 -0.8
v 4.05428 -4.83559 -0.8
v 4.11374 -4.92272 -0.8
v 4.47375 -4.53174 -0.8
v 4.54951 -4.43082 -0.8
v 4.542 -4.46307 -0.8
v 4.54792 -4.39774 -0.8
v 4.50262 -4.51553 -0.8
v 4.52597 -4.49204 -0.8
v 4.53734 -4.36636 -0.8
v 4.51859 -4.33906 -0.8
v 4.4931 -4.31793 -0.8
v 4.4628 -4.30457 -0.8
v 4.43 -4.3 -0.8
v 2.335 -4.3 -0.8
v 2.335 -5.3 -0.8
v 2.285 -4.3 -0.586603
v 2.26429 -4.3 -0.570711
v 2.235 -4.3 -0.5
v 2.23841 -4.3 -0.525882
v 2.30912 -4.3 -0.596593
v 2.28427 -4.3 -0.79568
v 2.2484 -4.3 -0.55
v 2.23841 -5.3 -0.525882
v 2.2484 -5.3 -0.55
v 2.235 -5.3 -0.5
v 2.285 -5.3 -0.586603
v 2.30912 -5.3 -0.596593
v 2.26429 -5.3 -0.570711
v 2.235 -5.3 -0.782843
v 2.28427 -5.3 -0.79568
v 2.05336 -5.3 -0.603349
v 2.03963 -5.3 -0.552484
v 2.035 -5.3 -0.5
v 2.10621 -5.3 -0.694046
v 2.14368 -5.3 -0.73108
v 2.07579 -5.3 -0.651026
v 2.18706 -5.3 -0.760986
v 2.035 -5.3 -1.3
v 2.235 -5.3 -1.3
v 2.235 -5.925 -1.3
v 2.035 -5.925 -1.3
v 2.235 -5.925 -1.175
v 2.035 -5.925 -1.175
v 2.035 -5.9 -1.15
v 2.035 -2.85 -0.413516
v 2.235 -2.85 -0.413516
v 2.235 -5.9 -1.15
v -2.6 -6.85 -0.327073
v -2.6 -7.0 -0.300453
v -2.6 -7.85 -0.300453
v -2.60791 -6.85 -0.389029
v -2.61745 -7.85 -0.43138
v -2.62277 -6.85 -0.449626
v -2.60438 -7.85 -0.366495
v -2.71045 -6.85 -0.6139
v -2.67444 -6.85 -0.562944
v -2.70573 -7.85 -0.60794
v -2.64507 -6.85 -0.5079
v -2.63897 -7.85 -0.49397
v -2.66857 -7.85 -0.553169
v -2.7498 -7.85 -0.657324
v -2.75252 -6.85 -0.659976
v -2.6 -6.3143 0.435762
v -2.6 -6.72236 0.902532
v -2.6 -6.44971 0.774278
v -2.6 -6.7 0.9
v -2.6 -6.3 0.361484
v -2.6 -6.46799 0.809419
v -2.6 -6.49284 0.840267
v -2.6 -6.63541 0.9
v -2.6 -6.52328 0.865613
v -2.6 -6.55812 0.884463
v -2.6 -6.59599 0.896078
v -2.6 -6.30361 0.399305
v -2.6 -6.3 -0.2
v -2.6 -6.265 -0.375
v -2.6 -6.3 -1.0
v -2.6 -6.85 -1.5
v -2.6 -6.265 -1.0
v -2.6 -6.3 -1.5
v -2.6 -8.715 -0.275
v -2.6 -8.7 -1.0
v -2.6 -7.85 -1.5
v -2.6 -8.7 -1.5
v -2.6 -8.715 -1.0
v -2.8 -6.3 -0.2
v -2.8 -6.3 0.361484
v -2.8 -6.30361 0.399305
v -2.8 -6.3143 0.435762
v -2.8 -6.44971 0.774278
v -2.8 -6.63541 0.899999
v -2.8 -6.52328 0.865613
v -2.8 -6.55812 0.884463
v -2.8 -6.59599 0.896077
v -2.8 -6.46799 0.809419
v -2.8 -6.49284 0.840267
v -2.8 -6.7 0.9
v -2.8 -6.73319 0.905672
v -2.8 -6.72239 0.902539
v -2.8 -6.71134 0.900651
v 3.26249 -13.0002 -1.84749
v 3.04838 -13.0002 -1.74624
v 3.08008 -13.0002 -1.73515
v 3.29816 -13.0002 -1.80572
v 1.92412 -13.0002 -1.68158
v 1.91045 -13.0002 -1.655
v 3.10852 -13.0002 -1.71727
v 3.32685 -13.0002 -1.7589
v 3.13227 -13.0002 -1.69352
v 3.36069 -13.0002 -1.65475
v 3.16124 -13.0002 -1.63338
v 3.34787 -13.0002 -1.70816
v 3.15015 -13.0002 -1.66508
v 3.165 -13.0002 -1.6
v 2.02026 -13.0002 -1.74702
v 1.94264 -13.0002 -1.70474
v 1.96549 -13.0002 -1.72391
v 1.99171 -13.0002 -1.7382
v 3.22072 -13.0002 -1.88316
v 3.015 -13.0002 -1.75
v 3.1739 -13.0002 -1.91185
v 3.12316 -13.0002 -1.93287
v 3.015 -13.0002 -1.95
v 3.06975 -13.0002 -1.94569
v 2.05 -13.0002 -1.75
v 3.36069 -13.9998 -1.65475
v 3.29816 -13.9998 -1.80572
v 3.32685 -13.9998 -1.7589
v 3.34787 -13.9998 -1.70816
v 3.22072 -13.9998 -1.88316
v 3.1739 -13.9998 -1.91185
v 3.26249 -13.9998 -1.84749
v 3.12316 -13.9998 -1.93287
v 3.06975 -13.9998 -1.94569
v 3.015 -13.9998 -1.95
v 1.9 -13.9998 -1.6
v 1.90376 -13.9998 -1.63338
v 1.91485 -13.9998 -1.66508
v 1.95648 -13.9998 -1.71727
v 1.93273 -13.9998 -1.69352
v 1.98492 -13.9998 -1.73515
v 1.7 -13.9998 1.475
v 1.9 -13.9998 1.475
v 2.01662 -13.9998 -1.74624
v 2.05 -13.9998 -1.75
v 3.015 -13.9998 -1.75
v 3.04838 -13.9998 -1.74624
v 3.13227 -13.9998 -1.69352
v 3.10852 -13.9998 -1.71727
v 3.08008 -13.9998 -1.73515
v 3.16124 -13.9998 -1.63338
v 3.15015 -13.9998 -1.66508
v 3.165 -13.9998 -1.6
v 1.7 -12.7652 1.475
v 1.9 -12.7652 1.475
v 1.9 -12.7122 1.48632
v 1.9 -12.6886 1.5
v 1.7 -12.6886 1.5
v 1.7 -12.7381 1.47786
v 1.9 -12.7381 1.47786
v 1.7 -12.7122 1.48632
v 1.9 -12.5669 0.888853
v 1.9 -12.617 0.861502
v 1.7 -12.6007 0.87143
v 1.7 -12.5743 0.8854
v 1.7 -12.5468 0.897366
v 1.7 -12.5186 0.907235
v 1.9 -12.5134 0.908797
v 1.7 -12.4897 0.914982
v 1.9 -12.4577 0.920929
v 1.7 -12.4307 0.923872
v 1.7 -12.4604 0.920533
v 1.7 -12.626 0.855515
v 1.9 -12.6627 0.8273
v 1.7 -12.6501 0.837753
v 1.7 -12.694 0.797086
v 1.7 -12.6728 0.818245
v 1.9 -12.7031 0.786944
v 1.7 -12.7135 0.774421
v 1.9 -12.7373 0.741256
v 1.7 -12.7312 0.750338
v 1.9 -12.7646 0.691166
v 1.7 -12.7471 0.725021
v 1.7 -12.7731 0.671146
v 1.7 -12.7611 0.698554
v 1.9 -12.7845 0.637693
v 1.7 -12.783 0.642909
v 1.9 -12.7967 0.581926
v 1.7 -12.7907 0.614015
v 1.7 -12.7996 0.554897
v 1.7 -12.7963 0.58463
v 1.9 -12.8008 0.525
v 1.7 -12.8008 0.525
v 1.7 -12.951 -1.55395
v 1.7 -12.8985 -1.52833
v 1.7 -12.9262 -1.53815
v 1.7 -12.8837 0.511926
v 1.7 -12.8837 -0.511926
v 1.7 -12.7652 -1.525
v 1.7 -12.8692 -1.525
v 1.7 -12.7381 -1.52786
v 1.7 -12.6886 -1.55
v 1.7 -12.7122 -1.53632
v 1.7 -12.9717 -1.57492
v 1.7 -12.8008 0.514334
v 1.7 -12.8008 -0.514334
v 2.00557 -9.78488 -0.626016
v 1.97179 -9.84562 -0.624064
v 1.91633 -9.7403 -0.626014
v 2.085 -9.44953 -0.635799
v 2.0817 -9.51895 -0.633907
v 1.985 -9.44953 -0.635812
v 1.94076 -9.68521 -0.627989
v 1.88695 -9.79283 -0.624065
v 2.03364 -9.72128 -0.627993
v 1.93244 -9.90292 -0.622157
v 1.85278 -9.84246 -0.622155
v 2.0121 -9.96337 -0.622154
v 2.05581 -9.65539 -0.629978
v 1.95999 -9.62808 -0.629973
v 2.12718 -9.75767 -0.628007
v 1.97385 -9.5694 -0.631948
v 2.0719 -9.58776 -0.631955
v 1.98221 -9.50972 -0.633896
v 2.18135 -9.52822 -0.633859
v 2.185 -9.44953 -0.635821
v 2.17043 -9.60625 -0.631908
v 2.15232 -9.68295 -0.629958
v 2.09524 -9.82971 -0.626056
v 2.05677 -9.89847 -0.624106
v 0.946023 -11.3682 -0.570227
v 0.866364 -11.3077 -0.570227
v 0.786704 -11.2473 -0.570227
v 0.718529 -11.7295 -0.55933
v 0.796593 -11.6451 -0.560693
v 0.81185 -11.6936 -0.55933
v 0.838289 -11.3501 -0.568865
v 0.778852 -11.8411 -0.556606
v 0.860149 -11.7828 -0.556606
v 0.819134 -11.8903 -0.555244
v 0.745134 -11.7873 -0.557968
v 0.833176 -11.7397 -0.557968
v 0.892337 -11.8222 -0.555244
v 0.929291 -11.8571 -0.553882
v 0.865328 -11.934 -0.553882
v 0.916692 -11.9714 -0.55252
v 0.970393 -11.887 -0.55252
v 1.06223 -11.9302 -0.549796
v 1.01494 -11.9115 -0.551158
v 1.05992 -11.8222 -0.551059
v 1.03154 -12.0254 -0.549796
v 0.972399 -12.0021 -0.551158
v 1.09292 -11.835 -0.549796
v 0.699463 -11.6689 -0.560693
v 0.787649 -11.595 -0.562055
v 0.688242 -11.6063 -0.562055
v 0.785078 -11.5443 -0.563417
v 0.788936 -11.4936 -0.564779
v 0.68505 -11.5429 -0.563417
v 0.689933 -11.4795 -0.564779
v 0.799248 -11.4438 -0.566141
v 0.702812 -11.4173 -0.566141
v 0.815809 -11.3957 -0.567503
v 0.723477 -11.3572 -0.567503
v 0.751573 -11.3002 -0.568865
v 0.910432 -11.4286 -0.567716
v 0.926339 -11.3976 -0.568965
v 0.898296 -11.4612 -0.566474
v 0.889919 -11.4954 -0.565218
v 0.885608 -11.5311 -0.563932
v 0.885573 -11.5676 -0.562628
v 0.890003 -11.6041 -0.561315
v 0.898825 -11.6396 -0.560012
v 0.911854 -11.6736 -0.558708
v 0.92899 -11.7059 -0.557401
v 0.949934 -11.7359 -0.556094
v 0.97401 -11.7628 -0.554808
v 1.00041 -11.786 -0.553549
v 1.02909 -11.8058 -0.552304
v 1.47708 -12.064 -0.53696
v 1.44639 -12.1592 -0.53696
v 1.50777 -11.9688 -0.53696
v 1.67485 -12.2724 -0.529204
v 1.57829 -12.2982 -0.529204
v 1.56903 -12.2712 -0.530312
v 1.51673 -12.08 -0.535852
v 1.64149 -12.1939 -0.53142
v 1.66097 -12.232 -0.530312
v 1.55604 -12.2459 -0.53142
v 1.58493 -12.3546 -0.526989
v 1.58363 -12.3262 -0.528096
v 1.68486 -12.3572 -0.526989
v 1.68287 -12.3145 -0.528096
v 1.68076 -12.3998 -0.525881
v 1.58218 -12.383 -0.525881
v 1.77935 -12.4165 -0.525881
v 1.53954 -12.2226 -0.532528
v 1.61674 -12.1591 -0.532528
v 1.51991 -12.2019 -0.533636
v 1.58727 -12.1281 -0.533636
v 1.49758 -12.1842 -0.534744
v 1.55371 -12.1015 -0.534744
v 1.47289 -12.1699 -0.535852
v 1.56065 -11.9902 -0.535852
v 1.60998 -12.0188 -0.534744
v 1.65475 -12.0542 -0.533636
v 1.69402 -12.0955 -0.532528
v 1.72698 -12.1421 -0.53142
v 1.75301 -12.1928 -0.530312
v 1.77157 -12.2467 -0.529204
v 1.78226 -12.3028 -0.528096
v 1.78487 -12.3598 -0.526989
v 1.43562 -13.2459 -0.344099
v 1.63218 -13.283 -0.305803
v 1.435 -13.2495 -0.305803
v 1.44447 -13.1938 -0.445127
v 1.63762 -13.251 -0.415074
v 1.44044 -13.2175 -0.415074
v 1.43746 -13.2351 -0.380977
v 1.63463 -13.2685 -0.380977
v 1.6328 -13.2794 -0.344099
v 1.65217 -13.1653 -0.488844
v 1.455 -13.1318 -0.488844
v 1.46112 -13.0958 -0.50089
v 1.64164 -13.2273 -0.445127
v 1.44938 -13.1649 -0.470024
v 1.64655 -13.1984 -0.470024
v 1.46751 -13.0581 -0.505716
v 1.65829 -13.1293 -0.50089
v 1.66468 -13.0916 -0.505716
v 1.56968 -12.9642 -0.084225
v 1.55623 -12.9634 -0.0819832
v 1.55201 -12.9882 -0.0934839
v 1.56356 -12.9203 0.0137387
v 1.56225 -12.9279 0.0403235
v 1.55111 -12.9258 0.0126614
v 1.55975 -12.9427 0.0636356
v 1.56969 -12.9642 0.0840254
v 1.55624 -12.9633 0.0817846
v 1.54047 -12.9884 0.0860228
v 1.53245 -12.9903 0.075129
v 1.53585 -12.9703 0.0658531
v 1.54069 -12.9418 0.0324605
v 1.53867 -12.9536 0.051236
v 1.53602 -12.9534 0.027002
v 1.56064 -13.0175 0.0999178
v 1.55202 -12.9882 0.0933018
v 1.56535 -12.9897 0.0958579
v 1.55111 -12.9258 -0.0128838
v 1.56356 -12.9203 -0.013966
v 1.52612 -13.0116 -0.065082
v 1.53244 -12.9903 -0.0753076
v 1.5292 -12.9935 -0.0624288
v 1.54758 -12.9465 -0.0588776
v 1.55974 -12.9427 -0.063848
v 1.56225 -12.928 -0.0405457
v 1.54742 -13.0153 -0.0974178
v 1.53623 -13.0134 -0.0898308
v 1.52875 -13.0121 -0.078476
v 1.56062 -13.0175 -0.100082
v 1.56534 -12.9897 -0.0960404
v 1.54046 -12.9884 -0.0862035
v 1.53867 -12.9537 -0.0514389
v 1.53202 -12.9769 -0.0546858
v 1.53584 -12.9703 -0.066045
v 1.53436 -12.9631 -0.0425166
v 1.54069 -12.9418 -0.0326714
v 1.54435 -12.9655 -0.0755993
v 1.54174 -12.9356 -0.0112641
v 1.53603 -12.9533 -0.0269511
v 1.54174 -12.9356 0.0110491
v 1.5369 -12.9482 0.00918802
v 1.5499 -12.9329 -0.0373917
v 1.54436 -12.9655 0.0754033
v 1.5499 -12.9328 0.037174
v 1.52921 -12.9935 0.0622526
v 1.52875 -13.012 0.0783119
v 1.52613 -13.0116 0.0649179
v 1.53624 -13.0133 0.0896667
v 1.57328 -12.943 -0.0655934
v 1.57586 -12.9278 -0.0416533
v 1.5369 -12.9482 -0.00928183
v 1.5772 -12.9199 -0.014346
v 1.57721 -12.9199 0.014117
v 1.57586 -12.9278 0.0414295
v 1.53433 -12.9633 0.0425789
v 1.57329 -12.943 0.0653797
v 1.54759 -12.9465 0.058669
v 1.53198 -12.9771 0.0546562
v 1.54743 -13.0152 0.0972537
v 1.48708 -13.2584 0.0785127
v 1.4843 -13.2579 0.065
v 1.5188 -13.2637 0.1
v 1.50493 -13.2614 0.0969695
v 1.49416 -13.2596 0.0894882
v 1.4843 -13.2579 -0.065
v 1.49477 -13.2597 -0.0893723
v 1.50579 -13.2615 -0.0971084
v 1.5188 -13.2637 -0.1
v 1.48715 -13.2584 -0.0782
v 1.63218 -13.283 -0.1
v 1.67401 -13.0367 -0.100082
v 1.68305 -12.9835 0.0840672
v 1.67872 -13.009 0.0958797
v 1.674 -13.0368 0.0999178
v 1.69058 -12.9392 0.0141931
v 1.68923 -12.9471 0.0414996
v 1.68666 -12.9623 0.0654374
v 1.68667 -12.9622 -0.0655348
v 1.68924 -12.947 -0.0415834
v 1.69058 -12.9392 -0.0142699
v 1.68307 -12.9834 -0.0841836
v 1.67873 -13.0089 -0.0960189
v 1.63218 -13.283 0.1
v 1.57549 -13.2734 0.0999983
v 1.32895 -12.9781 0.064918
v 1.33053 -12.9688 0.0642017
v 1.33203 -12.96 0.0622526
v 1.33349 -12.9514 0.0589511
v 1.33485 -12.9434 0.0544985
v 1.33608 -12.9361 0.0489957
v 1.33719 -12.9296 0.0423196
v 1.33811 -12.9242 0.0349889
v 1.33886 -12.9198 0.0267531
v 1.3394 -12.9166 0.0180901
v 1.33983 -12.9141 -2.76521E-4
v 1.28712 -13.2244 -0.065
v 1.28712 -13.2244 0.065
v 1.33972 -12.9147 0.00908115
v 1.32894 -12.9782 -0.065082
v 1.33884 -12.9199 -0.0272067
v 1.33809 -12.9243 -0.0353121
v 1.33972 -12.9147 -0.00940194
v 1.33202 -12.96 -0.0624288
v 1.33052 -12.9689 -0.064372
v 1.33607 -12.9362 -0.0492331
v 1.3348 -12.9437 -0.0548432
v 1.33345 -12.9516 -0.0592525
v 1.33715 -12.9298 -0.0427753
v 1.33938 -12.9167 -0.0185693
v 1.35896 -12.9832 0.180581
v 1.31688 -13.2294 0.180523
v 1.33977 -13.2333 0.214078
v 1.34246 -12.9804 0.143966
v 1.30035 -13.2266 0.144323
v 1.33235 -12.9787 0.105031
v 1.29043 -13.225 0.105816
v 1.38139 -12.987 0.213801
v 1.36734 -13.238 0.242867
v 1.40907 -12.9917 0.242652
v 1.39914 -13.2434 0.266291
v 1.44121 -12.9971 0.266285
v 1.435 -13.2495 0.284086
v 1.47685 -13.0032 0.284008
v 1.48708 -12.7347 -0.0190622
v 1.52392 -12.726 -0.040569
v 1.48611 -12.7404 -0.0583865
v 1.45706 -12.9114 0.25241
v 1.49661 -12.8868 0.258287
v 1.46415 -12.8697 0.233524
v 1.48403 -12.7526 -0.0986385
v 1.52009 -12.7485 -0.118196
v 1.48075 -12.772 -0.138186
v 1.52247 -12.7345 -0.0802081
v 1.37766 -12.8713 -0.139971
v 1.40887 -12.8275 -0.140547
v 1.40437 -12.854 -0.166555
v 1.38669 -12.8181 -0.0665383
v 1.41679 -12.7809 -0.0468677
v 1.41512 -12.7907 -0.0791673
v 1.51684 -12.7677 -0.153754
v 1.47625 -12.7985 -0.17513
v 1.41249 -12.8062 -0.110902
v 1.38447 -12.8312 -0.0932052
v 1.33776 -12.9454 -0.0980565
v 1.33491 -12.9621 -0.102353
v 1.38144 -12.849 -0.118117
v 1.35352 -12.9122 -0.124828
v 1.37327 -12.8971 -0.157643
v 1.34973 -12.9345 -0.1349
v 1.35699 -12.8918 -0.110837
v 1.47064 -12.8315 -0.207542
v 1.50798 -12.8199 -0.214809
v 1.46414 -12.8698 -0.23375
v 1.45704 -12.9115 -0.252615
v 1.42351 -12.9136 -0.230487
v 1.50254 -12.8519 -0.239116
v 1.40904 -12.9918 -0.242812
v 1.41681 -12.953 -0.240589
v 1.4497 -12.9548 -0.263688
v 1.38757 -12.9529 -0.21161
v 1.39346 -12.9182 -0.202724
v 1.4836 -12.9634 -0.281276
v 1.47682 -13.0033 -0.28417
v 1.44117 -12.9973 -0.266446
v 1.36849 -12.9253 -0.170365
v 1.38809 -12.8099 -0.0393966
v 1.41756 -12.7763 -0.0153124
v 1.36525 -12.8431 -0.0312086
v 1.38874 -12.806 -0.0128803
v 1.5244 -12.7232 -9.42413E-5
v 1.48708 -12.7347 0.0187632
v 1.36577 -12.8401 -0.0102149
v 1.38874 -12.806 0.0126252
v 1.48612 -12.7404 0.0580929
v 1.52392 -12.726 0.0402692
v 1.38809 -12.8099 0.0391451
v 1.36577 -12.8401 0.00997871
v 1.52248 -12.7345 0.0798524
v 1.48404 -12.7526 0.0983532
v 1.41679 -12.7808 0.0465997
v 1.41513 -12.7906 0.078906
v 1.48076 -12.7719 0.137912
v 1.52011 -12.7484 0.11784
v 1.41249 -12.8062 0.110649
v 1.38669 -12.8181 0.0662925
v 1.51686 -12.7676 0.153447
v 1.47626 -12.7984 0.17487
v 1.38448 -12.8311 0.0929669
v 1.40889 -12.8274 0.140306
v 1.38145 -12.849 0.117888
v 1.40439 -12.8539 0.166327
v 1.47065 -12.8314 0.207298
v 1.50799 -12.8198 0.214585
v 1.39917 -12.8846 0.187372
v 1.37767 -12.8712 0.139753
v 1.50256 -12.8518 0.238854
v 1.37328 -12.897 0.157438
v 1.39348 -12.9181 0.202527
v 1.38759 -12.9528 0.211429
v 1.41683 -12.9529 0.240406
v 1.3685 -12.9252 0.170172
v 1.36355 -12.9543 0.177653
v 1.33492 -12.9621 0.10218
v 1.34583 -12.9575 0.140636
v 1.34975 -12.9344 0.134714
v 1.51277 -12.7916 -0.186161
v 1.44972 -12.9546 0.263503
v 1.49024 -12.9243 0.272473
v 1.48361 -12.9633 0.281108
v 1.51278 -12.7916 0.185935
v 1.42352 -12.9135 0.230284
v 1.33777 -12.9453 0.0978763
v 1.35353 -12.9121 0.124632
v 1.42999 -12.8754 0.213054
v 1.34052 -12.9291 0.0905494
v 1.357 -12.8917 0.11063
v 1.43592 -12.8405 0.189125
v 1.34304 -12.9143 0.0803744
v 1.44104 -12.8104 0.15954
v 1.34522 -12.9015 0.0677936
v 1.35999 -12.8741 0.0933185
v 1.44514 -12.7862 0.12582
v 1.34696 -12.8912 0.053455
v 1.3624 -12.86 0.0735878
v 1.44814 -12.7686 0.0897276
v 1.34823 -12.8837 0.0381075
v 1.36415 -12.8496 0.0524689
v 1.45003 -12.7574 0.0529952
v 1.34904 -12.8789 0.0224879
v 1.36526 -12.8431 0.0309754
v 1.41756 -12.7763 0.01504
v 1.45091 -12.7522 0.0171118
v 1.34941 -12.8767 0.00722927
v 1.45091 -12.7523 -0.017399
v 1.34941 -12.8768 -0.00744572
v 1.45003 -12.7574 -0.0532774
v 1.34904 -12.879 -0.0227022
v 1.36414 -12.8497 -0.0526976
v 1.44813 -12.7686 -0.0900022
v 1.34823 -12.8837 -0.0383186
v 1.36239 -12.86 -0.0738106
v 1.44513 -12.7863 -0.126084
v 1.34696 -12.8912 -0.0536618
v 1.44103 -12.8104 -0.159791
v 1.34521 -12.9015 -0.067995
v 1.35999 -12.8741 -0.0935339
v 1.34051 -12.9292 -0.0907373
v 1.43591 -12.8406 -0.189362
v 1.34303 -12.9143 -0.0805694
v 1.49657 -12.887 -0.25854
v 1.39916 -12.8847 -0.187586
v 1.42998 -12.8755 -0.213274
v 1.49021 -12.9245 -0.272689
v 1.35894 -12.9833 -0.180741
v 1.36354 -12.9544 -0.177831
v 1.34582 -12.9576 -0.140812
v 1.38136 -12.9871 -0.213961
v 1.34244 -12.9805 -0.144128
v 1.33234 -12.9787 -0.105194
v 1.3703 -13.2385 -0.245818
v 1.46288 -13.0854 -0.28414
v 1.44894 -13.1674 -0.284119
v 1.40066 -13.2437 -0.267375
v 1.435 -13.2495 -0.284088
v 1.3024 -13.227 -0.149317
v 1.32151 -13.2302 -0.188184
v 1.34391 -13.234 -0.219421
v 1.29094 -13.225 -0.108256
v 1.63218 -13.283 0.305803
v 1.435 -13.2495 0.305803
v 1.64655 -13.1984 0.470024
v 1.44938 -13.1649 0.470024
v 1.44447 -13.1938 0.445127
v 1.65829 -13.1293 0.50089
v 1.455 -13.1318 0.488844
v 1.65217 -13.1653 0.488844
v 1.46112 -13.0958 0.50089
v 1.66468 -13.0916 0.505716
v 1.46751 -13.0581 0.505716
v 1.64164 -13.2273 0.445127
v 1.44044 -13.2175 0.415074
v 1.43746 -13.2351 0.380977
v 1.63762 -13.251 0.415074
v 1.43562 -13.2459 0.344099
v 1.63463 -13.2685 0.380977
v 1.6328 -13.2794 0.344099
v 1.58218 -12.383 0.52588
v 1.47291 -12.1699 0.535852
v 1.44638 -12.1592 0.53696
v 1.53946 -12.2225 0.532535
v 1.51981 -12.2018 0.533643
v 1.49753 -12.1842 0.534748
v 1.56907 -12.2713 0.530306
v 1.55604 -12.2459 0.531419
v 1.58493 -12.3545 0.526989
v 1.58364 -12.3263 0.528095
v 1.57832 -12.2983 0.529198
v 1.03154 -12.0254 0.549795
v 0.718566 -11.7296 0.55933
v 0.699493 -11.669 0.560692
v 0.74522 -11.7873 0.557968
v 0.778931 -11.8412 0.556606
v 0.81917 -11.8904 0.555244
v 0.972429 -12.002 0.551157
v 0.916751 -11.9714 0.552519
v 0.865374 -11.934 0.553881
v 0.688309 -11.6064 0.562054
v 0.685096 -11.5429 0.563416
v 0.689921 -11.4796 0.564779
v 0.702816 -11.4173 0.566141
v 0.723517 -11.3573 0.567503
v 0.751616 -11.3003 0.568865
v 0.786705 -11.2473 0.570227
v 1.85278 -9.84246 0.622156
v 1.9821 -9.50971 0.633902
v 1.985 -9.44953 0.635801
v 1.94043 -9.68508 0.627989
v 1.95965 -9.62798 0.629974
v 1.97359 -9.56936 0.631951
v 1.88685 -9.79277 0.624064
v 1.91611 -9.74019 0.626013
v 1.985 -7.19953 -0.702053
v 1.985 -7.19953 0.702052
v 2.085 -7.19953 -0.702053
v 2.185 -7.19953 -0.702053
v 2.18706 -7.17098 0.703162
v 2.185 -7.19953 0.702052
v 2.21661 -7.09161 0.706476
v 2.20301 -7.11658 0.70537
v 2.20302 -7.11656 -0.705371
v 2.19311 -7.14317 0.704266
v 2.19311 -7.14316 -0.704268
v 2.25422 -7.04824 -0.708711
v 2.27713 -7.03112 -0.709824
v 2.27711 -7.03113 0.709822
v 2.21662 -7.09159 -0.706478
v 2.23385 -7.06856 -0.707593
v 2.23384 -7.06858 0.707591
v 2.35644 -7.00158 0.713138
v 2.32879 -7.00759 -0.712033
v 2.35645 -7.00158 -0.713139
v 2.32878 -7.00759 0.712032
v 2.30212 -7.01751 0.710928
v 2.30214 -7.0175 -0.71093
v 2.44137 -7.00764 -0.716463
v 2.44135 -7.00764 0.716462
v 2.41356 -7.00158 -0.715358
v 2.385 -6.99953 -0.714249
v 2.41355 -7.00158 0.715357
v 2.385 -6.99953 0.714248
v 2.49294 -7.03115 -0.718674
v 2.51597 -7.04838 -0.719789
v 2.51595 -7.04836 0.719787
v 2.46795 -7.01754 0.717565
v 2.46797 -7.01755 -0.717567
v 2.49292 -7.03114 0.718672
v 2.53629 -7.06875 -0.720906
v 2.5534 -7.09164 0.722018
v 2.53628 -7.06873 0.720904
v 2.56702 -7.11665 0.723124
v 2.55341 -7.09166 -0.72202
v 2.56702 -7.11667 -0.723126
v 2.57694 -7.1433 0.724227
v 2.57694 -7.14332 -0.724229
v 2.58294 -7.17097 0.725333
v 2.585 -7.19953 0.726443
v 2.58294 -7.17098 -0.725334
v 2.585 -7.19953 -0.726444
v 2.25421 -7.04825 0.708709
v 2.18706 -7.17097 -0.703163
v 2.185 -9.44953 0.635798
v 2.15196 -9.68285 0.62998
v 2.17017 -9.6062 0.631957
v 2.12683 -9.75753 0.627994
v 2.18126 -9.52822 0.63391
v 2.095 -9.8296 0.626016
v 2.05669 -9.89842 0.624064
v 2.0121 -9.96337 0.622155
v 0.946023 -11.3682 0.570227
v 1.05994 -11.8222 0.551058
v 1.09292 -11.835 0.549795
v 0.974057 -11.7628 0.554805
v 1.00046 -11.7861 0.553546
v 1.02913 -11.8059 0.552302
v 0.911868 -11.6736 0.558707
v 0.92901 -11.7059 0.5574
v 0.949964 -11.736 0.556092
v 0.89001 -11.6041 0.561314
v 0.885578 -11.5676 0.562626
v 0.898837 -11.6396 0.560011
v 0.898275 -11.4613 0.566471
v 0.889904 -11.4955 0.565215
v 0.885604 -11.5311 0.56393
v 0.910412 -11.4287 0.567714
v 0.926327 -11.3976 0.568964
v 1.50777 -11.9688 0.53696
v 1.69394 -12.0956 0.532528
v 1.72699 -12.1421 0.53142
v 1.65459 -12.0544 0.533636
v 1.5606 -11.9903 0.535852
v 1.60984 -12.019 0.534744
v 1.75291 -12.1928 0.530313
v 1.77133 -12.2468 0.529205
v 1.78201 -12.3028 0.528096
v 1.78476 -12.3598 0.526988
v 1.77935 -12.4165 0.52588
v 1.71409 -12.8008 0.514404
v 1.71409 -12.8008 -0.514404
v 1.68076 -12.3998 0.52588
v 1.66097 -12.232 0.530312
v 1.68287 -12.3145 0.528096
v 1.68486 -12.3572 0.526988
v 1.67485 -12.2724 0.529204
v 1.55371 -12.1015 0.534744
v 1.61674 -12.1591 0.532528
v 1.58727 -12.1281 0.533636
v 1.47708 -12.064 0.53696
v 1.51673 -12.08 0.535852
v 1.64149 -12.1939 0.53142
v 1.06223 -11.9302 0.549795
v 0.860149 -11.7828 0.556606
v 0.833176 -11.7397 0.557968
v 0.929291 -11.8571 0.553882
v 0.970393 -11.887 0.55252
v 1.01494 -11.9115 0.551157
v 0.81185 -11.6936 0.55933
v 0.892337 -11.8222 0.555244
v 0.785078 -11.5443 0.563416
v 0.788936 -11.4936 0.564779
v 0.796593 -11.6451 0.560692
v 0.787649 -11.595 0.562054
v 0.799248 -11.4438 0.566141
v 0.815809 -11.3957 0.567503
v 0.838289 -11.3501 0.568865
v 0.866364 -11.3077 0.570227
v 1.93244 -9.90292 0.622154
v 2.05581 -9.65539 0.629978
v 1.97179 -9.84562 0.624063
v 2.00557 -9.78488 0.626015
v 2.03364 -9.72128 0.627992
v 2.085 -9.44953 0.635798
v 2.08171 -9.51895 0.633906
v 2.0719 -9.58776 0.631955
v 2.085 -7.19953 0.702052
v 2.08271 -6.93757 0.707595
v 2.16508 -6.99547 0.707859
v 2.12305 -6.89723 0.708704
v 2.09834 -7.1111 0.704375
v 2.02115 -7.03335 0.705378
v 2.0012 -7.08686 0.704269
v 1.98907 -7.14263 0.703161
v 2.08836 -7.15482 0.703214
v 2.19796 -6.96499 0.709021
v 2.23501 -6.93973 0.710182
v 2.16871 -6.86304 0.709813
v 2.04852 -6.98324 0.706487
v 2.11471 -7.06936 0.705537
v 2.13714 -7.03054 0.706698
v 2.31825 -6.90706 0.712505
v 2.36258 -6.90037 0.713667
v 2.3281 -6.8036 0.713139
v 2.21882 -6.83568 0.710922
v 2.2754 -6.92026 0.711344
v 2.27234 -6.81572 0.71203
v 2.49766 -6.81572 0.716465
v 2.45175 -6.90706 0.71599
v 2.4946 -6.92026 0.717151
v 2.64695 -6.89723 0.719791
v 2.57204 -6.96499 0.719474
v 2.60492 -6.99547 0.720636
v 2.55118 -6.83568 0.717574
v 2.63286 -7.03054 0.721797
v 2.68729 -6.93757 0.7209
v 2.65529 -7.06936 0.722959
v 2.67166 -7.1111 0.72412
v 2.74885 -7.03335 0.723117
v 2.68164 -7.15482 0.725282
v 2.7688 -7.08686 0.724226
v 2.685 -7.19953 0.726443
v 2.78093 -7.14263 0.725334
v 2.72148 -6.98324 0.722008
v 2.785 -7.19953 0.726443
v 2.60129 -6.86304 0.718682
v 2.53499 -6.93973 0.718313
v 2.40742 -6.90037 0.714828
v 2.4419 -6.8036 0.715356
v 2.385 -6.79952 0.714248
v 2.385 -6.79953 -0.714249
v 2.32812 -6.80373 -0.71314
v 2.27243 -6.81604 -0.712032
v 2.21898 -6.83603 -0.710922
v 2.16885 -6.86325 -0.709813
v 2.08274 -6.9376 -0.707597
v 2.12307 -6.89727 -0.708705
v 2.04872 -6.98337 -0.706488
v 2.0215 -7.03351 -0.705379
v 2.00152 -7.08696 -0.70427
v 1.9892 -7.14265 -0.703161
v 2.44188 -6.80373 -0.715357
v 2.49757 -6.81604 -0.716465
v 2.55102 -6.83603 -0.717575
v 2.60115 -6.86325 -0.718684
v 2.64693 -6.89727 -0.719792
v 2.68726 -6.9376 -0.7209
v 2.72128 -6.98337 -0.722009
v 2.7485 -7.03351 -0.723118
v 2.76848 -7.08696 -0.724227
v 2.7808 -7.14265 -0.725336
v 2.785 -7.19953 -0.726444
v 2.36258 -6.90037 -0.713668
v 2.68164 -7.15482 -0.725283
v 2.685 -7.19953 -0.726444
v 2.2754 -6.92026 -0.711345
v 2.31825 -6.90706 -0.712506
v 2.23501 -6.93973 -0.710183
v 2.19796 -6.96499 -0.709022
v 2.16508 -6.99547 -0.70786
v 2.13714 -7.03054 -0.706699
v 2.11471 -7.06936 -0.705537
v 2.09834 -7.1111 -0.704376
v 2.08836 -7.15482 -0.703215
v 2.40742 -6.90037 -0.714829
v 2.45175 -6.90706 -0.715991
v 2.4946 -6.92026 -0.717152
v 2.53499 -6.93973 -0.718314
v 2.57204 -6.96499 -0.719475
v 2.60492 -6.99547 -0.720637
v 2.63286 -7.03054 -0.721798
v 2.65529 -7.06936 -0.72296
v 2.67166 -7.1111 -0.724121
v 2.585 -7.80541 -0.744285
v 2.785 -7.80541 -0.744285
v 2.585 -7.96704 -0.834927
v 2.585 -7.94301 -0.804874
v 2.785 -7.94301 -0.804874
v 2.785 -7.96704 -0.834927
v 2.585 -7.98486 -0.869024
v 2.785 -7.98486 -0.869024
v 2.585 -7.99583 -0.905903
v 2.585 -7.99953 -0.944199
v 2.785 -7.99583 -0.905903
v 2.785 -7.99953 -0.944199
v 2.785 -7.91368 -0.779977
v 2.785 -7.88012 -0.761157
v 2.585 -7.91368 -0.779977
v 2.585 -7.88012 -0.761157
v 2.785 -7.84358 -0.749112
v 2.585 -7.84358 -0.749112
v 2.785 -7.99953 -0.965
v 2.585 -7.99953 -0.965
v 2.585 -8.06971 -1.15784
v 2.585 -8.03972 -1.115
v 2.785 -8.06971 -1.15784
v 2.785 -8.10669 -1.19481
v 2.785 -8.03972 -1.115
v 2.585 -8.01762 -1.06761
v 2.785 -8.01762 -1.06761
v 2.785 -8.00408 -1.01709
v 2.585 -8.00408 -1.01709
v 2.585 -8.10669 -1.19481
v 2.585 -8.14953 -1.22481
v 2.785 -8.14953 -1.22481
v 2.785 -8.19692 -1.24691
v 2.585 -8.19692 -1.24691
v 2.785 -8.24743 -1.26044
v 2.585 -8.24743 -1.26044
v 2.785 -8.29953 -1.265
v 2.585 -8.29953 -1.265
v 2.785 -9.49953 -1.265
v 2.585 -9.49953 -1.265
v 2.585 -12.4995 1.535
v 2.585 -10.1195 -1.265
v 2.585 -9.70405 -1.29
v 2.585 -9.49953 1.535
v 2.585 -7.99583 0.905901
v 2.585 -7.98486 0.869023
v 2.585 -8.29953 1.535
v 2.585 -8.14953 1.49481
v 2.585 -8.10669 1.46481
v 2.585 -8.19692 1.51691
v 2.585 -8.24743 1.53044
v 2.585 -8.06971 1.42784
v 2.585 -9.70405 1.56
v 2.585 -10.1195 1.535
v 2.585 -12.6591 1.56
v 2.585 -12.4995 -1.265
v 2.585 -12.6591 -1.29
v 2.585 -8.00408 1.28709
v 2.585 -7.99953 1.235
v 2.585 -7.99953 0.944197
v 2.585 -10.1084 1.54818
v 2.585 -10.0958 1.56
v 2.585 -8.03972 1.385
v 2.585 -8.01762 1.33761
v 2.585 -7.96704 0.834926
v 2.585 -7.94301 0.804873
v 2.585 -7.91368 0.779976
v 2.585 -7.88012 0.761156
v 2.585 -7.84358 0.74911
v 2.585 -7.80541 0.744284
v 2.585 -10.1084 -1.27818
v 2.585 -10.0958 -1.29
v 2.785 -9.70405 -1.29
v 2.785 -10.1195 -1.265
v 2.785 -10.1084 -1.27818
v 2.785 -12.4995 1.535
v 2.785 -10.0958 -1.29
v 2.785 -8.03972 1.385
v 2.785 -8.06971 1.42784
v 2.785 -8.29953 1.535
v 2.785 -7.88012 0.761156
v 2.785 -7.91368 0.779976
v 2.785 -7.99953 0.944197
v 2.785 -9.49953 1.535
v 2.785 -7.99583 0.905901
v 2.785 -8.14953 1.49481
v 2.785 -8.19692 1.51691
v 2.785 -12.6591 1.56
v 2.785 -9.70405 1.56
v 2.785 -10.1195 1.535
v 2.785 -12.4995 -1.265
v 2.785 -12.6591 -1.29
v 2.785 -8.24743 1.53044
v 2.785 -8.00408 1.28709
v 2.785 -7.99953 1.235
v 2.785 -10.0958 1.56
v 2.785 -10.1084 1.54818
v 2.785 -8.10669 1.46481
v 2.785 -8.01762 1.33761
v 2.785 -7.98486 0.869023
v 2.785 -7.96704 0.834926
v 2.785 -7.94301 0.804873
v 2.785 -7.84358 0.74911
v 2.785 -7.80541 0.744284
v -2.79 -13.45 1.05
v -2.79 -13.2526 1.33191
v -2.79 -13.2021 1.34544
v -2.79 -11.0681 1.15261
v -2.79 -11.0546 1.10209
v -2.79 -11.05 1.05
v -2.79 -13.4319 1.15261
v -2.79 -13.4098 1.2
v -2.79 -13.4454 1.10209
v -2.79 -13.3798 1.24284
v -2.79 -13.3428 1.27981
v -2.79 -13.3 1.30981
v -2.79 -13.15 1.35
v -2.79 -13.45 0.65
v -2.79 -11.0387 -0.0588471
v -2.79 -11.025 0.515967
v -2.79 -11.025 -0.0364474
v -2.79 -11.0471 -0.083681
v -2.79 -11.0902 1.2
v -2.79 -11.1202 1.24284
v -2.79 -11.2 1.30981
v -2.79 -11.1572 1.27981
v -2.79 -11.2979 1.34544
v -2.79 -11.2474 1.33191
v -2.79 -11.05 0.65
v -2.79 -11.35 1.35
v -2.79 -11.95 -0.4
v -2.79 -11.05 -0.109762
v -2.79 -13.475 0.515967
v -2.82371 -11.95 -0.511114
v -2.84858 -11.95 -0.541421
v -2.80522 -11.95 -0.476537
v -2.79384 -11.95 -0.439018
v -2.87889 -11.95 -0.566294
v -2.91346 -11.95 -0.584776
v -2.95098 -11.95 -0.596157
v -2.8 -6.3 -1.5
v -2.6 -6.85 -1.5
v -2.8 -6.85 -1.5
newmtl 3
Ka 1.0 1.0 1.0
Kd 1.0 1.0 0.7529411764705882
Ks 0.7529411764705882 0.7529411764705882 0.7529411764705882
d 1.0
endmtl
v -2.6 -6.3 -1.5
v -2.8 -8.7 -1.5
v -2.8 -8.7 -1.35
v -2.8 -8.45 -1.35
v -2.8 -7.85 -0.700453
v -2.8 -7.95 -0.35
v -2.8 -7.85 -0.35
v -2.8 -7.85 -1.5
v -2.8 -7.95 -1.35
v -2.8 -8.2 -1.35
v -2.8 -6.75 -1.35
v -2.8 -6.6 -1.35
v -2.8 -6.85 -0.700453
v -2.8 -6.85 -0.35
v -2.8 -6.75 -0.35
v -2.8 -6.45 -1.35
v -2.8 -6.3 -1.35
v -2.75252 -6.85 -0.659976
v -2.71045 -6.85 -0.6139
v -2.67444 -6.85 -0.562944
v -2.64507 -6.85 -0.5079
v -2.62277 -6.85 -0.449626
v -2.6 -6.85 -0.327073
v -2.60791 -6.85 -0.389029
v -2.7498 -7.85 -0.657324
v -2.70573 -7.85 -0.60794
v -2.6 -7.85 -1.5
v -2.66857 -7.85 -0.553169
v -2.63897 -7.85 -0.49397
v -2.61745 -7.85 -0.43138
v -2.60438 -7.85 -0.366495
v -2.6 -7.85 -0.300453
v -2.6 -8.7 -1.5
v -0.234261 -11.3012 2.0
v -0.234261 -11.1211 2.0
v -0.260515 -11.1211 2.0
newmtl 4
Ka 1.0 1.0 1.0
Kd 1.0 1.0 1.0
Ks 0.7529411764705882 0.7529411764705882 0.7529411764705882
d 1.0
endmtl
v -0.153264 -11.3244 2.0
v -0.260515 -11.3244 2.0
v -0.153264 -11.3012 2.0
v -0.0169586 -11.3011 2.0001
v 0.00732629 -11.316 2.0
v 0.00732629 -11.2908 2.0
v -0.0489766 -11.3279 2.0
v -0.0451815 -11.3045 2.0
v -0.0653355 -11.3021 2.0001
v -0.0179788 -11.3249 2.0001
v -0.110015 -11.1853 2.0
v -0.131899 -11.1697 2.0001
v -0.114167 -11.1976 2.0
v -0.0994742 -11.3155 2.0001
v -0.0761836 -11.3248 2.0001
v -0.0827514 -11.2949 2.0001
v -0.118848 -11.3001 2.0
v -0.105266 -11.2728 2.0
v -0.133355 -11.2796 2.0001
v -0.0974293 -11.283 2.0001
v -0.114894 -11.249 2.0
v -0.14205 -11.2551 2.0001
v -0.111045 -11.2614 2.0
v -0.116506 -11.21 2.0
v -0.144946 -11.2266 2.0
v -0.11738 -11.2232 2.0
v -0.116862 -11.2365 2.0
v -0.141686 -11.196 2.0001
v -0.0960256 -11.1639 2.0
v -0.115573 -11.1476 2.0
v -0.103989 -11.174 2.0
v -0.0942061 -11.1309 2.0001
v -0.0803407 -11.1513 2.0001
v -0.0618715 -11.1438 2.0001
v -0.0406066 -11.1413 2.0
v -0.0408665 -11.1176 2.0
v -0.0693039 -11.121 2.0001
v -0.0155679 -11.1443 2.0001
v -0.0142357 -11.1197 2.0001
v 0.00732629 -11.1259 2.0
v 0.00732629 -11.1534 2.0
v 0.0742867 -11.1445 2.0
v 0.152788 -11.1445 2.0
v 0.152788 -11.1211 2.0
v 0.0480328 -11.1211 2.0
v 0.0742867 -11.2095 2.0
v 0.0742867 -11.2328 2.0
v 0.147018 -11.2095 2.0
v 0.147018 -11.2328 2.0
v 0.0480328 -11.3244 2.0
v 0.157415 -11.3244 2.0
v 0.0742867 -11.3012 2.0
v 0.157415 -11.3012 2.0
v 0.311507 -11.1636 2.0001
v 0.330743 -11.148 2.0001
v 0.319478 -11.1393 2.0
v 0.319659 -11.3049 2.0
v 0.301472 -11.2885 2.0
v 0.307541 -11.3122 2.0
v 0.331332 -11.1976 2.0
v 0.358004 -11.192 2.0001
v 0.347776 -11.168 2.0001
v 0.33381 -11.2209 2.0001
v 0.361416 -11.2201 2.0
v 0.307267 -11.1324 2.0
v 0.288594 -11.1502 2.0
v 0.300613 -11.1558 2.0
v 0.280536 -11.1235 2.0
v 0.294276 -11.1271 2.0
v 0.275518 -11.1466 2.0
v 0.266779 -11.1216 2.0
v 0.330743 -11.2959 2.0
v 0.32416 -11.2641 2.0
v 0.312079 -11.28 2.0001
v 0.26257 -11.1448 2.0
v 0.248852 -11.1445 2.0
v 0.252303 -11.1211 2.0
v 0.238186 -11.1211 2.0
v 0.23547 -11.1445 2.0
v 0.224069 -11.1211 2.0
v 0.222088 -11.1445 2.0001
v 0.294628 -11.3177 2.0
v 0.289521 -11.2947 2.0
v 0.280815 -11.3215 2.0
v 0.209951 -11.1211 2.0
v 0.195834 -11.1211 2.0
v 0.276345 -11.2987 2.0
v 0.267125 -11.3237 2.0
v 0.222088 -11.3012 2.0001
v 0.195834 -11.3244 2.0001
v 0.238364 -11.3244 2.0
v 0.249264 -11.3012 2.0
v 0.235676 -11.3012 2.0
v 0.224188 -11.3244 2.0
v 0.263269 -11.3007 2.0
v 0.252585 -11.3244 2.0
v 0.3314 -11.2444 2.0
v 0.347776 -11.2748 2.0001
v 0.323898 -11.1785 2.0
v 0.358004 -11.2496 2.0001
v 0.210011 -11.3244 2.0
v 0.505942 -11.2688 2.0
v 0.526685 -11.3244 2.0
v 0.555695 -11.3244 2.0
v 0.478233 -11.1211 2.0
v 0.497832 -11.2458 2.0001
v 0.421254 -11.2688 2.0
v 0.372697 -11.3244 2.0
v 0.401706 -11.3244 2.0
v 0.450159 -11.1211 2.0
v 0.441362 -11.2131 2.0
v 0.463312 -11.147 2.0001
v 0.453152 -11.1803 2.0
v 0.474023 -11.1803 2.0
v 0.485928 -11.2131 2.0
v 0.429572 -11.2458 2.0001
v -0.234261 -11.4671 2.0
v -0.15576 -11.4671 2.0
v -0.15576 -11.4437 2.0
v -0.260515 -11.4437 2.0
v -0.234261 -11.5322 2.0
v -0.234261 -11.5555 2.0
v -0.16153 -11.5322 2.0
v -0.16153 -11.5555 2.0
v -0.260515 -11.6471 2.0
v -0.151133 -11.6471 2.0
v -0.234261 -11.6239 2.0
v -0.151133 -11.6239 2.0
v -0.112558 -11.512 2.0
v -0.112558 -11.5368 2.0
v -0.0898976 -11.5236 2.0001
v -0.0428745 -11.5281 2.0001
v -0.0184439 -11.5183 2.0001
v -0.028948 -11.5073 2.0001
v -0.0475636 -11.5758 2.0
v -0.0355117 -11.5742 2.0001
v -0.0355117 -11.5547 2.0
v -0.0892477 -11.5019 2.0001
v -0.0649369 -11.5192 2.0
v -0.0520707 -11.5214 2.0001
v -0.0625454 -11.4985 2.0
v -0.0373532 -11.5392 2.0001
v -0.0121396 -11.5337 2.0001
v -0.0100377 -11.5536 2.0
v -0.100913 -11.6061 2.0001
v -0.12675 -11.6082 2.0
v -0.123631 -11.6257 2.0001
v -0.0990734 -11.6156 2.0
v -0.114273 -11.6391 2.0
v -0.0996453 -11.6476 2.0001
v -0.0935302 -11.6231 2.0001
v -0.0849977 -11.628 2.0
v -0.0806892 -11.6505 2.0
v -0.0740868 -11.6296 2.0001
v -0.0992099 -11.5956 2.0
v -0.123738 -11.59 2.0001
v -0.0626706 -11.6476 2.0001
v -0.0587763 -11.6266 2.0
v -0.0373804 -11.6019 2.0
v -0.0409231 -11.6103 2.0
v -0.0355117 -11.6246 2.0
v -0.0464292 -11.6177 2.0001
v -0.047829 -11.639 2.0001
v -0.0355117 -11.6471 2.0
v -0.0100377 -11.6471 2.0
v -0.0719661 -11.5791 2.0
v -0.0785577 -11.5608 2.0
v -0.0836747 -11.5819 2.0
v -0.0355117 -11.5834 2.0
v -0.0357135 -11.5929 2.0
v -0.0436493 -11.5007 2.0001
v -0.0996421 -11.5662 2.0001
v -0.0941541 -11.5877 2.0001
v -0.114702 -11.576 2.0001
v -0.0596154 -11.5774 2.0
v 0.106207 -11.639 2.0
v 0.0917352 -11.6225 2.0001
v 0.0874656 -11.6476 2.0001
v 0.0982531 -11.5218 2.0001
v 0.0812011 -11.4985 2.0
v 0.0787057 -11.5192 2.0
v 0.122583 -11.6076 2.0
v 0.0964335 -11.6101 2.0
v 0.118489 -11.6254 2.0001
v 0.120445 -11.5944 2.0001
v 0.114057 -11.5835 2.0001
v 0.115617 -11.5297 2.0
v 0.115617 -11.5049 2.0
v 0.0990719 -11.5001 2.0001
v 0.0287258 -11.5236 2.0001
v 0.0508921 -11.5387 2.0
v 0.0409625 -11.51 2.0
v 0.0586383 -11.5246 2.0
v 0.0592102 -11.5014 2.0001
v 0.0528352 -11.5308 2.0001
v 0.0246383 -11.541 2.0
v 0.0446926 -11.6262 2.0001
v 0.0244823 -11.642 2.0
v 0.042743 -11.6483 2.0001
v 0.0244823 -11.6157 2.0
v 0.0638891 -11.6505 2.0
v 0.0675218 -11.5205 2.0001
v 0.0865961 -11.5668 2.0
v 0.0708275 -11.5602 2.0
v 0.0783265 -11.5896 2.0
v 0.0898831 -11.5962 2.0
v 0.10102 -11.5737 2.0
v 0.0947959 -11.6024 2.0001
v 0.0528653 -11.5787 2.0
v 0.0660054 -11.5844 2.0
v 0.0417107 -11.5726 2.0
v 0.0564549 -11.5522 2.0
v 0.0522893 -11.5465 2.0001
v 0.0318646 -11.564 2.0001
v 0.0264383 -11.5535 2.0001
v 0.0797807 -11.6284 2.0001
v 0.0663845 -11.6297 2.0
v 0.275272 -11.5018 2.0
v 0.248862 -11.5018 2.0001
v 0.234258 -11.5421 2.0
v 0.192819 -11.6468 2.0
v 0.209351 -11.669 2.0
v 0.2054 -11.6229 2.0001
v 0.219654 -11.5824 2.0
v 0.192336 -11.5824 2.0
v 0.190459 -11.7007 2.0001
v 0.181642 -11.6732 2.0
v 0.174899 -11.6846 2.0001
v 0.178333 -11.5421 2.0
v 0.16433 -11.5018 2.0
v 0.13584 -11.5018 2.0
v 0.155544 -11.6937 2.0
v 0.148434 -11.6929 2.0001
v 0.148603 -11.715 2.0001
v 0.201385 -11.6858 2.0001
v 0.157519 -11.7155 2.0
v 0.166203 -11.6914 2.0001
v 0.175562 -11.7116 2.0001
v 0.141091 -11.7134 2.0
v 0.141091 -11.6907 2.0
v 0.328975 -11.4671 2.0
v 0.407477 -11.4671 2.0
v 0.407477 -11.4437 2.0
v 0.302722 -11.4437 2.0
v 0.328975 -11.5322 2.0
v 0.328975 -11.5555 2.0
v 0.401706 -11.5322 2.0
v 0.401706 -11.5555 2.0
v 0.302722 -11.6471 2.0
v 0.412104 -11.6471 2.0
v 0.328975 -11.6239 2.0
v 0.412104 -11.6239 2.0
v 0.566196 -11.4862 2.0001
v 0.585432 -11.4706 2.0
v 0.574166 -11.462 2.0001
v 0.574347 -11.6276 2.0001
v 0.556161 -11.6111 2.0
v 0.56223 -11.6348 2.0001
v 0.586021 -11.5202 2.0
v 0.612693 -11.5147 2.0001
v 0.602464 -11.4906 2.0001
v 0.588499 -11.5435 2.0001
v 0.616105 -11.5428 2.0
v 0.561956 -11.455 2.0001
v 0.543282 -11.4729 2.0
v 0.555302 -11.4785 2.0
v 0.535225 -11.4462 2.0001
v 0.548965 -11.4498 2.0001
v 0.530206 -11.4692 2.0
v 0.521468 -11.4442 2.0001
v 0.585432 -11.6186 2.0
v 0.578848 -11.5867 2.0
v 0.566768 -11.6027 2.0001
v 0.517259 -11.4674 2.0
v 0.503541 -11.4671 2.0
v 0.506991 -11.4437 2.0001
v 0.492874 -11.4437 2.0001
v 0.490159 -11.4671 2.0
v 0.478757 -11.4437 2.0001
v 0.476777 -11.4671 2.0001
v 0.549316 -11.6403 2.0001
v 0.54421 -11.6173 2.0
v 0.535504 -11.6442 2.0001
v 0.46464 -11.4437 2.0001
v 0.450523 -11.4437 2.0
v 0.531034 -11.6214 2.0
v 0.521813 -11.6463 2.0001
v 0.476777 -11.6239 2.0001
v 0.450523 -11.6471 2.0
v 0.493053 -11.6471 2.0001
v 0.503952 -11.6239 2.0
v 0.490365 -11.6239 2.0
v 0.478876 -11.6471 2.0001
v 0.517957 -11.6234 2.0
v 0.507274 -11.6471 2.0001
v 0.586088 -11.567 2.0
v 0.602464 -11.5975 2.0001
v 0.578587 -11.5011 2.0
v 0.612693 -11.5722 2.0001
v 0.4647 -11.6471 2.0001
v 0.760631 -11.5914 2.0
v 0.781374 -11.6471 2.0
v 0.810383 -11.6471 2.0
v 0.732921 -11.4437 2.0
v 0.752521 -11.5685 2.0001
v 0.675943 -11.5914 2.0
v 0.627386 -11.6471 2.0
v 0.656395 -11.6471 2.0
v 0.704848 -11.4437 2.0
v 0.696051 -11.5357 2.0
v 0.718001 -11.4697 2.0001
v 0.707841 -11.5029 2.0
v 0.728712 -11.503 2.0
v 0.740616 -11.5357 2.0
v 0.684261 -11.5685 2.0001
v -0.726215 -11.5713 2.0001
v -0.685909 -11.5596 2.0
v -0.711959 -11.5617 2.0001
v -0.648313 -11.1417 2.0
v -0.707598 -11.2057 2.0001
v -0.61618 -11.1758 2.0001
v -0.73941 -11.6029 2.0
v -0.736111 -11.6195 2.0001
v -0.694584 -11.5581 2.0
v -0.727119 -11.6335 2.0001
v -0.697476 -11.6478 2.0
v -0.713789 -11.6434 2.0001
v -0.735863 -11.5856 2.0001
v -0.620839 -11.5596 2.0
v -0.612163 -11.6478 2.0
v -1.01505 -11.6519 2.0
v -0.923109 -11.6889 2.0001
v -0.997157 -11.6396 2.0
v -0.520323 -11.4754 2.0001
v -0.530545 -11.5014 2.0001
v -0.440814 -11.5189 2.0001
v -0.575132 -11.6411 2.0001
v -1.03728 -11.2921 2.0
v -1.02268 -11.2589 2.0001
v -1.06069 -11.2807 2.0001
v -0.458075 -11.3426 2.0001
v -0.532152 -11.3899 2.0001
v -0.441672 -11.3744 2.0001
v -1.03728 -11.5437 2.0001
v -1.09421 -11.4651 2.0001
v -1.05665 -11.5471 2.0
v -1.08666 -11.2731 2.0001
v -1.08211 -11.1865 2.0
v -1.11392 -11.2704 2.0
v -1.01566 -11.548 2.0
v -0.949214 -11.4812 2.0001
v -0.975106 -11.4658 2.0001
v -0.927388 -11.5017 2.0
v -0.430556 -11.4829 2.0001
v -0.516728 -11.4468 2.0
v -0.457578 -11.5525 2.0001
v -0.546552 -11.5238 2.0001
v -0.480578 -11.5827 2.0
v -0.508662 -11.6081 2.0001
v -0.567498 -11.5416 2.0001
v -0.592542 -11.5538 2.0001
v -0.540406 -11.6277 2.0001
v -0.891239 -11.5842 2.0
v -0.985431 -11.5778 2.0
v -0.431137 -11.4089 2.0001
v -0.520765 -11.4168 2.0001
v -0.427077 -11.4453 2.0
v -0.57023 -11.2559 2.0
v -0.589831 -11.2141 2.0001
v -0.662953 -11.2631 2.0001
v -0.479739 -11.3141 2.0001
v -0.506058 -11.2897 2.0001
v -0.57264 -11.3494 2.0001
v -0.736767 -11.1837 2.0001
v -0.682768 -11.2323 2.0001
v -0.599571 -11.338 2.0001
v -0.648833 -11.2972 2.0001
v -0.629515 -11.334 2.0
v -0.641083 -11.334 2.0
v -0.682924 -11.1155 2.0001
v -0.805406 -11.1569 2.0001
v -0.769595 -11.1673 2.0001
v -0.72045 -11.0946 2.0001
v -0.760336 -11.0792 2.0001
v -0.802027 -11.0697 2.0001
v -0.881496 -11.1567 2.0001
v -0.843521 -11.1532 2.0
v -0.891804 -11.0702 2.0001
v -0.844967 -11.0665 2.0
v -0.936607 -11.0811 2.0001
v -0.916967 -11.1666 2.0001
v -1.18986 -11.1958 2.0001
v -1.14697 -11.2742 2.0001
v -1.16886 -11.1898 2.0001
v -0.978969 -11.0988 2.0001
v -0.949378 -11.1824 2.0001
v -1.21015 -11.2037 2.0001
v -1.17737 -11.2851 2.0001
v -1.31058 -11.2883 2.0001
v -1.20422 -11.3022 2.0001
v -1.28166 -11.253 2.0
v -0.9977 -11.5599 2.0
v -1.24376 -11.3515 2.0001
v -1.3319 -11.3284 2.0001
v -1.3451 -11.372 2.0001
v -1.22965 -11.2135 2.0001
v -1.24812 -11.225 2.0001
v -1.14746 -11.1858 2.0001
v -1.26536 -11.2382 2.0001
v -1.22665 -11.3247 2.0001
v -1.34962 -11.4179 2.0
v -1.34562 -11.4608 2.0001
v -1.25435 -11.4494 2.0001
v -1.25468 -11.3819 2.0001
v -1.25852 -11.415 2.0
v -1.33389 -11.5021 2.0001
v -1.24256 -11.4807 2.0001
v -1.20022 -11.531 2.0001
v -1.22416 -11.5083 2.0001
v -1.28889 -11.5755 2.0
v -1.31485 -11.5407 2.0001
v -1.05665 -11.653 2.0
v -1.0733 -11.6434 2.0
v -1.14338 -11.6961 2.0001
v -1.17176 -11.548 2.0
v -1.09274 -11.5897 2.0
v -1.0858 -11.5713 2.0
v -1.0858 -11.6288 2.0
v -1.16092 -11.6722 2.0001
v -1.03584 -11.7432 2.0
v -1.03728 -11.6565 2.0001
v -1.0668 -11.7399 2.0001
v -1.00425 -11.456 2.0001
v -0.98089 -11.6001 2.0
v -0.733626 -11.4005 2.0
v -0.688801 -11.4771 2.0
v -1.11952 -11.4797 2.0001
v -0.985228 -11.6217 2.0
v -0.895075 -11.6317 2.0001
v -0.905994 -11.6621 2.0001
v -1.09555 -11.7306 2.0001
v -1.12133 -11.7157 2.0001
v -1.00279 -11.7394 2.0001
v -0.972391 -11.7285 2.0001
v -0.945537 -11.7113 2.0001
v -1.0733 -11.5567 2.0
v -1.14134 -11.4988 2.0001
v -1.15898 -11.5219 2.0001
v -1.25472 -11.6063 2.0001
v -1.21605 -11.6295 2.0001
v -1.17321 -11.6449 2.0
v -1.10379 -11.1841 2.0001
v -1.12571 -11.1839 2.0001
v -1.00279 -11.2291 2.0001
v -1.01849 -11.1229 2.0
v -1.05247 -11.152 2.0001
v -0.978171 -11.2034 2.0001
v -0.549805 -11.3671 2.0001
v -0.536424 -11.27 2.0001
v -1.09274 -11.6104 2.0
v -0.891239 -11.5986 2.0
v -1.03584 -11.4526 2.0
v -1.06609 -11.4558 2.0001
usemtl 1
f 1// 2// 3//
f 4// 3// 5//
f 6// 7// 8//
f 9// 10// 11//
f 12// 13// 14//
f 15// 16// 17//
f 18// 19// 20//
f 21// 22// 23//
f 24// 25// 26//
f 27// 28// 29//
f 30// 31// 32//
f 33// 34// 35//
f 36// 37// 38//
f 39// 40// 41//
f 42// 43// 44//
f 45// 46// 47//
f 39// 48// 40//
f 49// 50// 51//
f 52// 46// 53//
f 54// 55// 56//
f 57// 58// 56//
f 59// 60// 61//
f 62// 63// 64//
f 65// 66// 67//
f 60// 67// 66//
f 68// 65// 69//
f 65// 68// 66//
f 69// 70// 71//
f 71// 68// 69//
f 72// 73// 70//
f 71// 70// 73//
f 74// 72// 75//
f 72// 74// 73//
f 75// 76// 77//
f 77// 74// 75//
f 78// 79// 76//
f 77// 76// 79//
f 80// 78// 81//
f 78// 80// 79//
f 60// 59// 67//
f 63// 59// 61//
f 62// 64// 55//
f 63// 61// 64//
f 56// 55// 43//
f 62// 55// 54//
f 57// 49// 58//
f 49// 52// 50//
f 49// 51// 58//
f 48// 45// 47//
f 52// 53// 50//
f 43// 57// 56//
f 46// 45// 53//
f 40// 48// 47//
f 82// 83// 84//
f 41// 82// 39//
f 85// 82// 84//
f 83// 82// 41//
f 86// 85// 87//
f 84// 87// 85//
f 86// 88// 89//
f 88// 86// 87//
f 90// 91// 89//
f 89// 88// 90//
f 92// 91// 93//
f 90// 93// 91//
f 92// 94// 95//
f 94// 92// 93//
f 96// 95// 94//
f 42// 57// 43//
f 44// 35// 97//
f 44// 97// 42//
f 34// 33// 98//
f 97// 35// 34//
f 99// 98// 38//
f 33// 38// 98//
f 36// 100// 37//
f 38// 37// 99//
f 100// 101// 29//
f 101// 100// 36//
f 28// 27// 102//
f 29// 101// 27//
f 30// 32// 102//
f 28// 102// 32//
f 103// 104// 30//
f 104// 31// 30//
f 21// 103// 22//
f 103// 21// 104//
f 23// 105// 106//
f 22// 105// 23//
f 24// 26// 106//
f 106// 105// 24//
f 16// 107// 25//
f 107// 26// 25//
f 15// 108// 16//
f 16// 108// 107//
f 109// 17// 19//
f 15// 17// 109//
f 110// 18// 20//
f 18// 109// 19//
f 111// 10// 110//
f 110// 20// 111//
f 11// 112// 9//
f 111// 11// 10//
f 113// 114// 115//
f 112// 116// 9//
f 14// 117// 12//
f 114// 118// 115//
f 119// 120// 121//
f 120// 119// 117//
f 8// 7// 122//
f 5// 121// 4//
f 123// 124// 125//
f 126// 1// 127//
f 128// 129// 130//
f 131// 129// 132//
f 133// 134// 135//
f 136// 137// 138//
f 139// 133// 140//
f 133// 139// 134//
f 141// 139// 140//
f 142// 143// 144//
f 135// 134// 138//
f 144// 145// 146//
f 136// 138// 128//
f 135// 138// 137//
f 130// 129// 147//
f 136// 128// 130//
f 148// 149// 150//
f 131// 132// 125//
f 147// 129// 131//
f 151// 152// 153//
f 123// 126// 124//
f 132// 123// 125//
f 152// 154// 155//
f 126// 2// 1//
f 126// 127// 124//
f 154// 8// 155//
f 154// 6// 8//
f 5// 3// 2//
f 156// 157// 7//
f 156// 158// 157//
f 119// 121// 5//
f 159// 158// 160//
f 160// 161// 159//
f 12// 117// 119//
f 162// 163// 164//
f 159// 161// 164//
f 118// 13// 115//
f 115// 13// 12//
f 163// 162// 165//
f 163// 166// 112//
f 113// 115// 167//
f 168// 163// 165//
f 116// 166// 115//
f 167// 115// 166//
f 163// 169// 166//
f 112// 166// 116//
f 163// 168// 169//
f 159// 164// 163//
f 157// 158// 159//
f 122// 7// 157//
f 170// 153// 171//
f 146// 172// 150//
f 144// 143// 173//
f 174// 142// 175//
f 174// 143// 142//
f 176// 174// 175//
f 145// 144// 173//
f 146// 145// 172//
f 150// 172// 148//
f 150// 149// 171//
f 170// 151// 153//
f 149// 170// 171//
f 152// 155// 153//
f 177// 178// 179//
f 180// 181// 182//
f 178// 183// 179//
f 177// 179// 184//
f 185// 183// 178//
f 186// 177// 184//
f 187// 188// 189//
f 190// 191// 185//
f 191// 183// 185//
f 190// 192// 193//
f 193// 191// 190//
f 194// 193// 192//
f 195// 194// 192//
f 196// 194// 195//
f 186// 184// 197//
f 198// 199// 196//
f 195// 198// 196//
f 200// 197// 201//
f 197// 200// 186//
f 202// 203// 201//
f 200// 201// 203//
f 202// 204// 205//
f 205// 203// 202//
f 206// 204// 207//
f 204// 206// 205//
f 208// 209// 207//
f 206// 207// 209//
f 208// 210// 211//
f 211// 209// 208//
f 212// 210// 182//
f 210// 212// 211//
f 212// 182// 213//
f 214// 215// 216//
f 180// 214// 217//
f 218// 219// 220//
f 220// 221// 222//
f 223// 224// 225//
f 226// 227// 228//
f 229// 230// 231//
f 223// 232// 233//
f 234// 235// 236//
f 231// 237// 238//
f 239// 240// 241//
f 242// 243// 236//
f 244// 245// 246//
f 247// 248// 249//
f 187// 189// 250//
f 251// 252// 253//
f 254// 255// 256//
f 257// 258// 259//
f 260// 261// 262//
f 262// 263// 260//
f 264// 261// 265//
f 261// 264// 262//
f 266// 267// 265//
f 264// 265// 267//
f 266// 268// 269//
f 269// 267// 266//
f 270// 268// 271//
f 268// 270// 269//
f 272// 273// 271//
f 270// 271// 273//
f 272// 274// 275//
f 275// 273// 272//
f 276// 274// 277//
f 274// 276// 275//
f 278// 279// 277//
f 276// 277// 279//
f 280// 279// 278//
f 263// 255// 260//
f 256// 258// 254//
f 255// 263// 256//
f 281// 282// 244//
f 250// 257// 259//
f 257// 254// 258//
f 189// 252// 251//
f 187// 250// 259//
f 243// 242// 283//
f 251// 253// 281//
f 284// 285// 246//
f 247// 249// 286//
f 285// 284// 248//
f 243// 283// 240//
f 239// 241// 286//
f 189// 188// 252//
f 281// 253// 282//
f 245// 284// 246//
f 244// 282// 245//
f 247// 285// 248//
f 286// 249// 239//
f 241// 240// 283//
f 235// 242// 236//
f 237// 235// 234//
f 229// 231// 238//
f 238// 237// 234//
f 233// 230// 229//
f 223// 225// 232//
f 233// 232// 230//
f 224// 228// 225//
f 226// 219// 227//
f 224// 226// 228//
f 218// 220// 222//
f 227// 219// 218//
f 222// 221// 215//
f 214// 216// 217//
f 215// 221// 216//
f 217// 181// 180//
f 213// 182// 181//
f 287// 288// 289//
f 290// 291// 292//
f 293// 294// 295//
f 296// 288// 297//
f 298// 299// 300//
f 301// 293// 302//
f 299// 303// 304//
f 305// 304// 306//
f 294// 306// 303//
f 307// 306// 293//
f 288// 308// 302//
f 300// 304// 309//
f 295// 289// 302//
f 310// 311// 312//
f 313// 310// 314//
f 315// 310// 316//
f 313// 317// 316//
f 318// 319// 320//
f 300// 321// 311//
f 322// 323// 324//
f 325// 323// 319//
f 326// 327// 328//
f 324// 313// 329//
f 330// 318// 331//
f 332// 331// 333//
f 326// 334// 335//
f 320// 336// 331//
f 332// 334// 330//
f 323// 337// 320//
f 338// 335// 332//
f 339// 328// 340//
f 335// 341// 327//
f 317// 324// 325//
f 327// 342// 340//
f 343// 344// 339//
f 343// 340// 345//
f 346// 347// 348//
f 349// 350// 351//
f 352// 353// 354//
f 355// 356// 357//
f 351// 358// 349//
f 359// 348// 360//
f 357// 361// 355//
f 348// 362// 363//
f 364// 365// 366//
f 367// 368// 369//
f 367// 369// 370//
f 371// 372// 364//
f 370// 373// 344//
f 315// 298// 311//
f 370// 343// 374//
f 375// 376// 377//
f 376// 378// 379//
f 297// 380// 381//
f 382// 378// 375//
f 383// 380// 384//
f 287// 385// 297//
f 386// 387// 384//
f 380// 385// 388//
f 386// 389// 390//
f 391// 384// 388//
f 391// 392// 386//
f 393// 394// 389//
f 395// 393// 396//
f 397// 389// 392//
f 398// 399// 396//
f 397// 400// 393//
f 398// 401// 402//
f 396// 400// 403//
f 404// 401// 405//
f 406// 398// 403//
f 407// 408// 405//
f 406// 409// 401//
f 407// 410// 411//
f 405// 409// 412//
f 373// 369// 346//
f 413// 407// 412//
f 414// 410// 415//
f 413// 416// 410//
f 417// 418// 415//
f 415// 416// 419//
f 417// 420// 421//
f 422// 417// 419//
f 423// 420// 424//
f 422// 425// 420//
f 426// 427// 424//
f 424// 425// 428//
f 426// 429// 430//
f 431// 426// 428//
f 432// 429// 433//
f 431// 434// 429//
f 435// 436// 433//
f 433// 434// 437//
f 435// 438// 439//
f 440// 435// 437//
f 441// 438// 442//
f 440// 443// 438//
f 444// 445// 442//
f 442// 443// 446//
f 444// 447// 448//
f 449// 444// 446//
f 450// 447// 290//
f 449// 291// 447//
f 290// 451// 452//
f 451// 453// 454//
f 455// 456// 457//
f 457// 292// 455//
f 456// 458// 459//
f 451// 292// 453//
f 455// 458// 456//
f 460// 451// 454//
f 461// 459// 462//
f 463// 460// 454//
f 464// 465// 365//
f 466// 199// 467//
f 463// 468// 469//
f 463// 469// 460//
f 468// 470// 466//
f 469// 468// 466//
f 199// 466// 470//
f 199// 470// 196//
f 471// 472// 467//
f 375// 473// 382//
f 466// 467// 472//
f 471// 474// 472//
f 469// 472// 475//
f 476// 458// 455//
f 460// 475// 452//
f 460// 452// 451//
f 477// 478// 479//
f 453// 292// 457//
f 290// 292// 451//
f 480// 462// 481//
f 291// 476// 455//
f 476// 478// 458//
f 461// 462// 480//
f 459// 458// 462//
f 466// 472// 469//
f 482// 474// 471//
f 482// 483// 474//
f 469// 475// 460//
f 475// 474// 484//
f 479// 478// 476//
f 452// 484// 450//
f 452// 450// 290//
f 478// 477// 481//
f 292// 291// 455//
f 447// 291// 290//
f 485// 486// 481//
f 449// 479// 476//
f 458// 478// 462//
f 480// 481// 486//
f 462// 478// 481//
f 472// 474// 475//
f 487// 483// 482//
f 487// 488// 483//
f 475// 484// 452//
f 484// 483// 489//
f 490// 477// 479//
f 450// 489// 448//
f 450// 448// 447//
f 491// 492// 493//
f 291// 449// 476//
f 444// 449// 447//
f 494// 485// 495//
f 490// 479// 446//
f 490// 491// 477//
f 486// 485// 494//
f 481// 477// 485//
f 474// 483// 484//
f 496// 488// 487//
f 496// 497// 488//
f 484// 489// 450//
f 489// 488// 498//
f 492// 491// 490//
f 448// 498// 445//
f 448// 445// 444//
f 493// 499// 500//
f 449// 446// 479//
f 446// 444// 442//
f 501// 502// 495//
f 443// 492// 490//
f 477// 491// 485//
f 494// 495// 502//
f 485// 491// 495//
f 483// 488// 489//
f 503// 497// 496//
f 503// 504// 497//
f 489// 498// 448//
f 498// 497// 505//
f 493// 492// 499//
f 445// 505// 441//
f 445// 441// 442//
f 500// 506// 507//
f 446// 443// 490//
f 443// 442// 438//
f 508// 509// 501//
f 440// 499// 492//
f 491// 493// 495//
f 502// 501// 509//
f 495// 493// 501//
f 488// 497// 498//
f 510// 504// 503//
f 510// 511// 504//
f 498// 505// 445//
f 505// 504// 512//
f 500// 499// 506//
f 441// 512// 439//
f 441// 439// 438//
f 507// 513// 514//
f 443// 440// 492//
f 440// 438// 435//
f 515// 516// 508//
f 437// 506// 499//
f 493// 500// 501//
f 509// 508// 516//
f 501// 500// 508//
f 497// 504// 505//
f 517// 511// 510//
f 517// 518// 511//
f 505// 512// 441//
f 512// 511// 519//
f 507// 506// 513//
f 439// 519// 436//
f 439// 436// 435//
f 514// 520// 521//
f 440// 437// 499//
f 433// 437// 435//
f 522// 523// 515//
f 434// 513// 506//
f 500// 507// 508//
f 516// 515// 523//
f 508// 507// 515//
f 504// 511// 512//
f 524// 518// 517//
f 524// 525// 518//
f 512// 519// 439//
f 519// 518// 526//
f 520// 514// 513//
f 436// 526// 432//
f 436// 432// 433//
f 521// 527// 528//
f 437// 434// 506//
f 429// 434// 433//
f 529// 530// 522//
f 513// 431// 520//
f 507// 514// 515//
f 523// 522// 530//
f 515// 514// 522//
f 511// 518// 519//
f 531// 525// 524//
f 531// 532// 525//
f 519// 526// 436//
f 526// 525// 533//
f 527// 521// 520//
f 432// 533// 430//
f 432// 430// 429//
f 534// 528// 535//
f 434// 431// 513//
f 426// 431// 429//
f 536// 537// 529//
f 520// 428// 527//
f 514// 521// 522//
f 530// 529// 537//
f 522// 521// 529//
f 518// 525// 526//
f 538// 532// 531//
f 538// 539// 532//
f 526// 533// 432//
f 533// 532// 540//
f 535// 528// 527//
f 430// 540// 427//
f 430// 427// 426//
f 528// 534// 536//
f 431// 428// 520//
f 424// 428// 426//
f 541// 542// 536//
f 527// 425// 535//
f 521// 528// 529//
f 537// 536// 542//
f 529// 528// 536//
f 525// 532// 533//
f 543// 539// 538//
f 543// 544// 539//
f 533// 540// 430//
f 540// 539// 545//
f 546// 534// 535//
f 427// 545// 423//
f 427// 423// 424//
f 547// 548// 549//
f 428// 425// 527//
f 420// 425// 424//
f 550// 541// 551//
f 422// 546// 535//
f 546// 548// 534//
f 542// 541// 550//
f 536// 534// 541//
f 532// 539// 540//
f 552// 544// 543//
f 552// 553// 544//
f 540// 545// 427//
f 545// 544// 554//
f 549// 548// 546//
f 423// 554// 421//
f 423// 421// 420//
f 548// 547// 551//
f 425// 422// 535//
f 422// 420// 417//
f 555// 556// 551//
f 419// 549// 546//
f 534// 548// 541//
f 550// 551// 556//
f 541// 548// 551//
f 539// 544// 545//
f 557// 553// 552//
f 557// 558// 553//
f 545// 554// 423//
f 554// 553// 559//
f 547// 549// 560//
f 421// 559// 418//
f 421// 418// 417//
f 555// 547// 561//
f 422// 419// 546//
f 419// 417// 415//
f 562// 556// 555//
f 416// 560// 549//
f 551// 547// 555//
f 547// 560// 561//
f 562// 555// 563//
f 544// 553// 554//
f 564// 558// 557//
f 564// 565// 558//
f 554// 559// 421//
f 559// 558// 566//
f 561// 560// 567//
f 418// 566// 414//
f 418// 414// 415//
f 561// 568// 563//
f 419// 416// 549//
f 410// 416// 415//
f 561// 567// 568//
f 413// 567// 560//
f 563// 569// 570//
f 562// 563// 570//
f 555// 561// 563//
f 553// 558// 559//
f 571// 565// 564//
f 571// 572// 565//
f 559// 566// 418//
f 566// 565// 573//
f 574// 568// 567//
f 414// 573// 411//
f 414// 411// 410//
f 569// 568// 575//
f 416// 413// 560//
f 413// 410// 407//
f 576// 570// 569//
f 412// 574// 567//
f 563// 568// 569//
f 568// 574// 575//
f 576// 569// 577//
f 558// 565// 566//
f 578// 572// 571//
f 578// 579// 572//
f 566// 573// 414//
f 573// 572// 580//
f 575// 574// 581//
f 411// 580// 408//
f 411// 408// 407//
f 575// 582// 577//
f 413// 412// 567//
f 405// 412// 407//
f 575// 581// 582//
f 409// 581// 574//
f 577// 583// 584//
f 576// 577// 584//
f 569// 575// 577//
f 565// 572// 573//
f 585// 579// 578//
f 585// 586// 579//
f 573// 580// 411//
f 580// 579// 587//
f 588// 582// 581//
f 408// 587// 404//
f 408// 404// 405//
f 589// 583// 582//
f 412// 409// 574//
f 401// 409// 405//
f 590// 584// 583//
f 406// 588// 581//
f 577// 582// 583//
f 582// 588// 589//
f 590// 583// 591//
f 572// 579// 580//
f 592// 586// 585//
f 592// 593// 586//
f 580// 587// 408//
f 587// 586// 594//
f 595// 589// 588//
f 404// 594// 402//
f 404// 402// 401//
f 596// 591// 589//
f 409// 406// 581//
f 406// 401// 398//
f 591// 597// 598//
f 403// 595// 588//
f 595// 596// 589//
f 590// 591// 598//
f 583// 589// 591//
f 579// 586// 587//
f 599// 593// 592//
f 599// 600// 593//
f 587// 594// 404//
f 594// 593// 601//
f 596// 595// 602//
f 402// 601// 399//
f 402// 399// 398//
f 596// 603// 597//
f 406// 403// 588//
f 396// 403// 398//
f 603// 596// 602//
f 400// 602// 595//
f 597// 604// 605//
f 598// 597// 605//
f 591// 596// 597//
f 586// 593// 594//
f 606// 600// 599//
f 606// 607// 600//
f 594// 601// 402//
f 601// 600// 608//
f 609// 603// 602//
f 399// 608// 395//
f 399// 395// 396//
f 604// 603// 610//
f 403// 400// 595//
f 400// 396// 393//
f 611// 605// 604//
f 397// 609// 602//
f 597// 603// 604//
f 603// 609// 610//
f 611// 604// 612//
f 593// 600// 601//
f 613// 607// 606//
f 613// 614// 607//
f 601// 608// 399//
f 608// 607// 615//
f 610// 609// 616//
f 395// 615// 394//
f 395// 394// 393//
f 610// 617// 612//
f 400// 397// 602//
f 389// 397// 393//
f 610// 616// 617//
f 392// 616// 609//
f 612// 618// 619//
f 611// 612// 619//
f 604// 610// 612//
f 600// 607// 608//
f 620// 614// 613//
f 620// 621// 614//
f 608// 615// 395//
f 615// 614// 622//
f 623// 617// 616//
f 394// 622// 390//
f 390// 389// 394//
f 618// 617// 624//
f 397// 392// 609//
f 392// 389// 386//
f 625// 619// 618//
f 391// 623// 616//
f 612// 617// 618//
f 617// 623// 624//
f 625// 618// 626//
f 607// 614// 615//
f 627// 621// 620//
f 627// 628// 621//
f 615// 622// 394//
f 622// 621// 629//
f 624// 623// 630//
f 390// 629// 387//
f 387// 386// 390//
f 624// 631// 626//
f 392// 391// 616//
f 384// 391// 386//
f 624// 630// 631//
f 388// 630// 623//
f 626// 632// 633//
f 625// 626// 633//
f 618// 624// 626//
f 614// 621// 622//
f 634// 628// 627//
f 634// 635// 628//
f 622// 629// 390//
f 629// 628// 636//
f 637// 631// 630//
f 387// 636// 383//
f 383// 384// 387//
f 632// 631// 638//
f 391// 388// 623//
f 388// 384// 380//
f 639// 633// 632//
f 385// 637// 630//
f 626// 631// 632//
f 631// 637// 638//
f 639// 632// 640//
f 621// 628// 629//
f 641// 635// 634//
f 641// 642// 635//
f 629// 636// 387//
f 636// 635// 643//
f 638// 637// 644//
f 383// 643// 381//
f 381// 380// 383//
f 645// 646// 647//
f 388// 385// 630//
f 297// 385// 380//
f 638// 644// 645//
f 287// 644// 637//
f 640// 648// 649//
f 639// 640// 649//
f 632// 638// 640//
f 628// 635// 636//
f 650// 642// 641//
f 650// 651// 642//
f 636// 643// 383//
f 643// 642// 652//
f 646// 645// 644//
f 381// 652// 296//
f 296// 297// 381//
f 648// 645// 647//
f 385// 287// 637//
f 288// 287// 297//
f 653// 654// 648//
f 289// 646// 644//
f 638// 645// 640//
f 649// 648// 654//
f 640// 645// 648//
f 635// 642// 643//
f 655// 651// 650//
f 655// 656// 651//
f 643// 652// 381//
f 652// 651// 657//
f 658// 647// 646//
f 296// 657// 308//
f 308// 288// 296//
f 653// 647// 659//
f 287// 289// 644//
f 289// 288// 302//
f 653// 648// 647//
f 295// 658// 646//
f 658// 659// 647//
f 660// 653// 661//
f 653// 660// 654//
f 642// 651// 652//
f 662// 656// 655//
f 662// 663// 656//
f 652// 657// 296//
f 657// 656// 664//
f 659// 658// 665//
f 308// 664// 301//
f 301// 302// 308//
f 666// 661// 659//
f 289// 295// 646//
f 295// 302// 293//
f 659// 665// 666//
f 294// 665// 658//
f 661// 667// 668//
f 660// 661// 668//
f 653// 659// 661//
f 651// 656// 657//
f 669// 663// 662//
f 669// 670// 663//
f 657// 664// 308//
f 664// 663// 671//
f 666// 665// 672//
f 301// 671// 307//
f 307// 293// 301//
f 673// 674// 675//
f 295// 294// 658//
f 294// 293// 306//
f 676// 667// 677//
f 303// 672// 665//
f 672// 675// 666//
f 668// 667// 676//
f 661// 666// 667//
f 656// 663// 664//
f 678// 670// 669//
f 678// 679// 670//
f 664// 671// 301//
f 671// 670// 680//
f 675// 672// 673//
f 307// 680// 305//
f 305// 306// 307//
f 674// 677// 675//
f 294// 303// 665//
f 304// 303// 306//
f 681// 682// 677//
f 299// 673// 672//
f 666// 675// 667//
f 676// 677// 682//
f 667// 675// 677//
f 663// 670// 671//
f 683// 679// 678//
f 683// 684// 679//
f 671// 680// 307//
f 680// 679// 685//
f 686// 674// 673//
f 305// 685// 309//
f 309// 304// 305//
f 681// 674// 687//
f 303// 299// 672//
f 300// 299// 304//
f 681// 677// 674//
f 298// 686// 673//
f 686// 687// 674//
f 688// 681// 689//
f 681// 688// 682//
f 670// 679// 680//
f 690// 684// 683//
f 690// 691// 684//
f 680// 685// 305//
f 685// 684// 692//
f 693// 687// 686//
f 309// 692// 321//
f 321// 300// 309//
f 689// 687// 694//
f 299// 298// 673//
f 298// 300// 311//
f 687// 693// 694//
f 315// 693// 686//
f 689// 695// 696//
f 688// 689// 696//
f 681// 687// 689//
f 679// 684// 685//
f 697// 691// 690//
f 697// 698// 691//
f 685// 692// 309//
f 692// 691// 699//
f 694// 693// 700//
f 321// 699// 312//
f 312// 311// 321//
f 701// 695// 694//
f 298// 315// 686//
f 315// 311// 310//
f 701// 694// 700//
f 316// 700// 693//
f 695// 702// 703//
f 696// 695// 703//
f 689// 694// 695//
f 684// 691// 692//
f 704// 698// 697//
f 704// 705// 698//
f 692// 699// 321//
f 699// 698// 706//
f 701// 700// 707//
f 312// 706// 314//
f 314// 310// 312//
f 708// 709// 710//
f 315// 316// 693//
f 316// 310// 313//
f 711// 702// 712//
f 317// 707// 700//
f 707// 710// 701//
f 703// 702// 711//
f 695// 701// 702//
f 691// 698// 699//
f 713// 705// 704//
f 713// 714// 705//
f 699// 706// 312//
f 706// 705// 715//
f 710// 707// 708//
f 314// 715// 329//
f 329// 313// 314//
f 709// 712// 710//
f 316// 317// 700//
f 324// 317// 313//
f 716// 717// 712//
f 325// 708// 707//
f 701// 710// 702//
f 711// 712// 717//
f 702// 710// 712//
f 698// 705// 706//
f 718// 714// 713//
f 718// 719// 714//
f 706// 715// 314//
f 715// 714// 720//
f 721// 709// 708//
f 329// 720// 322//
f 322// 324// 329//
f 716// 709// 722//
f 317// 325// 707//
f 325// 324// 323//
f 716// 712// 709//
f 319// 721// 708//
f 721// 722// 709//
f 723// 716// 724//
f 716// 723// 717//
f 705// 714// 715//
f 725// 719// 718//
f 725// 726// 719//
f 715// 720// 329//
f 720// 719// 727//
f 722// 721// 728//
f 322// 727// 337//
f 337// 323// 322//
f 729// 724// 722//
f 325// 319// 708//
f 319// 323// 320//
f 722// 728// 729//
f 318// 728// 721//
f 724// 730// 731//
f 723// 724// 731//
f 716// 722// 724//
f 714// 719// 720//
f 732// 726// 725//
f 732// 733// 726//
f 720// 727// 322//
f 727// 726// 734//
f 729// 728// 735//
f 337// 734// 336//
f 336// 320// 337//
f 736// 737// 738//
f 319// 318// 721//
f 318// 320// 331//
f 739// 730// 740//
f 330// 735// 728//
f 735// 738// 729//
f 731// 730// 739//
f 724// 729// 730//
f 719// 726// 727//
f 741// 733// 732//
f 741// 742// 733//
f 727// 734// 337//
f 734// 733// 743//
f 738// 735// 736//
f 336// 743// 333//
f 333// 331// 336//
f 737// 740// 738//
f 318// 330// 728//
f 332// 330// 331//
f 744// 745// 740//
f 334// 736// 735//
f 729// 738// 730//
f 739// 740// 745//
f 730// 738// 740//
f 726// 733// 734//
f 746// 742// 741//
f 746// 747// 742//
f 734// 743// 336//
f 743// 742// 748//
f 749// 737// 736//
f 333// 748// 338//
f 338// 332// 333//
f 744// 737// 750//
f 330// 334// 735//
f 334// 332// 335//
f 744// 740// 737//
f 326// 749// 736//
f 749// 750// 737//
f 751// 744// 752//
f 744// 751// 745//
f 733// 742// 743//
f 753// 747// 746//
f 753// 754// 747//
f 743// 748// 333//
f 748// 747// 755//
f 750// 749// 756//
f 338// 755// 341//
f 341// 335// 338//
f 757// 752// 750//
f 334// 326// 736//
f 326// 335// 327//
f 750// 756// 757//
f 328// 756// 749//
f 752// 758// 759//
f 751// 752// 759//
f 744// 750// 752//
f 742// 747// 748//
f 760// 754// 753//
f 760// 761// 754//
f 748// 755// 338//
f 755// 754// 762//
f 757// 756// 763//
f 341// 762// 342//
f 342// 327// 341//
f 764// 765// 766//
f 326// 328// 749//
f 328// 327// 340//
f 767// 758// 768//
f 339// 763// 756//
f 763// 766// 757//
f 759// 758// 767//
f 752// 757// 758//
f 747// 754// 755//
f 769// 761// 760//
f 769// 770// 761//
f 755// 762// 341//
f 762// 761// 771//
f 766// 763// 764//
f 342// 771// 345//
f 345// 340// 342//
f 765// 768// 766//
f 328// 339// 756//
f 343// 339// 340//
f 772// 773// 768//
f 344// 764// 763//
f 757// 766// 758//
f 767// 768// 773//
f 758// 766// 768//
f 754// 761// 762//
f 774// 770// 769//
f 770// 775// 776//
f 762// 771// 342//
f 771// 770// 777//
f 363// 765// 764//
f 374// 345// 777//
f 374// 343// 345//
f 772// 765// 362//
f 339// 344// 763//
f 370// 344// 343//
f 772// 768// 765//
f 373// 363// 764//
f 363// 362// 765//
f 778// 772// 779//
f 772// 778// 773//
f 761// 770// 771//
f 774// 775// 770//
f 776// 780// 464//
f 771// 777// 345//
f 781// 777// 776//
f 782// 369// 368//
f 367// 374// 781//
f 374// 367// 370//
f 779// 362// 359//
f 344// 373// 764//
f 373// 370// 369//
f 362// 348// 359//
f 346// 348// 363//
f 779// 783// 784//
f 778// 779// 784//
f 772// 362// 779//
f 770// 776// 777//
f 775// 780// 776//
f 785// 786// 787//
f 777// 781// 374//
f 788// 781// 464//
f 346// 369// 782//
f 788// 368// 367//
f 789// 360// 790//
f 789// 783// 359//
f 373// 346// 363//
f 346// 782// 347//
f 789// 359// 360//
f 347// 360// 348//
f 783// 791// 792//
f 784// 783// 792//
f 779// 359// 783//
f 776// 464// 781//
f 780// 465// 464//
f 368// 793// 782//
f 781// 788// 367//
f 788// 365// 794//
f 782// 795// 347//
f 794// 793// 368//
f 347// 796// 360//
f 795// 782// 793//
f 797// 357// 356//
f 796// 347// 795//
f 798// 791// 355//
f 790// 360// 796//
f 790// 356// 789//
f 792// 791// 798//
f 783// 789// 791//
f 464// 365// 788//
f 465// 366// 365//
f 793// 786// 795//
f 788// 794// 368//
f 364// 799// 794//
f 795// 785// 796//
f 799// 786// 793//
f 796// 800// 790//
f 786// 785// 795//
f 356// 790// 797//
f 796// 785// 800//
f 361// 801// 355//
f 797// 790// 800//
f 789// 356// 791//
f 798// 355// 801//
f 791// 356// 355//
f 365// 364// 794//
f 366// 371// 364//
f 802// 800// 785//
f 794// 799// 793//
f 372// 377// 799//
f 803// 797// 800//
f 377// 787// 786//
f 804// 357// 797//
f 787// 802// 785//
f 805// 361// 357//
f 802// 803// 800//
f 350// 349// 805//
f 803// 804// 797//
f 804// 805// 357//
f 806// 361// 349//
f 361// 806// 801//
f 364// 372// 799//
f 371// 473// 372//
f 376// 807// 787//
f 799// 377// 786//
f 376// 787// 377//
f 807// 808// 802//
f 807// 802// 787//
f 808// 809// 803//
f 808// 803// 802//
f 809// 810// 804//
f 809// 804// 803//
f 810// 350// 805//
f 810// 805// 804//
f 354// 353// 351//
f 806// 349// 358//
f 361// 805// 349//
f 372// 473// 375//
f 377// 372// 375//
f 807// 379// 811//
f 378// 376// 375//
f 808// 811// 812//
f 379// 807// 376//
f 809// 812// 813//
f 811// 808// 807//
f 810// 813// 814//
f 812// 809// 808//
f 350// 814// 815//
f 813// 810// 809//
f 351// 815// 354//
f 814// 350// 810//
f 351// 350// 815//
f 358// 351// 353//
f 816// 817// 818//
f 819// 820// 821//
f 822// 818// 823//
f 824// 822// 825//
f 823// 826// 825//
f 827// 828// 825//
f 829// 830// 831//
f 832// 827// 829//
f 833// 829// 834//
f 827// 826// 834//
f 835// 836// 837//
f 838// 839// 840//
f 841// 842// 843//
f 844// 836// 835//
f 837// 845// 835//
f 846// 847// 835//
f 844// 847// 843//
f 848// 837// 849//
f 835// 847// 844//
f 850// 849// 851//
f 830// 833// 842//
f 852// 851// 853//
f 854// 837// 836//
f 855// 856// 857//
f 857// 858// 855//
f 853// 859// 860//
f 861// 862// 863//
f 859// 851// 864//
f 858// 865// 860//
f 856// 866// 867//
f 868// 857// 856//
f 869// 870// 871//
f 872// 873// 867//
f 874// 875// 876//
f 94// 877// 96//
f 877// 94// 869//
f 870// 869// 90//
f 96// 878// 879//
f 867// 880// 856//
f 881// 882// 883//
f 884// 885// 882//
f 886// 887// 888//
f 889// 885// 886//
f 849// 854// 864//
f 866// 856// 855//
f 816// 822// 890//
f 891// 892// 817//
f 889// 883// 885//
f 818// 822// 816//
f 891// 816// 893//
f 893// 894// 895//
f 892// 896// 897//
f 898// 897// 899//
f 900// 901// 898//
f 902// 899// 896//
f 901// 903// 904//
f 899// 905// 900//
f 903// 900// 906//
f 904// 907// 908//
f 909// 908// 910//
f 907// 903// 911//
f 912// 913// 909//
f 914// 910// 907//
f 907// 910// 908//
f 910// 915// 912//
f 909// 910// 912//
f 916// 917// 913//
f 918// 919// 920//
f 917// 921// 922//
f 923// 924// 921//
f 924// 925// 922//
f 926// 927// 928//
f 925// 929// 927//
f 929// 930// 928//
f 929// 924// 931//
f 932// 928// 933//
f 934// 926// 932//
f 935// 936// 932//
f 936// 937// 934//
f 938// 937// 939//
f 928// 932// 926//
f 940// 941// 938//
f 934// 932// 936//
f 942// 941// 943//
f 944// 945// 946//
f 947// 948// 942//
f 949// 943// 940//
f 943// 950// 947//
f 951// 948// 952//
f 951// 953// 954//
f 947// 955// 952//
f 956// 954// 957//
f 953// 952// 958//
f 953// 951// 952//
f 959// 957// 953//
f 953// 957// 954//
f 821// 956// 960//
f 961// 962// 963//
f 964// 819// 965//
f 820// 819// 964//
f 966// 820// 964//
f 965// 819// 961//
f 139// 967// 134//
f 963// 967// 961//
f 966// 968// 969//
f 966// 969// 820//
f 968// 970// 971//
f 969// 968// 971//
f 972// 971// 970//
f 973// 972// 970//
f 971// 972// 974//
f 975// 976// 974//
f 976// 971// 974//
f 975// 977// 976//
f 978// 820// 969//
f 978// 969// 976//
f 979// 963// 962//
f 820// 978// 821//
f 965// 961// 967//
f 821// 960// 819//
f 967// 963// 134//
f 961// 960// 962//
f 138// 134// 963//
f 971// 976// 969//
f 980// 977// 975//
f 981// 982// 983//
f 984// 951// 985//
f 986// 978// 977//
f 819// 960// 961//
f 956// 821// 986//
f 979// 959// 987//
f 956// 957// 960//
f 963// 979// 138//
f 979// 962// 959//
f 128// 138// 979//
f 976// 977// 978//
f 988// 989// 980//
f 989// 988// 990//
f 978// 986// 821//
f 991// 986// 989//
f 960// 957// 962//
f 956// 986// 991//
f 129// 987// 992//
f 987// 128// 979//
f 962// 957// 959//
f 987// 959// 958//
f 129// 128// 987//
f 986// 977// 989//
f 980// 989// 977//
f 993// 994// 995//
f 956// 991// 954//
f 990// 985// 991//
f 952// 948// 947//
f 954// 985// 951//
f 132// 992// 996//
f 987// 958// 992//
f 959// 953// 958//
f 992// 958// 955//
f 129// 992// 132//
f 989// 990// 991//
f 988// 981// 990//
f 982// 997// 983//
f 991// 985// 954//
f 984// 985// 983//
f 955// 950// 996//
f 951// 984// 948//
f 123// 996// 998//
f 992// 955// 996//
f 958// 952// 955//
f 955// 947// 950//
f 132// 996// 123//
f 985// 990// 983//
f 981// 983// 990//
f 994// 999// 1000//
f 1001// 888// 1002//
f 997// 1003// 984//
f 949// 998// 950//
f 948// 1003// 942//
f 126// 998// 1004//
f 943// 947// 942//
f 949// 950// 943//
f 123// 998// 126//
f 996// 950// 998//
f 983// 997// 984//
f 982// 993// 997//
f 1005// 1006// 1007//
f 984// 1003// 948//
f 995// 1008// 1003//
f 945// 1004// 946//
f 942// 1008// 941//
f 2// 1004// 5//
f 940// 943// 941//
f 946// 949// 940//
f 126// 1004// 2//
f 998// 949// 1004//
f 1003// 997// 995//
f 993// 995// 997//
f 1000// 999// 1009//
f 1003// 1008// 942//
f 1010// 1008// 1000//
f 1011// 945// 944//
f 1008// 1010// 941//
f 949// 946// 1004//
f 938// 939// 940//
f 1004// 945// 5//
f 946// 939// 944//
f 119// 5// 945//
f 1008// 995// 1000//
f 994// 1000// 995//
f 1012// 1013// 1007//
f 941// 1010// 938//
f 1014// 1010// 1009//
f 940// 939// 946//
f 937// 938// 1014//
f 1011// 935// 1015//
f 937// 936// 939//
f 945// 1011// 119//
f 1011// 944// 935//
f 12// 119// 1011//
f 1000// 1009// 1010//
f 999// 1006// 1009//
f 1016// 1012// 1017//
f 1010// 1014// 938//
f 1018// 1014// 1005//
f 939// 936// 944//
f 934// 937// 1018//
f 115// 1015// 1019//
f 1015// 12// 1011//
f 944// 936// 935//
f 1015// 935// 933//
f 115// 12// 1015//
f 1014// 1009// 1005//
f 1006// 1005// 1009//
f 1020// 1021// 1017//
f 1014// 1018// 937//
f 1022// 1018// 1013//
f 929// 928// 927//
f 926// 934// 1022//
f 116// 1019// 1023//
f 1015// 933// 1019//
f 935// 932// 933//
f 1019// 933// 930//
f 115// 1019// 116//
f 1018// 1005// 1013//
f 1007// 1013// 1005//
f 1021// 1016// 1017//
f 1018// 1022// 934//
f 1016// 1024// 1022//
f 930// 931// 1023//
f 1024// 927// 926//
f 9// 1023// 1025//
f 1019// 930// 1023//
f 933// 928// 930//
f 930// 929// 931//
f 116// 1023// 9//
f 1022// 1013// 1016//
f 1012// 1016// 1013//
f 927// 1024// 1026//
f 1022// 1024// 926//
f 1027// 1028// 1020//
f 931// 923// 1025//
f 927// 1026// 925//
f 10// 1025// 1029//
f 924// 929// 925//
f 924// 923// 931//
f 9// 1025// 10//
f 1023// 931// 1025//
f 1024// 1021// 1026//
f 1016// 1021// 1024//
f 1030// 1031// 1027//
f 1020// 1028// 1021//
f 1028// 1032// 1026//
f 919// 1029// 920//
f 925// 1032// 922//
f 110// 1029// 919//
f 921// 924// 922//
f 920// 923// 921//
f 10// 1029// 110//
f 1025// 923// 1029//
f 1026// 1021// 1028//
f 1030// 1033// 1034//
f 1035// 1036// 1033//
f 1026// 1032// 925//
f 1037// 1032// 1031//
f 1038// 919// 918//
f 922// 1037// 917//
f 923// 920// 1029//
f 917// 916// 921//
f 919// 18// 110//
f 920// 916// 918//
f 109// 18// 919//
f 1032// 1028// 1031//
f 1027// 1031// 1028//
f 1039// 1040// 1035//
f 1032// 1037// 922//
f 1041// 1037// 1034//
f 921// 916// 920//
f 913// 917// 1041//
f 1038// 915// 1042//
f 913// 912// 916//
f 919// 1038// 109//
f 1038// 918// 915//
f 15// 109// 1038//
f 1037// 1031// 1034//
f 1030// 1034// 1031//
f 1043// 1044// 1045//
f 1037// 1041// 917//
f 1046// 1041// 1036//
f 916// 912// 918//
f 909// 913// 1046//
f 108// 1042// 1047//
f 1042// 15// 1038//
f 918// 912// 915//
f 1042// 915// 914//
f 108// 15// 1042//
f 1041// 1034// 1036//
f 1033// 1036// 1034//
f 1040// 1039// 1048//
f 1041// 1046// 913//
f 1049// 1046// 1040//
f 903// 907// 904//
f 909// 1046// 1049//
f 107// 1047// 1050//
f 1042// 914// 1047//
f 915// 910// 914//
f 1047// 914// 911//
f 108// 1047// 107//
f 1046// 1036// 1040//
f 1035// 1040// 1036//
f 1051// 1052// 1044//
f 909// 1049// 908//
f 1048// 1053// 1049//
f 911// 906// 1050//
f 904// 908// 1053//
f 26// 1050// 1054//
f 1047// 911// 1050//
f 914// 907// 911//
f 911// 903// 906//
f 107// 1050// 26//
f 1040// 1048// 1049//
f 1039// 1043// 1048//
f 1055// 1056// 1051//
f 1049// 1053// 908//
f 1045// 1057// 1053//
f 906// 905// 1054//
f 904// 1057// 901//
f 106// 1054// 1058//
f 900// 903// 901//
f 900// 905// 906//
f 26// 1054// 106//
f 1050// 906// 1054//
f 1053// 1048// 1045//
f 1043// 1045// 1048//
f 1059// 1060// 1055//
f 1053// 1057// 904//
f 1052// 1061// 1057//
f 1062// 1058// 902//
f 901// 1061// 898//
f 23// 1058// 1062//
f 899// 900// 898//
f 902// 905// 899//
f 106// 1058// 23//
f 1054// 905// 1058//
f 1057// 1045// 1052//
f 1044// 1052// 1045//
f 1063// 1064// 1059//
f 1057// 1061// 901//
f 1065// 1061// 1056//
f 894// 1062// 895//
f 898// 1065// 897//
f 905// 902// 1058//
f 897// 896// 899//
f 1062// 21// 23//
f 902// 896// 895//
f 104// 21// 1062//
f 1061// 1052// 1056//
f 1051// 1056// 1052//
f 1066// 1067// 1063//
f 1061// 1065// 898//
f 1068// 1065// 1060//
f 1069// 894// 893//
f 897// 1068// 892//
f 902// 895// 1062//
f 892// 891// 896//
f 1062// 894// 104//
f 895// 891// 893//
f 31// 104// 894//
f 1065// 1056// 1060//
f 1055// 1060// 1056//
f 1070// 1071// 1066//
f 1065// 1068// 897//
f 1072// 1068// 1064//
f 896// 891// 895//
f 817// 892// 1072//
f 1069// 890// 1073//
f 817// 816// 891//
f 894// 1069// 31//
f 1069// 893// 890//
f 32// 31// 1069//
f 1068// 1060// 1064//
f 1059// 1064// 1060//
f 1074// 1075// 1070//
f 1068// 1072// 892//
f 1067// 1076// 1072//
f 825// 822// 823//
f 818// 817// 1076//
f 28// 1073// 1077//
f 1073// 32// 1069//
f 893// 816// 890//
f 1073// 890// 824//
f 28// 32// 1073//
f 1072// 1064// 1067//
f 1063// 1067// 1064//
f 1078// 1079// 1080//
f 1072// 1076// 817//
f 1071// 1081// 1076//
f 825// 826// 827//
f 818// 1081// 823//
f 29// 1077// 1082//
f 1073// 824// 1077//
f 890// 822// 824//
f 1077// 824// 828//
f 28// 1077// 29//
f 1076// 1067// 1071//
f 1066// 1071// 1067//
f 1075// 1074// 1083//
f 1076// 1081// 818//
f 1084// 1081// 1075//
f 828// 832// 1082//
f 823// 1084// 826//
f 100// 1082// 1085//
f 1077// 828// 1082//
f 824// 825// 828//
f 828// 827// 832//
f 29// 1082// 100//
f 1081// 1071// 1075//
f 1070// 1075// 1071//
f 1086// 1087// 1079//
f 1081// 1084// 823//
f 1083// 1088// 1084//
f 830// 840// 831//
f 826// 1088// 834//
f 37// 1085// 1089//
f 829// 827// 834//
f 831// 832// 829//
f 100// 1085// 37//
f 1082// 832// 1085//
f 1075// 1083// 1084//
f 1074// 1078// 1083//
f 1090// 1091// 1086//
f 1084// 1088// 826//
f 1080// 1092// 1088//
f 839// 1089// 840//
f 834// 1092// 833//
f 832// 831// 1085//
f 833// 830// 829//
f 1089// 98// 99//
f 37// 1089// 99//
f 1085// 831// 1089//
f 1088// 1083// 1080//
f 1078// 1080// 1083//
f 1093// 1094// 1090//
f 1088// 1092// 834//
f 1095// 1092// 1087//
f 1096// 839// 838//
f 833// 1095// 842//
f 831// 840// 1089//
f 842// 841// 830//
f 1089// 839// 98//
f 840// 841// 838//
f 34// 98// 839//
f 1092// 1080// 1087//
f 1079// 1087// 1080//
f 1097// 1098// 1093//
f 1092// 1095// 833//
f 1099// 1095// 1091//
f 830// 841// 840//
f 843// 842// 1099//
f 1096// 846// 1100//
f 843// 847// 841//
f 839// 1096// 34//
f 1096// 838// 846//
f 97// 34// 1096//
f 1095// 1087// 1091//
f 1086// 1091// 1087//
f 1101// 1102// 1097//
f 1095// 1099// 842//
f 1103// 1099// 1094//
f 841// 847// 838//
f 844// 843// 1103//
f 42// 1100// 1104//
f 1100// 97// 1096//
f 838// 847// 846//
f 1100// 846// 845//
f 42// 97// 1100//
f 1099// 1091// 1094//
f 1090// 1094// 1091//
f 1105// 1106// 1101//
f 1099// 1103// 843//
f 1098// 1107// 1103//
f 837// 854// 849//
f 836// 844// 1107//
f 57// 1104// 1108//
f 1100// 845// 1104//
f 846// 835// 845//
f 1104// 845// 848//
f 42// 1104// 57//
f 1103// 1094// 1098//
f 1093// 1098// 1094//
f 1109// 1110// 1105//
f 1103// 1107// 844//
f 1102// 1111// 1107//
f 848// 850// 1108//
f 836// 1111// 854//
f 49// 1108// 1112//
f 1104// 848// 1108//
f 845// 837// 848//
f 848// 849// 850//
f 57// 1108// 49//
f 1107// 1098// 1102//
f 1097// 1102// 1098//
f 1113// 1114// 1109//
f 1107// 1111// 836//
f 1106// 1115// 1111//
f 852// 1112// 850//
f 854// 1115// 864//
f 52// 1112// 1116//
f 851// 849// 864//
f 852// 850// 851//
f 49// 1112// 52//
f 1108// 850// 1112//
f 1111// 1102// 1106//
f 1101// 1106// 1102//
f 1117// 1118// 1113//
f 1111// 1115// 854//
f 1110// 1119// 1115//
f 862// 1116// 863//
f 864// 1119// 859//
f 1116// 862// 46//
f 853// 851// 859//
f 863// 852// 853//
f 52// 1116// 46//
f 1112// 852// 1116//
f 1115// 1106// 1110//
f 1105// 1110// 1106//
f 1120// 1121// 1122//
f 1115// 1119// 864//
f 1123// 1119// 1114//
f 1124// 862// 861//
f 1123// 860// 859//
f 852// 863// 1116//
f 860// 865// 853//
f 862// 47// 46//
f 863// 865// 861//
f 40// 47// 862//
f 1119// 1110// 1114//
f 1109// 1114// 1110//
f 1117// 1125// 1118//
f 1119// 1123// 859//
f 1123// 1118// 1126//
f 853// 865// 863//
f 860// 1123// 1126//
f 1124// 868// 1127//
f 858// 857// 865//
f 862// 1124// 40//
f 1124// 861// 868//
f 41// 40// 1124//
f 1123// 1114// 1118//
f 1113// 1118// 1114//
f 1001// 1128// 1121//
f 860// 1126// 858//
f 1129// 1126// 1125//
f 865// 857// 861//
f 855// 858// 1129//
f 83// 1127// 1130//
f 1127// 41// 1124//
f 861// 857// 868//
f 1127// 868// 880//
f 83// 41// 1127//
f 1118// 1125// 1126//
f 1117// 1120// 1125//
f 1131// 1132// 1133//
f 1126// 1129// 858//
f 1129// 1122// 1134//
f 867// 1135// 872//
f 855// 1134// 866//
f 84// 1130// 1136//
f 1127// 880// 1130//
f 868// 856// 880//
f 1130// 880// 873//
f 83// 1130// 84//
f 1129// 1125// 1122//
f 1120// 1122// 1125//
f 866// 1135// 867//
f 1129// 1134// 855//
f 1134// 1128// 1137//
f 873// 875// 1136//
f 1135// 866// 1137//
f 87// 1136// 874//
f 1130// 873// 1136//
f 880// 867// 873//
f 873// 872// 875//
f 84// 1136// 87//
f 1134// 1122// 1128//
f 1121// 1128// 1122//
f 1135// 1133// 872//
f 1134// 1137// 866//
f 1002// 1138// 1137//
f 875// 872// 1132//
f 1135// 1138// 1133//
f 88// 874// 870//
f 872// 1133// 1132//
f 1132// 876// 875//
f 87// 874// 88//
f 1136// 875// 874//
f 1137// 1128// 1002//
f 1001// 1002// 1128//
f 1139// 876// 1132//
f 1137// 1138// 1135//
f 887// 884// 1138//
f 877// 869// 1140//
f 884// 1131// 1133//
f 876// 871// 870//
f 1139// 1132// 1131//
f 876// 1139// 871//
f 88// 870// 90//
f 874// 876// 870//
f 1138// 1002// 887//
f 888// 887// 1002//
f 882// 1141// 1131//
f 1138// 884// 1133//
f 882// 1131// 884//
f 1141// 1142// 1139//
f 1141// 1139// 1131//
f 1142// 1140// 871//
f 871// 1139// 1142//
f 869// 93// 90//
f 869// 871// 1140//
f 94// 93// 869//
f 887// 886// 885//
f 884// 887// 885//
f 1141// 881// 1143//
f 883// 882// 885//
f 1142// 1143// 1144//
f 881// 1141// 882//
f 1140// 1144// 1145//
f 1143// 1142// 1141//
f 877// 1145// 878//
f 1144// 1140// 1142//
f 96// 877// 878//
f 1145// 877// 1140//
f 1146// 1147// 1148//
f 1146// 1149// 1150//
f 1150// 1151// 1146//
f 1152// 1153// 1154//
f 1155// 1152// 1148//
f 1156// 1157// 1158//
f 1154// 1159// 1156//
f 1160// 1161// 1158//
f 1162// 1158// 1163//
f 1164// 1165// 1161//
f 1166// 1161// 1160//
f 1167// 1168// 1169//
f 1165// 1170// 1169//
f 1171// 1172// 1173//
f 1168// 1174// 1171//
f 1175// 1171// 1176//
f 1173// 1176// 1171//
f 1177// 1175// 1178//
f 1175// 1176// 1178//
f 1177// 1179// 1180//
f 1180// 1175// 1177//
f 1180// 1181// 1182//
f 1181// 1180// 1179//
f 1182// 1183// 1184//
f 1181// 1183// 1182//
f 1185// 1182// 1186//
f 1184// 1186// 1182//
f 1174// 1172// 1171//
f 1185// 1186// 1187//
f 1174// 1168// 1167//
f 1169// 1168// 1165//
f 1164// 1170// 1165//
f 1166// 1164// 1161//
f 1160// 1158// 1162//
f 1158// 1157// 1163//
f 1156// 1159// 1157//
f 1156// 1152// 1154//
f 1153// 1152// 1155//
f 1155// 1148// 1147//
f 1146// 1148// 1149//
f 4// 1188// 3//
f 1189// 1190// 1191//
f 130// 1192// 136//
f 1193// 1189// 1191//
f 147// 131// 1192//
f 124// 1194// 125//
f 127// 1// 1195//
f 1196// 1197// 1198//
f 1199// 4// 121//
f 4// 1199// 1200//
f 1201// 14// 13//
f 120// 117// 1202//
f 113// 1203// 114//
f 118// 1204// 1205//
f 1206// 1207// 167//
f 113// 167// 1207//
f 166// 1206// 167//
f 1207// 1203// 113//
f 114// 1203// 1204//
f 118// 1205// 13//
f 114// 1204// 118//
f 14// 1201// 117//
f 1205// 1201// 13//
f 1202// 1199// 120//
f 1201// 1202// 117//
f 1200// 1188// 4//
f 1199// 121// 120//
f 1// 3// 1195//
f 1195// 3// 1188//
f 1198// 1208// 1209//
f 124// 127// 1194//
f 1194// 127// 1195//
f 1210// 1211// 1212//
f 1192// 131// 1194//
f 1194// 131// 125//
f 1210// 1212// 1213//
f 1214// 1215// 1190//
f 1192// 1191// 136//
f 1192// 130// 147//
f 1215// 1216// 1190//
f 135// 137// 1191//
f 1191// 137// 136//
f 140// 1190// 1216//
f 140// 133// 1191//
f 1191// 133// 135//
f 1190// 140// 1191//
f 1210// 1217// 1190//
f 1190// 1217// 1214//
f 1210// 1213// 1217//
f 1210// 1197// 1211//
f 1197// 1196// 1211//
f 1208// 1198// 1197//
f 1218// 1219// 1220//
f 1221// 1222// 1223//
f 1224// 1225// 1226//
f 1227// 1228// 1229//
f 1230// 1231// 1232//
f 1233// 1225// 1234//
f 1235// 1236// 1237//
f 1238// 1239// 1240//
f 1241// 1242// 1243//
f 1244// 1245// 1243//
f 1246// 1247// 1248//
f 1249// 1250// 1251//
f 1252// 1253// 1254//
f 1255// 1256// 1257//
f 1258// 1259// 1260//
f 1261// 1262// 1252//
f 1263// 1264// 1265//
f 1266// 1267// 1268//
f 1269// 1270// 1271//
f 1270// 1269// 1272//
f 1273// 1274// 1271//
f 1271// 1270// 1273//
f 1275// 1274// 1276//
f 1273// 1276// 1274//
f 1275// 1277// 1278//
f 1277// 1275// 1276//
f 1279// 1280// 1278//
f 1278// 1277// 1279//
f 1281// 1280// 1282//
f 1279// 1282// 1280//
f 1281// 1283// 1284//
f 1283// 1281// 1282//
f 1285// 1286// 1284//
f 1284// 1283// 1285//
f 1287// 1286// 1288//
f 1285// 1288// 1286//
f 1272// 1269// 1265//
f 1265// 1264// 1272//
f 1268// 1263// 1266//
f 1264// 1263// 1268//
f 1267// 1259// 1258//
f 1266// 1259// 1267//
f 1260// 1262// 1261//
f 1260// 1261// 1258//
f 1254// 1253// 1255//
f 1254// 1261// 1252//
f 1256// 1248// 1257//
f 1253// 1256// 1255//
f 1246// 1251// 1247//
f 1248// 1247// 1257//
f 1242// 1250// 1249//
f 1249// 1251// 1246//
f 1245// 1241// 1243//
f 1241// 1250// 1242//
f 1244// 1236// 1235//
f 1244// 1235// 1245//
f 1239// 1238// 1237//
f 1239// 1237// 1236//
f 1231// 1238// 1232//
f 1238// 1240// 1232//
f 1234// 1230// 1233//
f 1231// 1230// 1234//
f 1227// 1224// 1226//
f 1233// 1226// 1225//
f 1220// 1229// 1228//
f 1229// 1224// 1227//
f 1219// 1218// 1222//
f 1220// 1228// 1218//
f 1222// 1221// 1219//
f 1289// 1246// 1248//
f 1290// 1249// 1291//
f 1253// 1252// 1292//
f 1293// 1294// 1256//
f 1295// 1260// 1259//
f 1296// 1297// 1262//
f 1265// 1298// 1263//
f 1266// 1299// 1300//
f 1271// 1274// 1301//
f 1302// 1269// 1303//
f 1304// 1278// 1280//
f 1305// 1306// 1275//
f 1286// 1307// 1284//
f 1281// 1308// 1309//
f 1310// 1311// 79//
f 1312// 1287// 80//
f 73// 1313// 1314//
f 74// 77// 1315//
f 1316// 66// 1317//
f 1318// 68// 71//
f 1319// 1320// 64//
f 60// 1321// 61//
f 1322// 43// 55//
f 55// 1320// 1322//
f 44// 43// 1323//
f 1322// 1323// 43//
f 44// 1324// 35//
f 1324// 44// 1323//
f 1325// 33// 35//
f 35// 1324// 1325//
f 38// 33// 1326//
f 1325// 1326// 33//
f 38// 1327// 36//
f 1327// 38// 1326//
f 1328// 101// 36//
f 36// 1327// 1328//
f 27// 101// 1329//
f 1328// 1329// 101//
f 27// 1330// 102//
f 1330// 27// 1329//
f 1331// 30// 102//
f 102// 1330// 1331//
f 103// 30// 1332//
f 1331// 1332// 30//
f 66// 68// 1317//
f 1319// 64// 61//
f 1320// 55// 64//
f 1319// 61// 1321//
f 60// 66// 1316//
f 1321// 60// 1316//
f 68// 1318// 1317//
f 71// 1314// 1318//
f 80// 1310// 79//
f 73// 74// 1313//
f 73// 1314// 71//
f 1311// 1315// 77//
f 1315// 1313// 74//
f 1311// 77// 79//
f 1310// 80// 1287//
f 1286// 1287// 1312//
f 1307// 1308// 1284//
f 1312// 1307// 1286//
f 1281// 1309// 1280//
f 1308// 1281// 1284//
f 1304// 1305// 1278//
f 1304// 1280// 1309//
f 1305// 1275// 1278//
f 1306// 1274// 1275//
f 1302// 1265// 1269//
f 1271// 1301// 1303//
f 1274// 1306// 1301//
f 1271// 1303// 1269//
f 1302// 1298// 1265//
f 1298// 1299// 1263//
f 1300// 1259// 1266//
f 1299// 1266// 1263//
f 1296// 1260// 1295//
f 1295// 1259// 1300//
f 1252// 1262// 1297//
f 1262// 1260// 1296//
f 1253// 1292// 1293//
f 1252// 1297// 1292//
f 1256// 1294// 1248//
f 1253// 1293// 1256//
f 1291// 1249// 1246//
f 1246// 1289// 1291//
f 1294// 1289// 1248//
f 1290// 1242// 1249//
f 1333// 1334// 1335//
f 1336// 1333// 1223//
f 1335// 1223// 1333//
f 1337// 1338// 1228//
f 1339// 1222// 1218//
f 1233// 1340// 1341//
f 1227// 1226// 1342//
f 1343// 1240// 1344//
f 1345// 1230// 1232//
f 1346// 1236// 1347//
f 1236// 1346// 1239//
f 1244// 1348// 1347//
f 1347// 1236// 1244//
f 1290// 1348// 1243//
f 1244// 1243// 1348//
f 1242// 1290// 1243//
f 1346// 1344// 1239//
f 1343// 1232// 1240//
f 1344// 1240// 1239//
f 1340// 1230// 1345//
f 1345// 1232// 1343//
f 1226// 1233// 1341//
f 1233// 1230// 1340//
f 1227// 1342// 1337//
f 1226// 1341// 1342//
f 1228// 1338// 1218//
f 1227// 1337// 1228//
f 1339// 1336// 1222//
f 1338// 1339// 1218//
f 1223// 1222// 1336//
f 1349// 1350// 1351//
f 1352// 1353// 1354//
f 1355// 1356// 1357//
f 1358// 1359// 1360//
f 1361// 1356// 1355//
f 1362// 1363// 1364//
f 1365// 1366// 1367//
f 1368// 1369// 1370//
f 1371// 1372// 1373//
f 1366// 1365// 1374//
f 1375// 1376// 1377//
f 1378// 1379// 1380//
f 1355// 1381// 1382//
f 1361// 1355// 1382//
f 1383// 1379// 1384//
f 1355// 1385// 1386//
f 1381// 1355// 1386//
f 1387// 1388// 1389//
f 1379// 1388// 1390//
f 1391// 1392// 1393//
f 1394// 1395// 1396//
f 1392// 1397// 1393//
f 1398// 1399// 1400//
f 1391// 1394// 1396//
f 1396// 1395// 1401//
f 1402// 1389// 1388//
f 1385// 1397// 1392//
f 1391// 1396// 1392//
f 1403// 1404// 1399//
f 1405// 1406// 1403//
f 1355// 1407// 1397//
f 1397// 1385// 1355//
f 1406// 1408// 1409//
f 1410// 1407// 1370//
f 1355// 1370// 1407//
f 1411// 1412// 1413//
f 1413// 1412// 1414//
f 1415// 1416// 1370//
f 1370// 1416// 1410//
f 1413// 1414// 1417//
f 1418// 1419// 1370//
f 1370// 1419// 1415//
f 1420// 1413// 1417//
f 1370// 1369// 1418//
f 1363// 1413// 1421//
f 1422// 1423// 1424//
f 1368// 1370// 1425//
f 1425// 1370// 1426//
f 1427// 1426// 1424//
f 1370// 1424// 1426//
f 1428// 1364// 1363//
f 1421// 1428// 1363//
f 1424// 1429// 1427//
f 1430// 1431// 1424//
f 1424// 1431// 1429//
f 1420// 1421// 1413//
f 1432// 1433// 1434//
f 1432// 1435// 1433//
f 1424// 1435// 1430//
f 1430// 1435// 1432//
f 1436// 1437// 1424//
f 1424// 1437// 1435//
f 1424// 1423// 1436//
f 1422// 1424// 1438//
f 1439// 1440// 1441//
f 1442// 1443// 1444//
f 1445// 1446// 1447//
f 1448// 1449// 1450//
f 1451// 1379// 1452//
f 1445// 1447// 1453//
f 1454// 1446// 1445//
f 1455// 1376// 1456//
f 1387// 1400// 1388//
f 1404// 1457// 1399//
f 1413// 1409// 1411//
f 1458// 1363// 1362//
f 1362// 1459// 1458//
f 1458// 1459// 1460//
f 1409// 1408// 1461//
f 1411// 1409// 1461//
f 1406// 1409// 1403//
f 1399// 1405// 1403//
f 1387// 1398// 1400//
f 1457// 1400// 1399//
f 1379// 1462// 1388//
f 1402// 1388// 1462//
f 1379// 1463// 1462//
f 1379// 1464// 1463//
f 1379// 1383// 1464//
f 1378// 1465// 1379//
f 1379// 1465// 1384//
f 1380// 1379// 1451//
f 1452// 1379// 1466//
f 1376// 1467// 1466//
f 1379// 1376// 1466//
f 1467// 1376// 1468//
f 1468// 1376// 1469//
f 1350// 1470// 1351//
f 1471// 1472// 1473//
f 1453// 1447// 1474//
f 1376// 1474// 1469//
f 1474// 1376// 1453//
f 1455// 1475// 1376//
f 1376// 1475// 1453//
f 1476// 1477// 1478//
f 1444// 1473// 1479//
f 1480// 1449// 1448//
f 1481// 1482// 1483//
f 1482// 1484// 1485//
f 1486// 1483// 1487//
f 1450// 1488// 1448//
f 1376// 1489// 1456//
f 1488// 1490// 1376//
f 1376// 1375// 1489//
f 1480// 1485// 1449//
f 1376// 1490// 1377//
f 1376// 1448// 1488//
f 1484// 1449// 1485//
f 1481// 1484// 1482//
f 1481// 1483// 1486//
f 1487// 1441// 1440//
f 1486// 1487// 1440//
f 1438// 1439// 1441//
f 1491// 1492// 1493//
f 1494// 1495// 1496//
f 1497// 1498// 1499//
f 1500// 1501// 1502//
f 1503// 1504// 1505//
f 1506// 1507// 1508//
f 1509// 1350// 1510//
f 1511// 1512// 1353//
f 1506// 1358// 1513//
f 1514// 1515// 1500//
f 1516// 1514// 1500//
f 1515// 1514// 1517//
f 1518// 1519// 1520//
f 1507// 1506// 1513//
f 1479// 1473// 1472//
f 1521// 1522// 1523//
f 1508// 1524// 1521//
f 1521// 1524// 1522//
f 1508// 1507// 1524//
f 1518// 1350// 1513//
f 1521// 1509// 1494//
f 1525// 1526// 1527//
f 1509// 1510// 1528//
f 1509// 1528// 1529//
f 1530// 1510// 1350//
f 1531// 1526// 1511//
f 1350// 1349// 1530//
f 1525// 1512// 1511//
f 1358// 1506// 1359//
f 1470// 1518// 1532//
f 1533// 1353// 1534//
f 1519// 1353// 1352//
f 1512// 1534// 1353//
f 1511// 1526// 1525//
f 1535// 1360// 1536//
f 1537// 1538// 1539//
f 1496// 1525// 1504//
f 1493// 1540// 1541//
f 1444// 1479// 1542//
f 1494// 1543// 1544//
f 1494// 1544// 1545//
f 1543// 1494// 1509//
f 1546// 1543// 1509//
f 1521// 1494// 1508//
f 1547// 1548// 1509//
f 1509// 1548// 1546//
f 1549// 1550// 1509//
f 1509// 1550// 1547//
f 1529// 1549// 1509//
f 1551// 1504// 1503//
f 1504// 1551// 1496//
f 1538// 1504// 1525//
f 1525// 1527// 1538//
f 1552// 1553// 1554//
f 1538// 1527// 1539//
f 1555// 1556// 1557//
f 1558// 1366// 1559//
f 1444// 1439// 1438//
f 1560// 1561// 1444//
f 1562// 1494// 1496//
f 1496// 1551// 1562//
f 1552// 1540// 1563//
f 1444// 1561// 1442//
f 1564// 1565// 1566//
f 1567// 1568// 1569//
f 1570// 1553// 1477//
f 1571// 1572// 1573//
f 1574// 1575// 1576//
f 1573// 1572// 1575//
f 1577// 1578// 1579//
f 1580// 1566// 1565//
f 1581// 1582// 1583//
f 1584// 1585// 1586//
f 1579// 1578// 1587//
f 1536// 1588// 1589//
f 1590// 1591// 1592//
f 1593// 1594// 1595//
f 1565// 1564// 1596//
f 1597// 1476// 1478//
f 1590// 1598// 1599//
f 1591// 1599// 1600//
f 1601// 1602// 1366//
f 1591// 1603// 1592//
f 1599// 1591// 1590//
f 1593// 1603// 1594//
f 1603// 1593// 1592//
f 1366// 1602// 1531//
f 1555// 1557// 1604//
f 1585// 1595// 1594//
f 1587// 1605// 1606//
f 1607// 1608// 1609//
f 1585// 1594// 1586//
f 1585// 1610// 1611//
f 1612// 1606// 1589//
f 1588// 1613// 1614//
f 1615// 1616// 1617//
f 1618// 1619// 1620//
f 1570// 1621// 1553//
f 1478// 1477// 1553//
f 1580// 1622// 1597//
f 1565// 1622// 1580//
f 1622// 1476// 1597//
f 1623// 1624// 1625//
f 1626// 1627// 1628//
f 1511// 1353// 1629//
f 1366// 1630// 1559//
f 1526// 1531// 1609//
f 1605// 1631// 1606//
f 1632// 1511// 1629//
f 1354// 1353// 1533//
f 1518// 1353// 1519//
f 1633// 1532// 1518//
f 1518// 1520// 1633//
f 1518// 1470// 1350//
f 1518// 1513// 1358//
f 1358// 1360// 1366//
f 1609// 1634// 1635//
f 1555// 1636// 1556//
f 1531// 1602// 1637//
f 1531// 1637// 1638//
f 1500// 1639// 1516//
f 1640// 1641// 1642//
f 1366// 1558// 1601//
f 1643// 1536// 1360//
f 1644// 1360// 1645//
f 1646// 1367// 1366//
f 1366// 1374// 1630//
f 1647// 1366// 1648//
f 1647// 1646// 1366//
f 1648// 1360// 1644//
f 1648// 1366// 1360//
f 1535// 1645// 1360//
f 1649// 1536// 1643//
f 1372// 1643// 1373//
f 1361// 1650// 1500//
f 1500// 1651// 1356//
f 1611// 1612// 1604//
f 1609// 1652// 1605//
f 1631// 1605// 1652//
f 1653// 1654// 1609//
f 1609// 1654// 1652//
f 1635// 1655// 1609//
f 1609// 1655// 1653//
f 1634// 1609// 1656//
f 1657// 1656// 1531//
f 1609// 1531// 1656//
f 1638// 1657// 1531//
f 1582// 1658// 1659//
f 1502// 1498// 1500//
f 1501// 1500// 1515//
f 1588// 1660// 1589//
f 1641// 1588// 1536//
f 1536// 1649// 1641//
f 1555// 1372// 1661//
f 1641// 1649// 1642//
f 1372// 1371// 1662//
f 1361// 1500// 1356//
f 1659// 1663// 1583//
f 1499// 1498// 1664//
f 1555// 1604// 1612//
f 1660// 1588// 1614//
f 1589// 1660// 1612//
f 1664// 1498// 1502//
f 1500// 1650// 1665//
f 1639// 1500// 1666//
f 1665// 1666// 1500//
f 1498// 1473// 1667//
f 1498// 1497// 1473//
f 1628// 1667// 1668//
f 1669// 1651// 1670//
f 1671// 1617// 1672//
f 1636// 1673// 1674//
f 1675// 1676// 1615//
f 1661// 1677// 1555//
f 1678// 1679// 1680//
f 1681// 1682// 1679//
f 1617// 1616// 1672//
f 1683// 1684// 1685//
f 1615// 1676// 1616//
f 1686// 1651// 1687//
f 1688// 1689// 1675//
f 1689// 1676// 1675//
f 1690// 1691// 1692//
f 1688// 1693// 1689//
f 1682// 1694// 1687//
f 1692// 1693// 1695//
f 1695// 1690// 1692//
f 1686// 1670// 1651//
f 1688// 1696// 1693//
f 1695// 1693// 1696//
f 1651// 1669// 1697//
f 1698// 1699// 1688//
f 1688// 1699// 1696//
f 1700// 1698// 1688//
f 1651// 1701// 1373//
f 1662// 1702// 1372//
f 1698// 1700// 1703//
f 1372// 1702// 1661//
f 1700// 1661// 1703//
f 1661// 1702// 1703//
f 1356// 1373// 1360//
f 1360// 1373// 1643//
f 1651// 1373// 1356//
f 1651// 1704// 1701//
f 1651// 1697// 1704//
f 1686// 1687// 1694//
f 1682// 1681// 1694//
f 1679// 1682// 1680//
f 1705// 1627// 1626//
f 1674// 1624// 1623//
f 1636// 1555// 1706//
f 1555// 1677// 1706//
f 1492// 1491// 1707//
f 1542// 1560// 1444//
f 1708// 1683// 1709//
f 1680// 1667// 1678//
f 1680// 1498// 1667//
f 1709// 1683// 1685//
f 1667// 1628// 1678//
f 1497// 1471// 1473//
f 1443// 1439// 1444//
f 1618// 1620// 1710//
f 1711// 1712// 1713//
f 1582// 1659// 1583//
f 1618// 1711// 1683//
f 1673// 1636// 1706//
f 1563// 1714// 1552//
f 1628// 1668// 1626//
f 1625// 1624// 1554//
f 1621// 1715// 1554//
f 1623// 1636// 1674//
f 1553// 1621// 1554//
f 1716// 1659// 1658//
f 1618// 1710// 1717//
f 1711// 1713// 1716//
f 1659// 1716// 1713//
f 1711// 1618// 1712//
f 1618// 1717// 1712//
f 1710// 1718// 1717//
f 1492// 1719// 1710//
f 1718// 1710// 1719//
f 1493// 1541// 1720//
f 1492// 1707// 1719//
f 1569// 1568// 1540//
f 1569// 1572// 1567//
f 1568// 1721// 1540//
f 1722// 1541// 1723//
f 1714// 1553// 1552//
f 1575// 1569// 1724//
f 1722// 1720// 1541//
f 1572// 1569// 1575//
f 1625// 1554// 1715//
f 1705// 1673// 1706//
f 1706// 1627// 1705//
f 1667// 1685// 1668//
f 1683// 1711// 1684//
f 1685// 1684// 1668//
f 1577// 1725// 1578//
f 1579// 1587// 1606//
f 1611// 1610// 1573//
f 1562// 1726// 1494//
f 1610// 1571// 1573//
f 1584// 1610// 1585//
f 1611// 1727// 1585//
f 1631// 1589// 1606//
f 1604// 1727// 1611//
f 1612// 1611// 1606//
f 1576// 1728// 1574//
f 1608// 1729// 1730//
f 1541// 1540// 1552//
f 1576// 1575// 1724//
f 1726// 1562// 1608//
f 1540// 1444// 1438//
f 1540// 1493// 1492//
f 1492// 1444// 1540//
f 1721// 1563// 1540//
f 1424// 1731// 1540//
f 1540// 1438// 1424//
f 1508// 1494// 1732//
f 1731// 1424// 1732//
f 1424// 1508// 1732//
f 1495// 1494// 1545//
f 1608// 1730// 1726//
f 1607// 1729// 1608//
f 1605// 1607// 1609//
f 20// 19// 1733//
f 20// 1734// 111//
f 1734// 20// 1733//
f 1735// 11// 111//
f 111// 1734// 1735//
f 112// 11// 1736//
f 1735// 1736// 11//
f 112// 1737// 163//
f 1737// 112// 1736//
f 1738// 159// 163//
f 163// 1737// 1738//
f 157// 159// 1739//
f 1738// 1739// 159//
f 1740// 122// 157//
f 1740// 157// 1739//
f 17// 1741// 19//
f 1733// 19// 1741//
f 1742// 17// 16//
f 17// 1742// 1741//
f 16// 25// 1743//
f 1743// 1742// 16//
f 24// 1744// 25//
f 1743// 25// 1744//
f 1745// 24// 105//
f 24// 1745// 1744//
f 105// 22// 1746//
f 1746// 1745// 105//
f 103// 1747// 22//
f 1746// 22// 1747//
f 103// 1332// 1747//
f 1748// 1328// 1327//
f 1329// 1328// 1749//
f 1748// 1749// 1328//
f 1329// 1750// 1330//
f 1750// 1329// 1749//
f 1751// 1331// 1330//
f 1330// 1750// 1751//
f 1332// 1331// 1752//
f 1751// 1752// 1331//
f 1332// 1753// 1747//
f 1753// 1332// 1752//
f 1754// 1746// 1747//
f 1747// 1753// 1754//
f 1745// 1746// 1755//
f 1754// 1755// 1746//
f 1745// 1756// 1744//
f 1756// 1745// 1755//
f 1757// 1743// 1744//
f 1744// 1756// 1757//
f 1758// 1742// 1757//
f 1743// 1757// 1742//
f 1741// 1758// 1759//
f 1758// 1741// 1742//
f 1759// 1760// 1733//
f 1733// 1741// 1759//
f 1761// 1734// 1760//
f 1733// 1760// 1734//
f 1735// 1761// 1762//
f 1761// 1735// 1734//
f 1762// 1763// 1736//
f 1736// 1735// 1762//
f 1764// 1737// 1763//
f 1736// 1763// 1737//
f 1738// 1764// 1765//
f 1764// 1738// 1737//
f 1739// 1738// 1765//
f 1748// 1327// 1766//
f 1326// 1767// 1766//
f 1766// 1327// 1326//
f 1767// 1325// 1324//
f 1326// 1325// 1767//
f 1324// 1323// 1768//
f 1768// 1767// 1324//
f 1322// 1769// 1323//
f 1768// 1323// 1769//
f 1770// 1322// 1320//
f 1322// 1770// 1769//
f 1320// 1319// 1771//
f 1771// 1770// 1320//
f 1321// 1772// 1319//
f 1771// 1319// 1772//
f 1773// 1321// 1316//
f 1321// 1773// 1772//
f 1316// 1317// 1774//
f 1774// 1773// 1316//
f 1318// 1775// 1317//
f 1774// 1317// 1775//
f 1776// 1318// 1314//
f 1318// 1776// 1775//
f 1314// 1313// 1777//
f 1777// 1776// 1314//
f 1315// 1778// 1313//
f 1777// 1313// 1778//
f 1779// 1315// 1311//
f 1315// 1779// 1778//
f 1311// 1310// 1780//
f 1780// 1779// 1311//
f 1780// 1310// 1288//
f 1310// 1287// 1288//
f 1781// 156// 7//
f 148// 1782// 149//
f 7// 6// 1783//
f 170// 1784// 151//
f 1785// 1786// 1787//
f 6// 154// 1788//
f 1788// 154// 152//
f 1789// 1790// 1791//
f 1783// 1792// 7//
f 1781// 1793// 158//
f 1794// 1795// 1796//
f 1794// 1797// 1795//
f 1798// 1799// 1800//
f 1799// 1798// 1801//
f 1802// 160// 1793//
f 164// 1802// 1803//
f 1802// 164// 161//
f 162// 1803// 1804//
f 168// 1805// 169//
f 1804// 1806// 165//
f 1785// 1787// 1807//
f 1790// 1786// 1791//
f 1791// 1786// 1785//
f 1797// 1789// 1795//
f 1795// 1789// 1791//
f 1782// 148// 172//
f 173// 143// 1801//
f 1795// 1799// 1796//
f 174// 1801// 143//
f 1808// 1809// 1799//
f 1799// 1809// 1796//
f 1801// 174// 176//
f 176// 1808// 1799//
f 1801// 176// 1799//
f 173// 1801// 145//
f 172// 145// 1782//
f 1801// 1782// 145//
f 170// 149// 1784//
f 1784// 149// 1782//
f 1788// 152// 1784//
f 1784// 152// 151//
f 1788// 1783// 6//
f 1792// 1781// 7//
f 158// 1793// 160//
f 1781// 158// 156//
f 160// 1802// 161//
f 1803// 162// 164//
f 165// 162// 1804//
f 168// 165// 1806//
f 168// 1806// 1805//
f 1805// 1206// 169//
f 1206// 166// 169//
f 1810// 1811// 1812//
f 1813// 1814// 1815//
f 1816// 1817// 1818//
f 1819// 1820// 1821//
f 1822// 1823// 1824//
f 1825// 1826// 1827//
f 1828// 1829// 1827//
f 1830// 1825// 1831//
f 1830// 1826// 1825//
f 1832// 1833// 1825//
f 1831// 1825// 1833//
f 1834// 1833// 1832//
f 1826// 1835// 1827//
f 1828// 1836// 1829//
f 1835// 1828// 1827//
f 1819// 1829// 1837//
f 1836// 1837// 1829//
f 1820// 1819// 1838//
f 1819// 1837// 1838//
f 1819// 1821// 1839//
f 1840// 1839// 1841//
f 1839// 1821// 1841//
f 1840// 1823// 1822//
f 1822// 1839// 1840//
f 1842// 1822// 1824//
f 1843// 1844// 1842//
f 1843// 1842// 1824//
f 1815// 1844// 1813//
f 1844// 1815// 1842//
f 1845// 1815// 1814//
f 1816// 1845// 1846//
f 1845// 1816// 1815//
f 1817// 1847// 1818//
f 1846// 1817// 1816//
f 1811// 1818// 1848//
f 1847// 1848// 1818//
f 1811// 1810// 1150//
f 1811// 1848// 1812//
f 1151// 1150// 1810//
f 1849// 1850// 1851//
f 1849// 1851// 1852//
f 1853// 1854// 1850//
f 1850// 1849// 1853//
f 1855// 1856// 1857//
f 1857// 1858// 1855//
f 1859// 1860// 1861//
f 1859// 1861// 1862//
f 1863// 1864// 1865//
f 1864// 1863// 1866//
f 1867// 1864// 1868//
f 1864// 1867// 1865//
f 1869// 1870// 1871//
f 1869// 1872// 1870//
f 1873// 1870// 1872//
f 1872// 1874// 1873//
f 1873// 1875// 1876//
f 1874// 1875// 1873//
f 1877// 1876// 1875//
f 1876// 1877// 1878//
f 1879// 1880// 1881//
f 1879// 1882// 1880//
f 1883// 1882// 1884//
f 1883// 1880// 1882//
f 1885// 1886// 1887//
f 1888// 1889// 1890//
f 1889// 1891// 1890//
f 1886// 1885// 1891//
f 1889// 1886// 1891//
f 1892// 1893// 1888//
f 1883// 1893// 1892//
f 1892// 1888// 1890//
f 1883// 1884// 1893//
f 1887// 1894// 1885//
f 1895// 1894// 1896//
f 1887// 1896// 1894//
f 1897// 1898// 1895//
f 1895// 1896// 1897//
f 1898// 1899// 1900//
f 1899// 1898// 1897//
f 1899// 1901// 1900//
f 1900// 1901// 1902//
f 1901// 1903// 1902//
f 1903// 1901// 1904//
f 1905// 1906// 1907//
f 1905// 1908// 1909//
f 1908// 1905// 1907//
f 1910// 1911// 1909//
f 1909// 1908// 1910//
f 1912// 1911// 1913//
f 1910// 1913// 1911//
f 1914// 1912// 1913//
f 1915// 1907// 1906//
f 1916// 1915// 1917//
f 1906// 1917// 1915//
f 1916// 1918// 1919//
f 1918// 1916// 1917//
f 1920// 1904// 1919//
f 1919// 1918// 1920//
f 1920// 1903// 1904//
f 1921// 1922// 1912//
f 1923// 1921// 1914//
f 1912// 1914// 1921//
f 1924// 1925// 1926//
f 1925// 1924// 1927//
f 1928// 1929// 1930//
f 1931// 1930// 1929//
f 1930// 1931// 1932//
f 1933// 1932// 1934//
f 1931// 1934// 1932//
f 1933// 1934// 1935//
f 1928// 1936// 1929//
f 1928// 1937// 1936//
f 1938// 1937// 1939//
f 1937// 1938// 1936//
f 1939// 1940// 1941//
f 1941// 1938// 1939//
f 1941// 1940// 1924//
f 1940// 1927// 1924//
f 1942// 1933// 1935//
f 1942// 1943// 1933//
f 1944// 1945// 1946//
f 1945// 1944// 1947//
f 1948// 1949// 1950//
f 1949// 1948// 1951//
f 1952// 1953// 1954//
f 1952// 1955// 1953//
f 1956// 1957// 1958//
f 1957// 1956// 1959//
f 1960// 1961// 1962//
f 1960// 1963// 1957//
f 1962// 1963// 1960//
f 1958// 1957// 1964//
f 1957// 1963// 1964//
f 1965// 1966// 1967//
f 1966// 1965// 1968//
f 1968// 1965// 1969//
f 1968// 1969// 1970//
f 1966// 1968// 1971//
f 1968// 1972// 1971//
f 1968// 1970// 1972//
f 1973// 1974// 1975//
f 1973// 1976// 1974//
f 1976// 1977// 1978//
f 1976// 1978// 1974//
f 1979// 1980// 1981//
f 1980// 1979// 1982//
f 1983// 1984// 1985//
f 1983// 1985// 1986//
f 1987// 1988// 1989//
f 1988// 1987// 1984//
f 1990// 1987// 1989//
f 1990// 1989// 1991//
f 1990// 1991// 1992//
f 1993// 1986// 1985//
f 1983// 1988// 1984//
f 1993// 1994// 1995//
f 1995// 1986// 1993//
f 1995// 1994// 1996//
f 1997// 1998// 1999//
f 1997// 1999// 2000//
f 2001// 2002// 2003//
f 2002// 2001// 2004//
f 2005// 2006// 2007//
f 2008// 2009// 2010//
f 2009// 2005// 2007//
f 2011// 2012// 2013//
f 2013// 2008// 2014//
f 2006// 2005// 2015//
f 2016// 2017// 2018//
f 2017// 2016// 2019//
f 2020// 2021// 2018//
f 2018// 2017// 2020//
f 2022// 2021// 2023//
f 2020// 2023// 2021//
f 2022// 2023// 2024//
f 2024// 2025// 2026//
f 2026// 2022// 2024//
f 2027// 2028// 2025//
f 2026// 2025// 2028//
f 2029// 2027// 2030//
f 2027// 2029// 2028//
f 2030// 2031// 2032//
f 2032// 2029// 2030//
f 2033// 2034// 2031//
f 2032// 2031// 2034//
f 2035// 2033// 2036//
f 2033// 2035// 2034//
f 2037// 2038// 2039//
f 2008// 2010// 2014//
f 2012// 2011// 2040//
f 2040// 2041// 2042//
f 2038// 2043// 2015//
f 2041// 2044// 2045//
f 2046// 2019// 2047//
f 2016// 2047// 2019//
f 2046// 2048// 2044//
f 2048// 2046// 2047//
f 2044// 2048// 2045//
f 2041// 2045// 2042//
f 2040// 2042// 2012//
f 2014// 2011// 2013//
f 2009// 2007// 2010//
f 2006// 2015// 2043//
f 2038// 2037// 2043//
f 2039// 2049// 2050//
f 2050// 2037// 2039//
f 2051// 2052// 2049//
f 2050// 2049// 2052//
f 2053// 2051// 2054//
f 2051// 2053// 2052//
f 2054// 2055// 2056//
f 2056// 2053// 2054//
f 2057// 2058// 2055//
f 2056// 2055// 2058//
f 2057// 2059// 2058//
f 2060// 2061// 2057//
f 2057// 2062// 2059//
f 2061// 2062// 2057//
f 2063// 2060// 2057//
f 2064// 2063// 2065//
f 2064// 2060// 2063//
f 2066// 2063// 2067//
f 2066// 2065// 2063//
f 2063// 2068// 2069//
f 2069// 2067// 2063//
f 2068// 2070// 2071//
f 2069// 2068// 2071//
f 2070// 2068// 2072//
f 2073// 2074// 2075//
f 2068// 2076// 2077//
f 2074// 2073// 2078//
f 2074// 2079// 2075//
f 2068// 2080// 2081//
f 2075// 2082// 2083//
f 2079// 2082// 2075//
f 2075// 2084// 2085//
f 2083// 2084// 2075//
f 2075// 2086// 2087//
f 2085// 2086// 2075//
f 2075// 2088// 2089//
f 2087// 2088// 2075//
f 2075// 2090// 2091//
f 2089// 2090// 2075//
f 2075// 2092// 2093//
f 2091// 2092// 2075//
f 2094// 2095// 2068//
f 2093// 2094// 2075//
f 2068// 2075// 2094//
f 2068// 2096// 2097//
f 2095// 2096// 2068//
f 2097// 2080// 2068//
f 2098// 2099// 2068//
f 2098// 2068// 2081//
f 2076// 2068// 2099//
f 2100// 2101// 2068//
f 2100// 2068// 2077//
f 2102// 2103// 2068//
f 2102// 2068// 2101//
f 2104// 2072// 2068//
f 2104// 2068// 2103//
f 2105// 2106// 2035//
f 2105// 2035// 2036//
f 2107// 2035// 2106//
f 2108// 2107// 2109//
f 2107// 2108// 2035//
f 2108// 2110// 2111//
f 2109// 2110// 2108//
f 2108// 2112// 2113//
f 2111// 2112// 2108//
f 2114// 2115// 2075//
f 2114// 2075// 2113//
f 1209// 1208// 2115//
f 2073// 2075// 2115//
f 1208// 2073// 2115//
f 2108// 2113// 2075//
f 2116// 1370// 2117//
f 2116// 2118// 1370//
f 2119// 2120// 2121//
f 2120// 2119// 2122//
f 2123// 2124// 2125//
f 2123// 2125// 2126//
f 2127// 2126// 2128//
f 2126// 2129// 2130//
f 2130// 2123// 2126//
f 2127// 2129// 2126//
f 2131// 2130// 2129//
f 2129// 2132// 2131//
f 2131// 2133// 2134//
f 2131// 2132// 2133//
f 2135// 2136// 2137//
f 2135// 2138// 2136//
f 2139// 2140// 2141//
f 2142// 2143// 2141//
f 2139// 2141// 2143//
f 2142// 2134// 2133//
f 2133// 2143// 2142//
f 2140// 2144// 2145//
f 2144// 2140// 2139//
f 2137// 2145// 2146//
f 2144// 2146// 2145//
f 2137// 2146// 2135//
f 2132// 2147// 2148//
f 2147// 2149// 2148//
f 2143// 2122// 2139//
f 2147// 2129// 2127//
f 2148// 2150// 2151//
f 2129// 2147// 2132//
f 2152// 2148// 2153//
f 2148// 2151// 2153//
f 2148// 2152// 2154//
f 2155// 2156// 2148//
f 2155// 2148// 2154//
f 2157// 2158// 2148//
f 2157// 2148// 2156//
f 2159// 2160// 2148//
f 2159// 2148// 2158//
f 2148// 2120// 2132//
f 2120// 2148// 2160//
f 2120// 2122// 2132//
f 2122// 2161// 2135//
f 2132// 2122// 2133//
f 2146// 2144// 2135//
f 2161// 2138// 2135//
f 2135// 2139// 2122//
f 2139// 2135// 2144//
f 2122// 2143// 2133//
f 2162// 2149// 2147//
f 2162// 2163// 2149//
f 2148// 2149// 2163//
f 2148// 2163// 2164//
f 2165// 2164// 2163//
f 2163// 2166// 2167//
f 2163// 2167// 2168//
f 2163// 2168// 2165//
f 2163// 2169// 2170//
f 2166// 2163// 2170//
f 2163// 2171// 2172//
f 2169// 2163// 2172//
f 2173// 2162// 2174//
f 2171// 2163// 2173//
f 2175// 2162// 2116//
f 2175// 2174// 2162//
f 2118// 2116// 2162//
f 2173// 2163// 2162//
f 2176// 2177// 2175//
f 2116// 2117// 2176//
f 2174// 2178// 2179//
f 2180// 2174// 2175//
f 2173// 2181// 2171//
f 2179// 2182// 2173//
f 2183// 2184// 2171//
f 2181// 2185// 2171//
f 2186// 2169// 2172//
f 2187// 2172// 2184//
f 2188// 2170// 2189//
f 2169// 2190// 2189//
f 2191// 2167// 2166//
f 2192// 2166// 2170//
f 2193// 2194// 2168//
f 2167// 2195// 2196//
f 2165// 2197// 2164//
f 2165// 2194// 2198//
f 2150// 2199// 2200//
f 2148// 2201// 2150//
f 2202// 2203// 2153//
f 2202// 2151// 2204//
f 2205// 2152// 2206//
f 2152// 2153// 2207//
f 2208// 2154// 2209//
f 2154// 2152// 2205//
f 2208// 2210// 2155//
f 2155// 2154// 2208//
f 2211// 2212// 2156//
f 2211// 2155// 2210//
f 2156// 2213// 2157//
f 2213// 2156// 2212//
f 2157// 2214// 2215//
f 2213// 2214// 2157//
f 2158// 2157// 2216//
f 2215// 2216// 2157//
f 2217// 2158// 2218//
f 2158// 2216// 2218//
f 2217// 2219// 2159//
f 2159// 2158// 2217//
f 2159// 2220// 2160//
f 2220// 2159// 2219//
f 2160// 2221// 2222//
f 2220// 2221// 2160//
f 2222// 2121// 2120//
f 2160// 2222// 2120//
f 2223// 2224// 2222//
f 2222// 2224// 2121//
f 2155// 2211// 2156//
f 2223// 2222// 2225//
f 2207// 2206// 2152//
f 2205// 2209// 2154//
f 2203// 2207// 2153//
f 2153// 2151// 2202//
f 2151// 2150// 2200//
f 2204// 2151// 2200//
f 2201// 2199// 2150//
f 2165// 2168// 2194//
f 2197// 2165// 2198//
f 2195// 2167// 2191//
f 2167// 2196// 2168//
f 2188// 2192// 2170//
f 2191// 2166// 2226//
f 2186// 2190// 2169//
f 2197// 2201// 2164//
f 2201// 2148// 2164//
f 2193// 2168// 2196//
f 2166// 2192// 2226//
f 2189// 2170// 2169//
f 2184// 2172// 2171//
f 2187// 2186// 2172//
f 2181// 2173// 2182//
f 2171// 2185// 2183//
f 2174// 2180// 2178//
f 2173// 2174// 2179//
f 2175// 2116// 2176//
f 2180// 2175// 2177//
f 2194// 2200// 2198//
f 2117// 2227// 2228//
f 2199// 2201// 2198//
f 2201// 2197// 2198//
f 2194// 2204// 2200//
f 2198// 2200// 2199//
f 2204// 2193// 2202//
f 2193// 2204// 2194//
f 2196// 2203// 2202//
f 2202// 2193// 2196//
f 2207// 2203// 2195//
f 2196// 2195// 2203//
f 2207// 2191// 2206//
f 2191// 2207// 2195//
f 2226// 2205// 2206//
f 2206// 2191// 2226//
f 2192// 2205// 2226//
f 2192// 2188// 2209//
f 2209// 2205// 2192//
f 2189// 2208// 2188//
f 2209// 2188// 2208//
f 2210// 2189// 2190//
f 2189// 2210// 2208//
f 2190// 2186// 2211//
f 2211// 2210// 2190//
f 2187// 2212// 2186//
f 2211// 2186// 2212//
f 2213// 2187// 2184//
f 2187// 2213// 2212//
f 2184// 2183// 2214//
f 2214// 2213// 2184//
f 2185// 2215// 2183//
f 2214// 2183// 2215//
f 2185// 2216// 2215//
f 2181// 2218// 2216//
f 2216// 2185// 2181//
f 2217// 2218// 2182//
f 2181// 2182// 2218//
f 2217// 2179// 2219//
f 2179// 2217// 2182//
f 2178// 2220// 2219//
f 2219// 2179// 2178//
f 2221// 2220// 2180//
f 2178// 2180// 2220//
f 2221// 2177// 2222//
f 2177// 2221// 2180//
f 2176// 2225// 2222//
f 2222// 2177// 2176//
f 2228// 2225// 2117//
f 2176// 2117// 2225//
f 2229// 2227// 1370//
f 1355// 2229// 1370//
f 2117// 1370// 2227//
f 1357// 2229// 1355//
f 2229// 1357// 2227//
f 1357// 2225// 2228//
f 2227// 1357// 2228//
f 2230// 2231// 1356//
f 1356// 1360// 2230//
f 2232// 2233// 2234//
f 2232// 2234// 2235//
f 2236// 2237// 2232//
f 2238// 2236// 2232//
f 2239// 2238// 2240//
f 2239// 2236// 2238//
f 2237// 2233// 2232//
f 2241// 2242// 2243//
f 2243// 2244// 2241//
f 2245// 2244// 2243//
f 2246// 2245// 2247//
f 2245// 2243// 2247//
f 2246// 2247// 2248//
f 2245// 2249// 2250//
f 2240// 2245// 2246//
f 2238// 2249// 2245//
f 2238// 2245// 2240//
f 2251// 2244// 2245//
f 2251// 2245// 2250//
f 2252// 2244// 2251//
f 2244// 2253// 2254//
f 2254// 2241// 2244//
f 2252// 2253// 2244//
f 2255// 2256// 2257//
f 2255// 2258// 2256//
f 2042// 284// 245//
f 282// 253// 2042//
f 2042// 253// 252//
f 226// 224// 249//
f 2042// 245// 282//
f 243// 229// 236//
f 239// 223// 240//
f 238// 236// 229//
f 234// 236// 238//
f 243// 240// 233//
f 243// 233// 229//
f 223// 239// 224//
f 233// 240// 223//
f 239// 249// 224//
f 226// 248// 219//
f 249// 248// 226//
f 284// 220// 219//
f 219// 248// 284//
f 221// 220// 2042//
f 284// 2042// 220//
f 217// 216// 2042//
f 2042// 216// 221//
f 2042// 181// 217//
f 2259// 2260// 2261//
f 2262// 2263// 2264//
f 2265// 2266// 2267//
f 2268// 1143// 2269//
f 2262// 2264// 2270//
f 883// 889// 2271//
f 883// 2271// 2263//
f 2263// 2271// 2264//
f 2267// 2272// 2260//
f 2273// 2267// 2260//
f 2274// 2275// 2272//
f 2274// 2276// 2277//
f 2278// 2279// 2280//
f 2281// 2282// 2283//
f 2279// 2284// 2285//
f 2281// 2283// 2286//
f 2287// 2283// 2282//
f 2288// 2289// 2290//
f 2291// 2292// 2293//
f 2294// 2295// 2296//
f 2297// 2288// 2298//
f 2299// 2300// 2301//
f 2295// 2302// 2303//
f 2304// 2305// 2306//
f 2306// 2305// 2307//
f 2308// 2309// 2310//
f 2306// 2307// 2311//
f 2312// 2313// 2314//
f 2315// 2316// 2317//
f 2318// 2319// 2320//
f 2321// 2319// 2322//
f 2323// 2324// 2325//
f 2326// 2319// 2327//
f 2328// 2329// 2323//
f 2330// 2328// 2325//
f 2331// 2332// 2333//
f 2334// 2331// 2335//
f 2334// 2335// 2336//
f 2331// 2337// 2335//
f 141// 967// 139//
f 2338// 2339// 2340//
f 2341// 2342// 141//
f 2342// 2341// 2343//
f 2344// 2343// 2345//
f 2346// 2345// 2343//
f 2331// 2334// 2332//
f 2347// 2331// 2333//
f 973// 2348// 2349//
f 2350// 2349// 2351//
f 2352// 2353// 2348//
f 970// 968// 2352//
f 970// 2348// 973//
f 2336// 2354// 2329//
f 2333// 2355// 2356//
f 2326// 2330// 2320//
f 2357// 2358// 2359//
f 2360// 2327// 2321//
f 2320// 2325// 2361//
f 2313// 2360// 2362//
f 2321// 2327// 2319//
f 2363// 2362// 2321//
f 2364// 2312// 2365//
f 2360// 2321// 2362//
f 2366// 2365// 2367//
f 2366// 2308// 2364//
f 2310// 2368// 2311//
f 2309// 2366// 2369//
f 2306// 2368// 2370//
f 2368// 2309// 2371//
f 2372// 2373// 2374//
f 2307// 2305// 2372//
f 2374// 2375// 2300//
f 2376// 2373// 2305//
f 2375// 2377// 2301//
f 2378// 2379// 2376//
f 2380// 2381// 2301//
f 2381// 2303// 2299//
f 2381// 2382// 2295//
f 2302// 2294// 2383//
f 2384// 2294// 2385//
f 2384// 2298// 2383//
f 2294// 2384// 2383//
f 2297// 2384// 2386//
f 2290// 2387// 2292//
f 2384// 2297// 2298//
f 2387// 2388// 2293//
f 2389// 2390// 2391//
f 2392// 2393// 2293//
f 2393// 2286// 2291//
f 2281// 2394// 2282//
f 2393// 2395// 2281//
f 2396// 2397// 2282//
f 2397// 2398// 2287//
f 2282// 2397// 2287//
f 2399// 2285// 2398//
f 2277// 2284// 2278//
f 2400// 2401// 2402//
f 2274// 2278// 2403//
f 2276// 2272// 2267//
f 2404// 2273// 2259//
f 2272// 2405// 2260//
f 2273// 2260// 2259//
f 2406// 2404// 2407//
f 2408// 2409// 2410//
f 2406// 2411// 2268//
f 2411// 1144// 2268//
f 1143// 2268// 1144//
f 2411// 2409// 1145//
f 1145// 1144// 2411//
f 879// 878// 2412//
f 2408// 878// 2409//
f 881// 2263// 2269//
f 2263// 881// 883//
f 2270// 2413// 2262//
f 881// 2269// 1143//
f 2270// 2414// 2413//
f 2415// 2408// 2410//
f 2269// 2416// 2268//
f 1145// 2409// 878//
f 2406// 2407// 2411//
f 878// 2408// 2412//
f 2409// 2407// 2410//
f 2417// 2412// 2408//
f 2269// 2262// 2416//
f 2263// 2262// 2269//
f 2418// 2419// 2420//
f 2268// 2416// 2406//
f 2421// 2414// 2422//
f 2411// 2407// 2409//
f 2404// 2406// 2423//
f 2415// 2261// 2424//
f 2404// 2259// 2407//
f 2408// 2415// 2417//
f 2415// 2410// 2261//
f 2425// 2417// 2415//
f 2416// 2413// 2423//
f 2413// 2416// 2262//
f 2421// 2422// 2426//
f 2416// 2423// 2406//
f 2427// 2423// 2421//
f 2407// 2259// 2410//
f 2404// 2423// 2427//
f 2428// 2424// 2429//
f 2424// 2425// 2415//
f 2410// 2259// 2261//
f 2424// 2261// 2405//
f 2428// 2425// 2424//
f 2423// 2413// 2421//
f 2414// 2421// 2413//
f 2430// 2431// 2432//
f 2404// 2427// 2273//
f 2426// 2265// 2427//
f 2272// 2276// 2274//
f 2273// 2265// 2267//
f 2433// 2429// 2434//
f 2424// 2405// 2429//
f 2261// 2260// 2405//
f 2429// 2405// 2275//
f 2428// 2429// 2433//
f 2421// 2426// 2427//
f 2422// 2419// 2426//
f 2420// 2435// 2418//
f 2427// 2265// 2273//
f 2266// 2265// 2418//
f 2275// 2403// 2434//
f 2267// 2266// 2276//
f 2436// 2434// 2437//
f 2429// 2275// 2434//
f 2405// 2272// 2275//
f 2275// 2274// 2403//
f 2433// 2434// 2436//
f 2265// 2426// 2418//
f 2419// 2418// 2426//
f 2431// 2438// 2439//
f 2440// 2350// 2441//
f 2435// 2442// 2266//
f 2280// 2437// 2403//
f 2276// 2442// 2277//
f 2443// 2437// 2444//
f 2278// 2274// 2277//
f 2280// 2403// 2278//
f 2436// 2437// 2443//
f 2434// 2403// 2437//
f 2418// 2435// 2266//
f 2420// 2430// 2435//
f 2445// 2277// 2442//
f 2266// 2442// 2276//
f 2432// 2445// 2442//
f 2402// 2444// 2400//
f 2277// 2445// 2284//
f 2446// 2444// 2447//
f 2279// 2278// 2284//
f 2400// 2280// 2279//
f 2443// 2444// 2446//
f 2437// 2280// 2444//
f 2442// 2435// 2432//
f 2430// 2432// 2435//
f 2448// 2449// 2450//
f 2431// 2439// 2432//
f 2451// 2445// 2439//
f 2452// 2402// 2401//
f 2445// 2451// 2284//
f 2280// 2400// 2444//
f 2285// 2399// 2279//
f 2444// 2402// 2447//
f 2400// 2399// 2401//
f 2453// 2447// 2402//
f 2445// 2432// 2439//
f 2454// 2439// 2438//
f 2455// 2456// 2450//
f 2284// 2451// 2285//
f 2457// 2451// 2454//
f 2279// 2399// 2400//
f 2398// 2285// 2457//
f 2452// 2396// 2458//
f 2398// 2397// 2399//
f 2402// 2452// 2453//
f 2452// 2401// 2396//
f 2459// 2453// 2452//
f 2439// 2454// 2451//
f 2438// 2449// 2454//
f 2460// 2455// 2461//
f 2451// 2457// 2285//
f 2462// 2457// 2448//
f 2399// 2397// 2401//
f 2287// 2398// 2462//
f 2463// 2458// 2464//
f 2458// 2459// 2452//
f 2401// 2397// 2396//
f 2458// 2396// 2394//
f 2463// 2459// 2458//
f 2457// 2454// 2448//
f 2449// 2448// 2454//
f 2461// 2465// 2466//
f 2457// 2462// 2398//
f 2467// 2462// 2456//
f 2393// 2281// 2286//
f 2283// 2287// 2467//
f 2468// 2464// 2469//
f 2458// 2394// 2464//
f 2396// 2282// 2394//
f 2464// 2394// 2395//
f 2463// 2464// 2468//
f 2462// 2448// 2456//
f 2450// 2456// 2448//
f 2466// 2460// 2461//
f 2462// 2467// 2287//
f 2470// 2467// 2460//
f 2395// 2392// 2469//
f 2470// 2286// 2283//
f 2471// 2469// 2472//
f 2464// 2395// 2469//
f 2394// 2281// 2395//
f 2395// 2393// 2392//
f 2468// 2469// 2471//
f 2467// 2456// 2460//
f 2455// 2460// 2456//
f 2473// 2474// 2475//
f 2467// 2470// 2283//
f 2474// 2476// 2465//
f 2392// 2388// 2472//
f 2286// 2477// 2291//
f 2478// 2472// 2479//
f 2293// 2393// 2291//
f 2293// 2388// 2392//
f 2471// 2472// 2478//
f 2469// 2392// 2472//
f 2470// 2466// 2477//
f 2466// 2470// 2460//
f 2480// 2481// 2475//
f 2470// 2477// 2286//
f 2476// 2482// 2477//
f 2389// 2479// 2390//
f 2291// 2482// 2292//
f 2483// 2479// 2389//
f 2387// 2293// 2292//
f 2390// 2388// 2387//
f 2478// 2479// 2483//
f 2472// 2388// 2479//
f 2477// 2466// 2476//
f 2465// 2476// 2466//
f 2484// 2485// 2480//
f 2477// 2482// 2291//
f 2486// 2482// 2473//
f 2487// 2389// 2391//
f 2292// 2486// 2290//
f 2388// 2390// 2479//
f 2290// 2289// 2387//
f 2389// 2488// 2483//
f 2390// 2289// 2391//
f 2489// 2488// 2389//
f 2482// 2476// 2473//
f 2474// 2473// 2476//
f 2490// 2491// 2484//
f 2482// 2486// 2292//
f 2492// 2486// 2481//
f 2387// 2289// 2390//
f 2288// 2290// 2492//
f 2487// 2386// 2493//
f 2288// 2297// 2289//
f 2389// 2487// 2489//
f 2487// 2391// 2386//
f 2494// 2489// 2487//
f 2486// 2473// 2481//
f 2475// 2481// 2473//
f 2495// 2496// 2497//
f 2486// 2492// 2290//
f 2498// 2492// 2485//
f 2289// 2297// 2391//
f 2298// 2288// 2498//
f 2499// 2493// 2500//
f 2493// 2494// 2487//
f 2391// 2297// 2386//
f 2493// 2386// 2385//
f 2499// 2494// 2493//
f 2492// 2481// 2485//
f 2480// 2485// 2481//
f 2491// 2490// 2501//
f 2492// 2498// 2288//
f 2502// 2498// 2491//
f 2295// 2294// 2302//
f 2298// 2498// 2502//
f 2503// 2500// 2504//
f 2493// 2385// 2500//
f 2386// 2384// 2385//
f 2500// 2385// 2296//
f 2499// 2500// 2503//
f 2498// 2485// 2491//
f 2484// 2491// 2485//
f 2505// 2506// 2496//
f 2298// 2502// 2383//
f 2501// 2507// 2502//
f 2296// 2382// 2504//
f 2302// 2383// 2507//
f 2508// 2504// 2509//
f 2500// 2296// 2504//
f 2385// 2294// 2296//
f 2296// 2295// 2382//
f 2503// 2504// 2508//
f 2491// 2501// 2502//
f 2490// 2495// 2501//
f 2510// 2511// 2505//
f 2502// 2507// 2383//
f 2497// 2512// 2507//
f 2382// 2380// 2509//
f 2302// 2512// 2303//
f 2513// 2509// 2514//
f 2381// 2295// 2303//
f 2381// 2380// 2382//
f 2508// 2509// 2513//
f 2504// 2382// 2509//
f 2507// 2501// 2497//
f 2495// 2497// 2501//
f 2515// 2516// 2510//
f 2507// 2512// 2302//
f 2506// 2517// 2512//
f 2518// 2514// 2377//
f 2303// 2517// 2299//
f 2519// 2514// 2518//
f 2301// 2381// 2299//
f 2377// 2380// 2301//
f 2513// 2514// 2519//
f 2509// 2380// 2514//
f 2512// 2497// 2506//
f 2496// 2506// 2497//
f 2520// 2521// 2515//
f 2512// 2517// 2303//
f 2522// 2517// 2511//
f 2378// 2518// 2379//
f 2299// 2522// 2300//
f 2380// 2377// 2514//
f 2300// 2375// 2301//
f 2518// 2523// 2519//
f 2377// 2375// 2379//
f 2524// 2523// 2518//
f 2517// 2506// 2511//
f 2505// 2511// 2506//
f 2525// 2526// 2520//
f 2517// 2522// 2299//
f 2527// 2522// 2516//
f 2528// 2378// 2376//
f 2300// 2527// 2374//
f 2377// 2379// 2518//
f 2374// 2373// 2375//
f 2518// 2378// 2524//
f 2379// 2373// 2376//
f 2529// 2524// 2378//
f 2522// 2511// 2516//
f 2510// 2516// 2511//
f 2530// 2531// 2525//
f 2522// 2527// 2300//
f 2532// 2527// 2521//
f 2375// 2373// 2379//
f 2372// 2374// 2532//
f 2528// 2304// 2533//
f 2372// 2305// 2373//
f 2378// 2528// 2529//
f 2528// 2376// 2304//
f 2534// 2529// 2528//
f 2527// 2516// 2521//
f 2515// 2521// 2516//
f 2535// 2536// 2530//
f 2527// 2532// 2374//
f 2526// 2537// 2532//
f 2368// 2306// 2311//
f 2307// 2372// 2537//
f 2538// 2533// 2539//
f 2533// 2534// 2528//
f 2376// 2305// 2304//
f 2533// 2304// 2370//
f 2538// 2534// 2533//
f 2532// 2521// 2526//
f 2520// 2526// 2521//
f 2540// 2541// 2542//
f 2532// 2537// 2372//
f 2531// 2543// 2537//
f 2368// 2310// 2309//
f 2307// 2543// 2311//
f 2544// 2539// 2545//
f 2533// 2370// 2539//
f 2304// 2306// 2370//
f 2539// 2370// 2371//
f 2538// 2539// 2544//
f 2537// 2526// 2531//
f 2525// 2531// 2526//
f 2536// 2535// 2546//
f 2537// 2543// 2307//
f 2547// 2543// 2536//
f 2371// 2369// 2545//
f 2311// 2547// 2310//
f 2548// 2545// 2549//
f 2539// 2371// 2545//
f 2370// 2368// 2371//
f 2371// 2309// 2369//
f 2544// 2545// 2548//
f 2543// 2531// 2536//
f 2530// 2536// 2531//
f 2550// 2551// 2541//
f 2543// 2547// 2311//
f 2546// 2552// 2547//
f 2365// 2316// 2367//
f 2310// 2552// 2308//
f 2553// 2549// 2554//
f 2366// 2309// 2308//
f 2367// 2369// 2366//
f 2548// 2549// 2553//
f 2545// 2369// 2549//
f 2536// 2546// 2547//
f 2535// 2540// 2546//
f 2555// 2556// 2550//
f 2547// 2552// 2310//
f 2542// 2557// 2552//
f 2315// 2554// 2316//
f 2308// 2557// 2364//
f 2369// 2367// 2549//
f 2364// 2365// 2366//
f 2554// 2558// 2559//
f 2553// 2554// 2559//
f 2549// 2367// 2554//
f 2552// 2546// 2542//
f 2540// 2542// 2546//
f 2560// 2561// 2555//
f 2552// 2557// 2308//
f 2562// 2557// 2551//
f 2563// 2315// 2317//
f 2364// 2562// 2312//
f 2367// 2316// 2554//
f 2312// 2314// 2365//
f 2554// 2315// 2558//
f 2316// 2314// 2317//
f 2564// 2558// 2315//
f 2557// 2542// 2551//
f 2541// 2551// 2542//
f 2565// 2566// 2560//
f 2557// 2562// 2364//
f 2567// 2562// 2556//
f 2365// 2314// 2316//
f 2313// 2312// 2567//
f 2563// 2363// 2568//
f 2313// 2362// 2314//
f 2315// 2563// 2564//
f 2563// 2317// 2363//
f 2569// 2564// 2563//
f 2562// 2551// 2556//
f 2550// 2556// 2551//
f 2570// 2571// 2565//
f 2562// 2567// 2312//
f 2572// 2567// 2561//
f 2314// 2362// 2317//
f 2360// 2313// 2572//
f 2573// 2568// 2574//
f 2568// 2569// 2563//
f 2317// 2362// 2363//
f 2568// 2363// 2322//
f 2573// 2569// 2568//
f 2567// 2556// 2561//
f 2555// 2561// 2556//
f 2575// 2576// 2570//
f 2567// 2572// 2313//
f 2566// 2577// 2572//
f 2319// 2326// 2320//
f 2327// 2360// 2577//
f 2578// 2574// 2579//
f 2568// 2322// 2574//
f 2363// 2321// 2322//
f 2574// 2322// 2318//
f 2573// 2574// 2578//
f 2572// 2561// 2566//
f 2560// 2566// 2561//
f 2580// 2581// 2575//
f 2572// 2577// 2360//
f 2571// 2582// 2577//
f 2318// 2361// 2579//
f 2327// 2582// 2326//
f 2583// 2579// 2584//
f 2574// 2318// 2579//
f 2322// 2319// 2318//
f 2318// 2320// 2361//
f 2578// 2579// 2583//
f 2577// 2566// 2571//
f 2565// 2571// 2566//
f 2585// 2586// 2580//
f 2577// 2582// 2327//
f 2576// 2587// 2582//
f 2324// 2584// 2361//
f 2326// 2587// 2330//
f 2588// 2584// 2589//
f 2325// 2320// 2330//
f 2324// 2361// 2325//
f 2583// 2584// 2588//
f 2579// 2361// 2584//
f 2582// 2571// 2576//
f 2570// 2576// 2571//
f 2590// 2591// 2585//
f 2582// 2587// 2326//
f 2581// 2592// 2587//
f 2359// 2589// 2357//
f 2330// 2592// 2328//
f 2589// 2359// 2593//
f 2323// 2325// 2328//
f 2357// 2324// 2323//
f 2588// 2589// 2593//
f 2584// 2324// 2589//
f 2587// 2576// 2581//
f 2575// 2581// 2576//
f 2594// 2590// 2595//
f 2587// 2592// 2330//
f 2596// 2592// 2586//
f 2597// 2359// 2358//
f 2328// 2596// 2329//
f 2324// 2357// 2589//
f 2329// 2354// 2323//
f 2359// 2598// 2593//
f 2357// 2354// 2358//
f 2599// 2598// 2359//
f 2592// 2581// 2586//
f 2580// 2586// 2581//
f 2591// 2590// 2594//
f 2592// 2596// 2328//
f 2600// 2596// 2591//
f 2323// 2354// 2357//
f 2329// 2596// 2600//
f 2597// 2337// 2601//
f 2336// 2335// 2354//
f 2359// 2597// 2599//
f 2597// 2358// 2337//
f 2602// 2599// 2597//
f 2596// 2586// 2591//
f 2585// 2591// 2586//
f 2603// 2440// 2604//
f 2329// 2600// 2336//
f 2605// 2600// 2594//
f 2354// 2335// 2358//
f 2334// 2336// 2605//
f 2606// 2601// 2607//
f 2601// 2602// 2597//
f 2358// 2335// 2337//
f 2601// 2337// 2347//
f 2606// 2602// 2601//
f 2594// 2600// 2591//
f 2603// 2608// 2595//
f 2609// 2610// 2611//
f 2600// 2605// 2336//
f 2605// 2608// 2612//
f 2333// 2613// 2355//
f 2334// 2612// 2332//
f 2614// 2607// 2615//
f 2601// 2347// 2607//
f 2337// 2331// 2347//
f 2607// 2347// 2356//
f 2606// 2607// 2614//
f 2605// 2594// 2608//
f 2595// 2608// 2594//
f 2332// 2613// 2333//
f 2605// 2612// 2334//
f 2612// 2604// 2616//
f 2356// 2339// 2615//
f 2613// 2332// 2616//
f 2617// 2615// 2338//
f 2607// 2356// 2615//
f 2347// 2333// 2356//
f 2356// 2355// 2339//
f 2614// 2615// 2617//
f 2612// 2608// 2604//
f 2603// 2604// 2608//
f 2613// 2611// 2355//
f 2612// 2616// 2332//
f 2441// 2618// 2616//
f 2339// 2355// 2610//
f 2613// 2618// 2611//
f 2619// 2338// 2345//
f 2355// 2611// 2610//
f 2610// 2340// 2339//
f 2617// 2338// 2619//
f 2615// 2339// 2338//
f 2616// 2604// 2441//
f 2440// 2441// 2604//
f 2620// 2340// 2610//
f 2616// 2618// 2613//
f 2351// 2353// 2618//
f 2342// 2343// 2621//
f 2353// 2609// 2611//
f 2340// 2344// 2345//
f 2620// 2610// 2609//
f 2340// 2620// 2344//
f 2619// 2345// 2346//
f 2338// 2340// 2345//
f 2618// 2441// 2351//
f 2350// 2351// 2441//
f 2352// 2622// 2609//
f 2618// 2353// 2611//
f 2352// 2609// 2353//
f 2622// 2623// 2620//
f 2622// 2620// 2609//
f 2623// 2621// 2344//
f 2344// 2620// 2623//
f 2343// 2624// 2346//
f 2343// 2344// 2621//
f 2341// 2624// 2343//
f 2351// 2349// 2348//
f 2353// 2351// 2348//
f 2622// 968// 966//
f 970// 2352// 2348//
f 2623// 966// 964//
f 968// 2622// 2352//
f 2621// 964// 965//
f 966// 2623// 2622//
f 2342// 965// 967//
f 964// 2621// 2623//
f 141// 2342// 967//
f 965// 2342// 2621//
f 590// 598// 1020//
f 1001// 358// 888//
f 590// 1017// 584//
f 605// 1027// 598//
f 584// 1012// 576//
f 1030// 605// 611//
f 576// 1007// 570//
f 611// 619// 1033//
f 1007// 1006// 562//
f 625// 1035// 619//
f 556// 562// 1006//
f 633// 1035// 625//
f 550// 556// 999//
f 639// 1039// 633//
f 542// 550// 994//
f 1043// 639// 649//
f 1044// 649// 654//
f 1051// 654// 660//
f 537// 542// 993//
f 660// 668// 1055//
f 530// 537// 982//
f 676// 1059// 668//
f 523// 530// 981//
f 1063// 676// 682//
f 516// 523// 988//
f 682// 688// 1066//
f 516// 980// 509//
f 974// 486// 494//
f 688// 696// 1066//
f 2625// 461// 2349//
f 711// 717// 1078//
f 2626// 2603// 2627//
f 739// 1090// 731//
f 2628// 2629// 2590//
f 751// 759// 1097//
f 2630// 2575// 2631//
f 778// 1109// 773//
f 2565// 2560// 2632//
f 1120// 792// 798//
f 2633// 2550// 2634//
f 1121// 806// 1001//
f 2635// 2636// 2535//
f 888// 358// 353//
f 2637// 2638// 2520//
f 889// 352// 2639//
f 2505// 2640// 2641//
f 2414// 2642// 2643//
f 2644// 2490// 2645//
f 2430// 2420// 2646//
f 2647// 2648// 2480//
f 2649// 2450// 2449//
f 2650// 2461// 2651//
f 2474// 2652// 2653//
f 2652// 2465// 2650//
f 2455// 2654// 2651//
f 2475// 2653// 2647//
f 2648// 2655// 2484//
f 2656// 2654// 2450//
f 2438// 2657// 2449//
f 2484// 2655// 2645//
f 2495// 2644// 2658//
f 2659// 2431// 2660//
f 2661// 2662// 2419//
f 2496// 2658// 2640//
f 2641// 2663// 2510//
f 2422// 2664// 2661//
f 2665// 2270// 2264//
f 2515// 2663// 2637//
f 2638// 2666// 2525//
f 2271// 2639// 2667//
f 2635// 2530// 2668//
f 2525// 2666// 2668//
f 2636// 2669// 2540//
f 353// 886// 888//
f 1001// 806// 358//
f 2669// 2634// 2541//
f 2560// 2670// 2632//
f 2670// 2555// 2633//
f 2649// 2449// 2657//
f 806// 1121// 801//
f 2570// 2671// 2631//
f 2671// 2565// 2672//
f 1113// 778// 784//
f 792// 1117// 784//
f 2628// 2585// 2673//
f 2580// 2630// 2673//
f 767// 1101// 759//
f 767// 773// 1105//
f 2629// 2674// 2595//
f 745// 1097// 1093//
f 2674// 2627// 2603//
f 2440// 2626// 2675//
f 1093// 739// 745//
f 731// 1086// 723//
f 2350// 2675// 2625//
f 973// 461// 480//
f 723// 1079// 717//
f 703// 711// 1074//
f 480// 486// 972//
f 502// 975// 494//
f 696// 703// 1070//
f 509// 980// 502//
f 352// 886// 353//
f 886// 352// 889//
f 798// 1121// 1120//
f 801// 1121// 798//
f 792// 1120// 1117//
f 784// 1117// 1113//
f 778// 1113// 1109//
f 773// 1109// 1105//
f 767// 1105// 1101//
f 759// 1101// 1097//
f 745// 751// 1097//
f 739// 1093// 1090//
f 731// 1090// 1086//
f 723// 1086// 1079//
f 717// 1079// 1078//
f 711// 1078// 1074//
f 703// 1074// 1070//
f 696// 1070// 1066//
f 682// 1066// 1063//
f 676// 1063// 1059//
f 668// 1059// 1055//
f 660// 1055// 1051//
f 654// 1051// 1044//
f 649// 1044// 1043//
f 639// 1043// 1039//
f 633// 1039// 1035//
f 619// 1035// 1033//
f 611// 1033// 1030//
f 605// 1030// 1027//
f 598// 1027// 1020//
f 590// 1020// 1017//
f 584// 1017// 1012//
f 576// 1012// 1007//
f 562// 570// 1007//
f 556// 1006// 999//
f 550// 999// 994//
f 542// 994// 993//
f 537// 993// 982//
f 530// 982// 981//
f 523// 981// 988//
f 516// 988// 980//
f 502// 980// 975//
f 494// 975// 974//
f 486// 974// 972//
f 480// 972// 973//
f 461// 973// 2349//
f 2625// 2349// 2350//
f 2675// 2350// 2440//
f 2626// 2440// 2603//
f 2674// 2603// 2595//
f 2629// 2595// 2590//
f 2628// 2590// 2585//
f 2673// 2585// 2580//
f 2630// 2580// 2575//
f 2631// 2575// 2570//
f 2671// 2570// 2565//
f 2632// 2672// 2565//
f 2670// 2560// 2555//
f 2633// 2555// 2550//
f 2634// 2550// 2541//
f 2669// 2541// 2540//
f 2636// 2540// 2535//
f 2635// 2535// 2530//
f 2668// 2530// 2525//
f 2638// 2525// 2520//
f 2637// 2520// 2515//
f 2663// 2515// 2510//
f 2641// 2510// 2505//
f 2640// 2505// 2496//
f 2658// 2496// 2495//
f 2644// 2495// 2490//
f 2645// 2490// 2484//
f 2648// 2484// 2480//
f 2647// 2480// 2475//
f 2653// 2475// 2474//
f 2652// 2474// 2465//
f 2650// 2465// 2461//
f 2651// 2461// 2455//
f 2654// 2455// 2450//
f 2649// 2656// 2450//
f 2657// 2438// 2659//
f 2660// 2431// 2430//
f 2659// 2438// 2431//
f 2662// 2646// 2420//
f 2646// 2660// 2430//
f 2422// 2661// 2419//
f 2419// 2662// 2420//
f 2414// 2664// 2422//
f 2414// 2270// 2642//
f 2414// 2643// 2664//
f 2665// 2264// 2667//
f 2642// 2270// 2665//
f 2639// 2271// 889//
f 2667// 2264// 2271//
f 2676// 2677// 2678//
f 2679// 2680// 811//
f 2681// 183// 2682//
f 2683// 2684// 277//
f 196// 2685// 194//
f 379// 2684// 2679//
f 278// 378// 382//
f 378// 278// 2684//
f 278// 277// 2684//
f 811// 2680// 812//
f 2686// 2687// 2676//
f 2688// 2689// 2690//
f 2691// 2692// 2693//
f 2694// 2695// 2691//
f 2696// 2697// 2698//
f 2698// 2693// 2699//
f 2700// 2701// 2702//
f 2701// 2703// 2696//
f 2704// 2705// 2706//
f 2707// 2708// 2709//
f 2710// 2711// 2712//
f 2713// 2714// 2715//
f 2716// 2717// 2718//
f 2719// 2720// 2718//
f 2721// 2722// 2723//
f 2724// 2722// 2725//
f 2726// 2727// 2728//
f 2728// 2729// 2730//
f 2731// 2732// 2733//
f 2734// 2735// 2732//
f 2736// 2737// 2738//
f 2739// 2736// 2740//
f 2741// 2742// 2743//
f 2743// 2744// 2745//
f 2746// 2747// 2748//
f 2749// 2750// 2747//
f 2751// 2752// 2753//
f 2746// 2754// 2752//
f 2755// 2756// 2757//
f 2751// 2758// 2756//
f 2759// 2760// 2761//
f 2755// 2762// 2763//
f 2764// 2765// 2759//
f 2766// 2760// 2765//
f 459// 461// 2625//
f 2767// 2768// 2769//
f 2770// 2771// 2772//
f 2765// 2773// 2769//
f 2774// 2775// 2776//
f 2771// 2770// 2675//
f 2710// 2777// 2778//
f 2776// 2779// 2774//
f 2780// 2768// 2711//
f 2778// 2781// 2782//
f 2712// 2783// 2784//
f 2712// 2768// 2783//
f 2785// 2786// 193//
f 2786// 2682// 191//
f 2787// 2788// 2685//
f 470// 468// 2787//
f 470// 2685// 196//
f 2766// 2769// 2780//
f 2789// 2790// 2778//
f 2761// 2791// 2763//
f 2763// 2792// 2759//
f 2756// 2793// 2794//
f 2791// 2793// 2755//
f 2752// 2795// 2796//
f 2794// 2795// 2751//
f 2797// 2747// 2798//
f 2796// 2749// 2746//
f 2798// 2750// 2799//
f 2798// 2742// 2800//
f 2801// 2743// 2802//
f 2742// 2799// 2744//
f 2803// 2802// 2745//
f 2804// 2802// 2738//
f 2805// 2806// 2736//
f 2740// 2738// 2803//
f 2739// 2807// 2805//
f 2731// 2808// 2805//
f 2732// 2809// 2810//
f 2807// 2734// 2731//
f 2809// 2735// 2811//
f 2809// 2727// 2812//
f 2813// 2728// 2814//
f 2727// 2811// 2729//
f 2815// 2814// 2730//
f 2721// 2816// 2814//
f 2722// 2817// 2818//
f 2725// 2721// 2815//
f 2724// 2819// 2817//
f 2817// 2717// 2820//
f 2821// 2718// 2822//
f 2819// 2719// 2717//
f 2822// 2720// 2823//
f 2824// 2822// 2825//
f 2826// 2825// 2713//
f 2825// 2823// 2714//
f 2827// 2706// 2715//
f 2828// 2713// 2706//
f 2708// 2829// 2704//
f 2709// 2704// 2827//
f 2707// 2703// 2700//
f 2700// 2830// 2708//
f 2694// 2693// 2697//
f 2698// 2831// 2701//
f 2695// 2677// 2687//
f 2687// 2832// 2691//
f 2678// 2688// 2833//
f 2833// 2834// 2676//
f 2835// 2836// 2690//
f 2690// 2837// 2833//
f 2689// 813// 2835//
f 812// 2680// 2835//
f 814// 2838// 815//
f 2835// 813// 812//
f 354// 815// 2839//
f 814// 2689// 2838//
f 354// 2840// 352//
f 2839// 815// 2838//
f 378// 2684// 379//
f 274// 2683// 277//
f 274// 2841// 2683//
f 379// 2679// 811//
f 2679// 2683// 2842//
f 2843// 2839// 2838//
f 2680// 2842// 2836//
f 2680// 2836// 2835//
f 2844// 2845// 2846//
f 813// 2689// 814//
f 2690// 2689// 2835//
f 2639// 352// 2840//
f 2688// 2843// 2838//
f 354// 2839// 2840//
f 2845// 2839// 2843//
f 2639// 2840// 2847//
f 2684// 2683// 2679//
f 272// 2841// 274//
f 272// 2848// 2841//
f 2679// 2842// 2680//
f 2842// 2841// 2849//
f 2846// 2845// 2843//
f 2836// 2849// 2837//
f 2836// 2837// 2690//
f 2850// 2844// 2851//
f 2689// 2688// 2838//
f 2833// 2688// 2690//
f 2852// 2667// 2847//
f 2678// 2846// 2843//
f 2839// 2845// 2840//
f 2639// 2847// 2667//
f 2840// 2845// 2847//
f 2683// 2841// 2842//
f 271// 2848// 272//
f 271// 2853// 2848//
f 2842// 2849// 2836//
f 2849// 2848// 2854//
f 2851// 2844// 2846//
f 2837// 2854// 2834//
f 2837// 2834// 2833//
f 2850// 2855// 2856//
f 2688// 2678// 2843//
f 2676// 2678// 2833//
f 2857// 2665// 2852//
f 2677// 2851// 2846//
f 2845// 2844// 2847//
f 2667// 2852// 2665//
f 2847// 2844// 2852//
f 2841// 2848// 2849//
f 268// 2853// 271//
f 268// 2858// 2853//
f 2849// 2854// 2837//
f 2854// 2853// 2859//
f 2855// 2850// 2851//
f 2834// 2859// 2686//
f 2834// 2686// 2676//
f 2856// 2860// 2861//
f 2678// 2677// 2846//
f 2677// 2676// 2687//
f 2862// 2642// 2857//
f 2695// 2855// 2851//
f 2844// 2850// 2852//
f 2665// 2857// 2642//
f 2852// 2850// 2857//
f 2848// 2853// 2854//
f 266// 2858// 268//
f 266// 2863// 2858//
f 2854// 2859// 2834//
f 2859// 2858// 2864//
f 2856// 2855// 2860//
f 2686// 2864// 2832//
f 2686// 2832// 2687//
f 2861// 2865// 2866//
f 2677// 2695// 2851//
f 2695// 2687// 2691//
f 2867// 2643// 2862//
f 2694// 2860// 2855//
f 2850// 2856// 2857//
f 2642// 2862// 2643//
f 2857// 2856// 2862//
f 2853// 2858// 2859//
f 265// 2863// 266//
f 265// 2868// 2863//
f 2859// 2864// 2686//
f 2864// 2863// 2869//
f 2861// 2860// 2865//
f 2832// 2869// 2692//
f 2832// 2692// 2691//
f 2866// 2870// 2871//
f 2695// 2694// 2855//
f 2694// 2691// 2693//
f 2872// 2664// 2867//
f 2697// 2865// 2860//
f 2856// 2861// 2862//
f 2643// 2867// 2664//
f 2862// 2861// 2867//
f 2858// 2863// 2864//
f 261// 2868// 265//
f 261// 2873// 2868//
f 2864// 2869// 2832//
f 2869// 2868// 2874//
f 2866// 2865// 2870//
f 2692// 2874// 2699//
f 2692// 2699// 2693//
f 2871// 2875// 2876//
f 2694// 2697// 2860//
f 2697// 2693// 2698//
f 2877// 2661// 2872//
f 2696// 2870// 2865//
f 2861// 2866// 2867//
f 2664// 2872// 2661//
f 2867// 2866// 2872//
f 2863// 2868// 2869//
f 260// 2873// 261//
f 260// 2878// 2873//
f 2869// 2874// 2692//
f 2874// 2873// 2879//
f 2871// 2870// 2875//
f 2699// 2879// 2831//
f 2699// 2831// 2698//
f 2876// 2880// 2881//
f 2697// 2696// 2865//
f 2696// 2698// 2701//
f 2882// 2662// 2877//
f 2703// 2875// 2870//
f 2866// 2871// 2872//
f 2661// 2877// 2662//
f 2872// 2871// 2877//
f 2868// 2873// 2874//
f 255// 2878// 260//
f 255// 2883// 2878//
f 2874// 2879// 2699//
f 2879// 2878// 2884//
f 2876// 2875// 2880//
f 2831// 2884// 2702//
f 2831// 2702// 2701//
f 2881// 2885// 2886//
f 2696// 2703// 2870//
f 2703// 2701// 2700//
f 2887// 2646// 2882//
f 2707// 2880// 2875//
f 2871// 2876// 2877//
f 2662// 2882// 2646//
f 2877// 2876// 2882//
f 2873// 2878// 2879//
f 254// 2883// 255//
f 254// 2888// 2883//
f 2879// 2884// 2831//
f 2884// 2883// 2889//
f 2881// 2880// 2885//
f 2702// 2889// 2830//
f 2702// 2830// 2700//
f 2886// 2890// 2891//
f 2703// 2707// 2875//
f 2708// 2707// 2700//
f 2892// 2660// 2887//
f 2709// 2885// 2880//
f 2876// 2881// 2882//
f 2646// 2887// 2660//
f 2882// 2881// 2887//
f 2878// 2883// 2884//
f 257// 2888// 254//
f 257// 2893// 2888//
f 2884// 2889// 2702//
f 2889// 2888// 2894//
f 2890// 2886// 2885//
f 2830// 2894// 2829//
f 2830// 2829// 2708//
f 2892// 2886// 2891//
f 2707// 2709// 2880//
f 2704// 2709// 2708//
f 2895// 2659// 2892//
f 2885// 2827// 2890//
f 2881// 2886// 2887//
f 2660// 2892// 2659//
f 2887// 2886// 2892//
f 2883// 2888// 2889//
f 250// 2893// 257//
f 250// 2896// 2893//
f 2889// 2894// 2830//
f 2894// 2893// 2897//
f 2898// 2891// 2890//
f 2829// 2897// 2705//
f 2829// 2705// 2704//
f 2891// 2899// 2895//
f 2709// 2827// 2885//
f 2827// 2704// 2706//
f 2899// 2891// 2898//
f 2715// 2898// 2890//
f 2895// 2900// 2657//
f 2659// 2895// 2657//
f 2892// 2891// 2895//
f 2888// 2893// 2894//
f 189// 2896// 250//
f 189// 2901// 2896//
f 2894// 2897// 2829//
f 2897// 2896// 2902//
f 2899// 2898// 2903//
f 2705// 2902// 2828//
f 2705// 2828// 2706//
f 2900// 2899// 2904//
f 2827// 2715// 2890//
f 2715// 2706// 2713//
f 2649// 2657// 2900//
f 2714// 2903// 2898//
f 2895// 2899// 2900//
f 2899// 2903// 2904//
f 2649// 2900// 2905//
f 2893// 2896// 2897//
f 251// 2901// 189//
f 251// 2906// 2901//
f 2897// 2902// 2705//
f 2902// 2901// 2907//
f 2904// 2903// 2908//
f 2828// 2907// 2826//
f 2828// 2826// 2713//
f 2904// 2909// 2905//
f 2715// 2714// 2898//
f 2825// 2714// 2713//
f 2904// 2908// 2909//
f 2823// 2908// 2903//
f 2905// 2910// 2656//
f 2649// 2905// 2656//
f 2900// 2904// 2905//
f 2896// 2901// 2902//
f 281// 2906// 251//
f 281// 2911// 2906//
f 2902// 2907// 2828//
f 2907// 2906// 2912//
f 2913// 2909// 2908//
f 2826// 2912// 2824//
f 2826// 2824// 2825//
f 2910// 2909// 2914//
f 2714// 2823// 2903//
f 2823// 2825// 2822//
f 2654// 2656// 2910//
f 2720// 2913// 2908//
f 2905// 2909// 2910//
f 2909// 2913// 2914//
f 2654// 2910// 2915//
f 2901// 2906// 2907//
f 244// 2911// 281//
f 244// 2916// 2911//
f 2907// 2912// 2826//
f 2912// 2911// 2917//
f 2914// 2913// 2918//
f 2824// 2917// 2821//
f 2824// 2821// 2822//
f 2914// 2919// 2915//
f 2823// 2720// 2908//
f 2718// 2720// 2822//
f 2914// 2918// 2919//
f 2719// 2918// 2913//
f 2915// 2920// 2651//
f 2654// 2915// 2651//
f 2910// 2914// 2915//
f 2906// 2911// 2912//
f 246// 2916// 244//
f 246// 2921// 2916//
f 2912// 2917// 2824//
f 2917// 2916// 2922//
f 2923// 2919// 2918//
f 2821// 2922// 2716//
f 2821// 2716// 2718//
f 2924// 2920// 2919//
f 2720// 2719// 2913//
f 2717// 2719// 2718//
f 2650// 2651// 2920//
f 2819// 2923// 2918//
f 2915// 2919// 2920//
f 2919// 2923// 2924//
f 2650// 2920// 2925//
f 2911// 2916// 2917//
f 285// 2921// 246//
f 285// 2926// 2921//
f 2917// 2922// 2821//
f 2922// 2921// 2927//
f 2928// 2924// 2923//
f 2716// 2927// 2820//
f 2716// 2820// 2717//
f 2929// 2925// 2924//
f 2719// 2819// 2918//
f 2819// 2717// 2817//
f 2925// 2930// 2652//
f 2724// 2928// 2923//
f 2928// 2929// 2924//
f 2650// 2925// 2652//
f 2920// 2924// 2925//
f 2916// 2921// 2922//
f 247// 2926// 285//
f 247// 2931// 2926//
f 2922// 2927// 2716//
f 2927// 2926// 2932//
f 2929// 2928// 2933//
f 2820// 2932// 2818//
f 2820// 2818// 2817//
f 2929// 2934// 2930//
f 2819// 2724// 2923//
f 2722// 2724// 2817//
f 2934// 2929// 2933//
f 2725// 2933// 2928//
f 2930// 2935// 2653//
f 2652// 2930// 2653//
f 2925// 2929// 2930//
f 2921// 2926// 2927//
f 286// 2931// 247//
f 286// 2936// 2931//
f 2927// 2932// 2820//
f 2932// 2931// 2937//
f 2938// 2934// 2933//
f 2818// 2937// 2723//
f 2818// 2723// 2722//
f 2935// 2934// 2939//
f 2724// 2725// 2928//
f 2725// 2722// 2721//
f 2647// 2653// 2935//
f 2815// 2938// 2933//
f 2930// 2934// 2935//
f 2934// 2938// 2939//
f 2647// 2935// 2940//
f 2926// 2931// 2932//
f 241// 2936// 286//
f 241// 2941// 2936//
f 2932// 2937// 2818//
f 2937// 2936// 2942//
f 2939// 2938// 2943//
f 2723// 2942// 2816//
f 2723// 2816// 2721//
f 2939// 2944// 2940//
f 2725// 2815// 2933//
f 2814// 2815// 2721//
f 2939// 2943// 2944//
f 2730// 2943// 2938//
f 2940// 2945// 2648//
f 2647// 2940// 2648//
f 2935// 2939// 2940//
f 2931// 2936// 2937//
f 283// 2941// 241//
f 283// 2946// 2941//
f 2937// 2942// 2723//
f 2942// 2941// 2947//
f 2948// 2944// 2943//
f 2816// 2947// 2813//
f 2813// 2814// 2816//
f 2945// 2944// 2949//
f 2815// 2730// 2938//
f 2730// 2814// 2728//
f 2655// 2648// 2945//
f 2729// 2948// 2943//
f 2940// 2944// 2945//
f 2944// 2948// 2949//
f 2655// 2945// 2950//
f 2936// 2941// 2942//
f 242// 2946// 283//
f 242// 2951// 2946//
f 2942// 2947// 2816//
f 2947// 2946// 2952//
f 2949// 2948// 2953//
f 2813// 2952// 2726//
f 2726// 2728// 2813//
f 2949// 2954// 2950//
f 2730// 2729// 2943//
f 2727// 2729// 2728//
f 2949// 2953// 2954//
f 2811// 2953// 2948//
f 2950// 2955// 2645//
f 2655// 2950// 2645//
f 2945// 2949// 2950//
f 2941// 2946// 2947//
f 235// 2951// 242//
f 235// 2956// 2951//
f 2947// 2952// 2813//
f 2952// 2951// 2957//
f 2958// 2954// 2953//
f 2726// 2957// 2812//
f 2812// 2727// 2726//
f 2955// 2954// 2959//
f 2729// 2811// 2948//
f 2811// 2727// 2809//
f 2644// 2645// 2955//
f 2735// 2958// 2953//
f 2950// 2954// 2955//
f 2954// 2958// 2959//
f 2644// 2955// 2960//
f 2946// 2951// 2952//
f 237// 2956// 235//
f 237// 2961// 2956//
f 2952// 2957// 2726//
f 2957// 2956// 2962//
f 2959// 2958// 2963//
f 2812// 2962// 2810//
f 2810// 2809// 2812//
f 2964// 2965// 2966//
f 2811// 2735// 2953//
f 2732// 2735// 2809//
f 2959// 2963// 2964//
f 2734// 2963// 2958//
f 2960// 2967// 2658//
f 2644// 2960// 2658//
f 2955// 2959// 2960//
f 2951// 2956// 2957//
f 231// 2961// 237//
f 231// 2968// 2961//
f 2957// 2962// 2812//
f 2962// 2961// 2969//
f 2965// 2964// 2963//
f 2810// 2969// 2733//
f 2733// 2732// 2810//
f 2967// 2964// 2966//
f 2735// 2734// 2958//
f 2731// 2734// 2732//
f 2970// 2640// 2967//
f 2807// 2965// 2963//
f 2959// 2964// 2960//
f 2658// 2967// 2640//
f 2960// 2964// 2967//
f 2956// 2961// 2962//
f 230// 2968// 231//
f 230// 2971// 2968//
f 2962// 2969// 2810//
f 2969// 2968// 2972//
f 2973// 2966// 2965//
f 2733// 2972// 2808//
f 2808// 2731// 2733//
f 2970// 2966// 2974//
f 2734// 2807// 2963//
f 2807// 2731// 2805//
f 2970// 2967// 2966//
f 2739// 2973// 2965//
f 2973// 2974// 2966//
f 2641// 2970// 2975//
f 2970// 2641// 2640//
f 2961// 2968// 2969//
f 232// 2971// 230//
f 232// 2976// 2971//
f 2969// 2972// 2733//
f 2972// 2971// 2977//
f 2974// 2973// 2978//
f 2808// 2977// 2806//
f 2806// 2805// 2808//
f 2979// 2975// 2974//
f 2807// 2739// 2965//
f 2739// 2805// 2736//
f 2974// 2978// 2979//
f 2740// 2978// 2973//
f 2975// 2980// 2663//
f 2641// 2975// 2663//
f 2970// 2974// 2975//
f 2968// 2971// 2972//
f 225// 2976// 232//
f 225// 2981// 2976//
f 2972// 2977// 2808//
f 2977// 2976// 2982//
f 2979// 2978// 2983//
f 2806// 2982// 2737//
f 2737// 2736// 2806//
f 2984// 2985// 2986//
f 2739// 2740// 2973//
f 2740// 2736// 2738//
f 2637// 2980// 2987//
f 2803// 2983// 2978//
f 2983// 2984// 2979//
f 2663// 2980// 2637//
f 2975// 2979// 2980//
f 2971// 2976// 2977//
f 228// 2981// 225//
f 228// 2988// 2981//
f 2977// 2982// 2806//
f 2982// 2981// 2989//
f 2984// 2983// 2985//
f 2737// 2989// 2804//
f 2804// 2738// 2737//
f 2986// 2990// 2991//
f 2740// 2803// 2978//
f 2802// 2803// 2738//
f 2992// 2638// 2987//
f 2745// 2985// 2983//
f 2979// 2984// 2980//
f 2637// 2987// 2638//
f 2980// 2984// 2987//
f 2976// 2981// 2982//
f 227// 2988// 228//
f 227// 2993// 2988//
f 2982// 2989// 2737//
f 2989// 2988// 2994//
f 2990// 2986// 2985//
f 2804// 2994// 2801//
f 2801// 2802// 2804//
f 2992// 2986// 2991//
f 2803// 2745// 2983//
f 2743// 2745// 2802//
f 2995// 2666// 2992//
f 2744// 2990// 2985//
f 2984// 2986// 2987//
f 2638// 2992// 2666//
f 2987// 2986// 2992//
f 2981// 2988// 2989//
f 218// 2993// 227//
f 218// 2996// 2993//
f 2989// 2994// 2804//
f 2994// 2993// 2997//
f 2998// 2991// 2990//
f 2801// 2997// 2741//
f 2741// 2743// 2801//
f 2995// 2991// 2999//
f 2745// 2744// 2985//
f 2744// 2743// 2742//
f 2991// 2998// 2999//
f 2799// 2998// 2990//
f 2995// 3000// 2668//
f 2666// 2995// 2668//
f 2992// 2991// 2995//
f 2988// 2993// 2994//
f 222// 2996// 218//
f 222// 3001// 2996//
f 2994// 2997// 2801//
f 2997// 2996// 3002//
f 2999// 2998// 3003//
f 2741// 3002// 2800//
f 2800// 2742// 2741//
f 3004// 3000// 2999//
f 2744// 2799// 2990//
f 2799// 2742// 2798//
f 3004// 2999// 3003//
f 2750// 3003// 2998//
f 3000// 3005// 2635//
f 2668// 3000// 2635//
f 2995// 2999// 3000//
f 2993// 2996// 2997//
f 215// 3001// 222//
f 215// 3006// 3001//
f 2997// 3002// 2741//
f 3002// 3001// 3007//
f 3004// 3003// 3008//
f 2800// 3007// 2797//
f 2797// 2798// 2800//
f 3009// 3010// 3011//
f 2799// 2750// 2998//
f 2750// 2798// 2747//
f 2636// 3005// 3012//
f 2749// 3008// 3003//
f 3008// 3011// 3004//
f 2635// 3005// 2636//
f 3000// 3004// 3005//
f 2996// 3001// 3002//
f 214// 3006// 215//
f 214// 3013// 3006//
f 3002// 3007// 2800//
f 3007// 3006// 3014//
f 3011// 3008// 3009//
f 2797// 3014// 2748//
f 2748// 2747// 2797//
f 3010// 3012// 3011//
f 2750// 2749// 3003//
f 2746// 2749// 2747//
f 3015// 2669// 3012//
f 2796// 3009// 3008//
f 3004// 3011// 3005//
f 2636// 3012// 2669//
f 3005// 3011// 3012//
f 3001// 3006// 3007//
f 180// 3013// 214//
f 180// 3016// 3013//
f 3007// 3014// 2797//
f 3014// 3013// 3017//
f 3018// 3010// 3009//
f 2748// 3017// 2754//
f 2754// 2746// 2748//
f 3015// 3010// 3019//
f 2749// 2796// 3008//
f 2796// 2746// 2752//
f 3015// 3012// 3010//
f 2795// 3018// 3009//
f 3018// 3019// 3010//
f 2634// 3015// 3020//
f 3015// 2634// 2669//
f 3006// 3013// 3014//
f 182// 3016// 180//
f 182// 3021// 3016//
f 3014// 3017// 2748//
f 3017// 3016// 3022//
f 3019// 3018// 3023//
f 2754// 3022// 2753//
f 2753// 2752// 2754//
f 3024// 3020// 3019//
f 2796// 2795// 3009//
f 2795// 2752// 2751//
f 3019// 3023// 3024//
f 2794// 3023// 3018//
f 3020// 3025// 2633//
f 2634// 3020// 2633//
f 3015// 3019// 3020//
f 3013// 3016// 3017//
f 210// 3021// 182//
f 210// 3026// 3021//
f 3017// 3022// 2754//
f 3022// 3021// 3027//
f 3024// 3023// 3028//
f 2753// 3027// 2758//
f 2758// 2751// 2753//
f 3029// 3030// 3031//
f 2795// 2794// 3018//
f 2794// 2751// 2756//
f 2670// 3025// 3032//
f 2793// 3028// 3023//
f 3028// 3031// 3024//
f 2633// 3025// 2670//
f 3020// 3024// 3025//
f 3016// 3021// 3022//
f 208// 3026// 210//
f 208// 3033// 3026//
f 3022// 3027// 2753//
f 3027// 3026// 3034//
f 3031// 3028// 3029//
f 2758// 3034// 2757//
f 2757// 2756// 2758//
f 3030// 3032// 3031//
f 2794// 2793// 3023//
f 2755// 2793// 2756//
f 3035// 2632// 3032//
f 2791// 3029// 3028//
f 3024// 3031// 3025//
f 2670// 3032// 2632//
f 3025// 3031// 3032//
f 3021// 3026// 3027//
f 207// 3033// 208//
f 207// 3036// 3033//
f 3027// 3034// 2758//
f 3034// 3033// 3037//
f 3038// 3030// 3029//
f 2757// 3037// 2762//
f 2762// 2755// 2757//
f 3035// 3030// 3039//
f 2793// 2791// 3028//
f 2791// 2755// 2763//
f 3035// 3032// 3030//
f 2761// 3038// 3029//
f 3038// 3039// 3030//
f 2672// 3035// 3040//
f 3035// 2672// 2632//
f 3026// 3033// 3034//
f 204// 3036// 207//
f 204// 3041// 3036//
f 3034// 3037// 2757//
f 3037// 3036// 3042//
f 3039// 3038// 3043//
f 2762// 3042// 2792//
f 2792// 2763// 2762//
f 3044// 3040// 3039//
f 2791// 2761// 3029//
f 2761// 2763// 2759//
f 3039// 3043// 3044//
f 2760// 3043// 3038//
f 3040// 3045// 2671//
f 2672// 3040// 2671//
f 3035// 3039// 3040//
f 3033// 3036// 3037//
f 202// 3041// 204//
f 202// 3046// 3041//
f 3037// 3042// 2762//
f 3042// 3041// 3047//
f 3044// 3043// 3048//
f 2792// 3047// 2764//
f 2764// 2759// 2792//
f 3049// 3050// 3051//
f 2761// 2760// 3038//
f 2760// 2759// 2765//
f 2631// 3045// 3052//
f 2766// 3048// 3043//
f 3048// 3049// 3044//
f 2671// 3045// 2631//
f 3040// 3044// 3045//
f 3036// 3041// 3042//
f 201// 3046// 202//
f 201// 3053// 3046//
f 3042// 3047// 2792//
f 3047// 3046// 3054//
f 3049// 3048// 3050//
f 2764// 3054// 2773//
f 2773// 2765// 2764//
f 3051// 2782// 2781//
f 2760// 2766// 3043//
f 2769// 2766// 2765//
f 3055// 2630// 3052//
f 2780// 3050// 3048//
f 3044// 3049// 3045//
f 2631// 3052// 2630//
f 3045// 3049// 3052//
f 3041// 3046// 3047//
f 197// 3053// 201//
f 3053// 184// 3056//
f 3047// 3054// 2764//
f 3054// 3053// 3057//
f 2782// 3051// 3050//
f 2767// 2773// 3057//
f 2767// 2769// 2773//
f 3055// 3051// 2781//
f 2766// 2780// 3048//
f 2768// 2780// 2769//
f 3058// 2673// 3055//
f 2711// 2782// 3050//
f 3049// 3051// 3052//
f 2630// 3055// 2673//
f 3052// 3051// 3055//
f 3046// 3053// 3054//
f 197// 184// 3053//
f 3056// 179// 2681//
f 3054// 3057// 2773//
f 3059// 3057// 3056//
f 3060// 2712// 2784//
f 2783// 2767// 3059//
f 2767// 2783// 2768//
f 3058// 2781// 2790//
f 2780// 2711// 3050//
f 2711// 2768// 2712//
f 2781// 2778// 2790//
f 2710// 2778// 2782//
f 3058// 3061// 2628//
f 2673// 3058// 2628//
f 3055// 2781// 3058//
f 3053// 3056// 3057//
f 184// 179// 3056//
f 3062// 3063// 3064//
f 3057// 3059// 2767//
f 3065// 3059// 2681//
f 2710// 2712// 3060//
f 3065// 2784// 2783//
f 3066// 2789// 3067//
f 3066// 3061// 2790//
f 2711// 2710// 2782//
f 2710// 3060// 2777//
f 3066// 2790// 2789//
f 2777// 2789// 2778//
f 3061// 3068// 2629//
f 2628// 3061// 2629//
f 3058// 2790// 3061//
f 3056// 2681// 3059//
f 179// 183// 2681//
f 2784// 3069// 3060//
f 3059// 3065// 2783//
f 3065// 2682// 3070//
f 3060// 3071// 2777//
f 3070// 3069// 2784//
f 2777// 3072// 2789//
f 3071// 3060// 3069//
f 3073// 2774// 2779//
f 3072// 2777// 3071//
f 2674// 3068// 2776//
f 3067// 2789// 3072//
f 3067// 2779// 3066//
f 2629// 3068// 2674//
f 3061// 3066// 3068//
f 2681// 2682// 3065//
f 183// 191// 2682//
f 3069// 3063// 3071//
f 3065// 3070// 2784//
f 2786// 3074// 3070//
f 3071// 3062// 3072//
f 3074// 3063// 3069//
f 3072// 3075// 3067//
f 3063// 3062// 3071//
f 2779// 3067// 3073//
f 3072// 3062// 3075//
f 2775// 2627// 2776//
f 3073// 3067// 3075//
f 3066// 2779// 3068//
f 2674// 2776// 2627//
f 3068// 2779// 2776//
f 2682// 2786// 3070//
f 191// 193// 2786//
f 3076// 3075// 3062//
f 3070// 3074// 3069//
f 2785// 2788// 3074//
f 3077// 3073// 3075//
f 2788// 3064// 3063//
f 3078// 2774// 3073//
f 3064// 3076// 3062//
f 3079// 2775// 2774//
f 3076// 3077// 3075//
f 2772// 2771// 3079//
f 3077// 3078// 3073//
f 3078// 3079// 2774//
f 2626// 2775// 2771//
f 2775// 2626// 2627//
f 2786// 2785// 3074//
f 193// 194// 2785//
f 2787// 3080// 3064//
f 3074// 2788// 3063//
f 2787// 3064// 2788//
f 3080// 3081// 3076//
f 3080// 3076// 3064//
f 3081// 3082// 3077//
f 3081// 3077// 3076//
f 3082// 3083// 3078//
f 3082// 3078// 3077//
f 3083// 2772// 3079//
f 3083// 3079// 3078//
f 459// 2625// 2770//
f 2626// 2771// 2675//
f 2775// 3079// 2771//
f 2785// 194// 2685//
f 2788// 2785// 2685//
f 3080// 468// 463//
f 470// 2787// 2685//
f 3081// 463// 454//
f 468// 3080// 2787//
f 3082// 454// 453//
f 463// 3081// 3080//
f 3083// 453// 457//
f 454// 3082// 3081//
f 2772// 457// 456//
f 453// 3083// 3082//
f 2770// 456// 459//
f 457// 2772// 3083//
f 2770// 2772// 456//
f 2675// 2770// 2625//
f 3084// 3085// 3086//
f 3087// 3088// 3084//
f 3085// 3084// 3088//
f 3089// 3087// 3090//
f 3087// 3089// 3088//
f 3090// 3091// 3092//
f 3092// 3089// 3090//
f 3092// 3091// 3093//
f 3093// 3094// 3095//
f 3094// 3093// 3091//
f 3096// 3097// 3095//
f 3095// 3094// 3096//
f 3098// 3097// 3099//
f 3096// 3099// 3097//
f 3098// 3100// 3101//
f 3100// 3098// 3099//
f 3102// 3103// 3101//
f 3101// 3100// 3102//
f 3104// 199// 198//
f 3105// 482// 3106//
f 3107// 471// 467//
f 503// 3108// 3109//
f 487// 3110// 496//
f 3111// 3112// 524//
f 3113// 517// 510//
f 3114// 543// 3115//
f 538// 531// 3116//
f 564// 3117// 3118//
f 552// 3119// 557//
f 3100// 3099// 585//
f 3102// 578// 571//
f 3091// 606// 3094//
f 599// 592// 3096//
f 627// 3087// 3084//
f 613// 3090// 620//
f 3085// 3088// 650//
f 3086// 641// 634//
f 3093// 669// 3092//
f 662// 655// 3089//
f 690// 3097// 3098//
f 678// 3095// 683//
f 3103// 3120// 713//
f 3101// 704// 697//
f 3121// 732// 3122//
f 725// 718// 3123//
f 3124// 746// 741//
f 741// 3121// 3124//
f 746// 3125// 753//
f 3125// 746// 3124//
f 760// 753// 3126//
f 3125// 3126// 753//
f 3127// 769// 760//
f 760// 3126// 3127//
f 3128// 769// 3127//
f 774// 3128// 3129//
f 3128// 774// 769//
f 3130// 775// 3129//
f 774// 3129// 775//
f 3130// 3131// 780//
f 780// 775// 3130//
f 465// 3131// 3132//
f 3131// 465// 780//
f 3133// 366// 3132//
f 465// 3132// 366//
f 3133// 3134// 371//
f 371// 366// 3133//
f 473// 3134// 3135//
f 3134// 473// 371//
f 280// 382// 3135//
f 473// 3135// 382//
f 278// 382// 280//
f 3121// 741// 732//
f 3122// 725// 3123//
f 732// 725// 3122//
f 3120// 718// 713//
f 3123// 718// 3120//
f 3101// 3103// 704//
f 3103// 713// 704//
f 690// 3098// 697//
f 3098// 3101// 697//
f 683// 3095// 3097//
f 683// 3097// 690//
f 678// 669// 3093//
f 678// 3093// 3095//
f 3092// 662// 3089//
f 669// 662// 3092//
f 3088// 655// 650//
f 3089// 655// 3088//
f 3086// 3085// 641//
f 3085// 650// 641//
f 627// 3084// 634//
f 3084// 3086// 634//
f 620// 3090// 3087//
f 620// 3087// 627//
f 613// 606// 3091//
f 613// 3091// 3090//
f 3094// 599// 3096//
f 606// 599// 3094//
f 3099// 592// 585//
f 3096// 592// 3099//
f 3102// 3100// 578//
f 3100// 585// 578//
f 564// 3118// 571//
f 3118// 3102// 571//
f 557// 3119// 3117//
f 557// 3117// 564//
f 552// 543// 3114//
f 552// 3114// 3119//
f 3115// 538// 3116//
f 543// 538// 3115//
f 3112// 531// 524//
f 3116// 531// 3112//
f 3113// 3111// 517//
f 3111// 524// 517//
f 503// 3109// 510//
f 3109// 3113// 510//
f 496// 3110// 3108//
f 496// 3108// 503//
f 487// 482// 3105//
f 487// 3105// 3110//
f 3106// 471// 3107//
f 482// 471// 3106//
f 3104// 467// 199//
f 3107// 467// 3104//
f 3136// 3137// 3138//
f 3136// 3138// 3139//
f 3140// 3141// 3137//
f 3136// 3140// 3137//
f 3139// 3138// 3142//
f 3143// 3142// 3144//
f 3142// 3143// 3139//
f 3143// 3144// 3145//
f 3146// 3141// 3140//
f 3146// 3140// 3147//
f 3142// 3138// 3144//
f 3141// 3144// 3137//
f 3148// 3144// 3141//
f 3137// 3144// 3138//
f 3141// 3149// 3148//
f 3149// 3141// 3146//
f 3148// 3145// 3144//
f 3145// 3148// 3150//
f 3145// 3139// 3143//
f 3136// 3145// 3140//
f 3136// 3139// 3145//
f 3140// 3145// 3150//
f 3147// 3140// 3151//
f 3140// 3150// 3151//
f 3148// 3149// 3151//
f 3148// 3151// 3150//
f 3152// 3147// 3151//
f 3151// 3153// 3152//
f 3152// 3154// 3146//
f 3155// 3149// 3154//
f 3152// 3146// 3147//
f 3155// 3153// 3151//
f 3154// 3149// 3146//
f 3155// 3151// 3149//
f 3156// 3154// 3157//
f 3158// 3159// 3160//
f 3154// 3159// 3155//
f 3158// 3155// 3159//
f 3159// 3154// 3156//
f 3161// 3156// 3162//
f 3156// 3161// 3159//
f 3163// 3160// 3159//
f 3159// 3161// 3163//
f 3164// 3158// 3160//
f 3164// 3160// 3163//
f 3161// 3131// 3130//
f 187// 3162// 188//
f 279// 280// 3161//
f 276// 3162// 275//
f 3162// 267// 269//
f 258// 3162// 259//
f 3162// 187// 259//
f 263// 3162// 256//
f 3162// 258// 256//
f 264// 3162// 262//
f 3162// 263// 262//
f 3162// 264// 267//
f 3162// 270// 273//
f 269// 270// 3162//
f 273// 275// 3162//
f 3121// 3122// 3164//
f 279// 3161// 276//
f 3162// 276// 3161//
f 280// 3135// 3161//
f 3161// 3134// 3133//
f 3135// 3134// 3161//
f 3161// 3132// 3131//
f 3133// 3132// 3161//
f 3129// 3128// 3161//
f 3161// 3130// 3129//
f 3126// 3164// 3127//
f 3164// 3128// 3127//
f 3128// 3164// 3161//
f 3164// 3126// 3125//
f 3121// 3164// 3124//
f 3124// 3164// 3125//
f 3120// 3164// 3123//
f 3164// 3122// 3123//
f 3164// 3120// 3103//
f 3161// 3164// 3163//
f 3165// 3166// 3167//
f 3119// 3114// 3166//
f 3117// 3166// 3118//
f 3166// 3102// 3118//
f 3166// 3117// 3119//
f 3166// 3115// 3116//
f 3114// 3115// 3166//
f 3166// 3112// 3111//
f 3116// 3112// 3166//
f 3167// 3166// 3113//
f 3111// 3113// 3166//
f 3105// 3106// 3167//
f 3108// 3167// 3109//
f 3167// 3113// 3109//
f 3167// 3110// 3105//
f 3167// 3108// 3110//
f 3167// 3107// 3104//
f 3106// 3107// 3167//
f 3104// 198// 3167//
f 3167// 195// 192//
f 198// 195// 3167//
f 190// 3168// 192//
f 3167// 192// 3168//
f 178// 3168// 185//
f 3168// 190// 185//
f 186// 3168// 177//
f 3168// 178// 177//
f 203// 3168// 200//
f 3168// 186// 200//
f 206// 3168// 205//
f 3168// 203// 205//
f 211// 3168// 209//
f 3168// 206// 209//
f 213// 3168// 212//
f 3168// 211// 212//
f 3169// 3166// 3165//
f 3169// 3170// 3166//
f 1188// 3171// 3172//
f 1188// 1200// 3171//
f 3173// 1792// 1783//
f 3173// 3174// 1792//
f 3173// 1783// 1788//
f 1788// 1784// 3173//
f 3173// 1782// 1801//
f 1784// 1782// 3173//
f 1801// 1798// 3173//
f 3175// 3176// 3177//
f 3176// 3178// 3177//
f 3179// 3176// 3175//
f 3178// 3176// 3180//
f 3176// 1798// 3180//
f 3176// 3181// 1798//
f 1798// 3181// 3173//
f 3182// 3174// 3181//
f 3182// 3183// 3184//
f 3184// 3174// 3182//
f 3173// 3181// 3174//
f 3185// 3186// 3187//
f 3186// 3185// 3188//
f 1150// 3188// 3185//
f 1150// 1149// 3188//
f 1827// 3187// 1825//
f 1818// 1811// 3185//
f 3185// 1811// 1150//
f 1815// 1816// 3185//
f 3185// 1816// 1818//
f 1822// 1842// 3185//
f 3185// 1842// 1815//
f 1819// 1839// 3185//
f 3185// 1839// 1822//
f 3187// 1827// 1829//
f 3185// 1829// 1819//
f 1832// 1825// 3187//
f 3187// 1829// 3185//
f 3189// 1832// 3187//
f 3190// 3189// 1359//
f 3190// 3191// 3189//
f 1832// 3189// 3191//
f 1832// 3192// 1834//
f 3191// 3192// 1832//
f 1812// 1155// 1147//
f 1812// 1848// 1155//
f 1155// 1848// 1847//
f 1151// 1147// 1146//
f 1151// 1812// 1147//
f 1810// 1812// 1151//
f 1847// 1817// 1153//
f 1155// 1847// 1153//
f 1846// 1154// 1817//
f 1153// 1817// 1154//
f 1159// 1846// 1845//
f 1846// 1159// 1154//
f 1845// 1814// 1157//
f 1157// 1159// 1845//
f 1813// 1163// 1814//
f 1157// 1814// 1163//
f 1162// 1813// 1844//
f 1813// 1162// 1163//
f 1844// 1843// 1160//
f 1160// 1162// 1844//
f 1824// 1166// 1843//
f 1160// 1843// 1166//
f 1164// 1824// 1823//
f 1824// 1164// 1166//
f 1164// 1823// 1170//
f 1169// 1170// 1840//
f 1823// 1840// 1170//
f 1169// 1841// 1167//
f 1841// 1169// 1840//
f 1167// 1841// 1821//
f 1820// 1174// 1821//
f 1167// 1821// 1174//
f 1172// 1820// 1838//
f 1820// 1172// 1174//
f 1838// 1837// 1173//
f 1173// 1172// 1838//
f 1836// 1176// 1837//
f 1173// 1837// 1176//
f 1178// 1836// 1828//
f 1836// 1178// 1176//
f 1828// 1835// 1177//
f 1177// 1178// 1828//
f 1826// 1179// 1835//
f 1177// 1835// 1179//
f 1181// 1826// 1830//
f 1826// 1181// 1179//
f 1830// 1831// 1183//
f 1183// 1181// 1830//
f 1833// 1184// 1831//
f 1183// 1831// 1184//
f 1186// 1833// 1834//
f 1833// 1186// 1184//
f 1834// 3192// 1187//
f 1187// 1186// 1834//
f 3191// 3193// 3192//
f 1187// 3192// 3193//
f 3191// 3194// 3193//
f 3190// 3194// 3191//
f 3190// 1359// 3195//
f 3195// 3194// 3190//
f 3195// 1359// 1506//
f 3194// 3196// 1185//
f 1187// 3193// 1185//
f 1185// 3193// 3194//
f 3195// 3196// 3194//
f 3195// 1506// 3196//
f 3197// 3198// 3199//
f 3197// 3199// 3200//
f 3201// 3202// 3203//
f 3201// 3204// 3202//
f 3205// 3206// 3207//
f 3208// 3209// 3210//
f 3211// 3212// 3213//
f 3214// 3215// 3216//
f 3217// 3216// 3215//
f 3218// 3215// 3214//
f 3217// 3208// 3216//
f 3209// 3212// 3210//
f 3217// 3209// 3208//
f 3211// 3213// 3205//
f 3210// 3212// 3211//
f 3206// 3205// 3213//
f 3219// 3206// 3220//
f 3206// 3219// 3207//
f 3221// 3222// 3223//
f 3224// 3221// 3225//
f 3224// 3222// 3221//
f 3226// 3227// 3221//
f 3225// 3221// 3227//
f 3228// 3227// 3226//
f 3223// 3222// 3229//
f 3230// 3223// 3231//
f 3229// 3231// 3223//
f 3232// 3230// 3233//
f 3230// 3231// 3233//
f 3232// 3234// 3235//
f 3235// 3230// 3232//
f 3236// 3234// 3237//
f 3234// 3236// 3235//
f 3236// 3237// 3220//
f 3220// 3237// 3219//
f 3238// 3239// 3240//
f 3238// 3241// 3239//
f 3242// 3240// 3239//
f 3228// 3239// 3227//
f 3228// 3242// 3239//
f 3227// 3239// 3243//
f 3243// 3224// 3225//
f 3227// 3243// 3225//
f 3243// 3229// 3222//
f 3224// 3243// 3222//
f 3243// 3233// 3231//
f 3229// 3243// 3231//
f 3233// 3243// 3232//
f 3243// 3244// 3245//
f 3239// 3244// 3243//
f 3246// 3243// 3245//
f 3239// 3201// 3203//
f 3239// 3203// 3244//
f 3247// 3248// 3245//
f 3245// 3244// 3247//
f 3249// 3250// 3251//
f 3251// 3252// 3253//
f 3253// 3249// 3251//
f 3254// 3255// 3252//
f 3253// 3252// 3255//
f 3256// 3254// 3257//
f 3254// 3256// 3255//
f 3257// 3258// 3259//
f 3259// 3256// 3257//
f 3259// 3258// 3260//
f 3258// 3261// 3260//
f 3262// 3260// 3261//
f 3263// 3262// 3264//
f 3262// 3261// 3264//
f 3265// 3263// 3266//
f 3263// 3265// 3262//
f 3266// 3267// 3268//
f 3268// 3265// 3266//
f 3268// 3267// 3269//
f 3267// 3270// 3269//
f 3271// 3272// 3273//
f 3274// 3275// 3276//
f 3273// 3274// 3276//
f 3272// 3274// 3273//
f 3275// 3277// 3276//
f 3278// 3272// 3271//
f 3278// 3271// 3279//
f 3279// 3280// 3281//
f 3281// 3278// 3279//
f 3282// 3280// 3283//
f 3280// 3282// 3281//
f 3282// 3283// 3284//
f 3285// 3286// 3287//
f 3286// 3285// 3288//
f 3288// 3285// 3289//
f 3287// 3286// 3290//
f 3285// 3275// 3289//
f 3291// 3275// 3285//
f 3291// 3277// 3275//
f 3292// 3293// 3294//
f 3292// 3294// 3295//
f 3294// 3293// 3296//
f 3288// 3296// 3293//
f 3296// 3288// 3289//
f 3297// 3286// 3288//
f 3288// 3293// 3297//
f 3298// 3299// 3249//
f 3284// 3298// 3249//
f 3249// 3299// 3300//
f 3283// 3301// 3284//
f 3284// 3301// 3298//
f 3300// 3302// 3249//
f 3302// 3250// 3249//
f 3303// 3304// 3305//
f 3303// 3305// 3306//
f 3307// 3304// 3308//
f 3304// 3307// 3305//
f 3309// 3310// 3311//
f 3312// 3313// 3314//
f 3313// 3315// 3316//
f 3316// 3315// 3310//
f 3313// 3316// 3314//
f 3315// 3311// 3310//
f 3307// 3308// 3312//
f 3307// 3312// 3314//
f 3317// 3309// 3311//
f 3317// 3318// 3309//
f 3319// 3318// 3320//
f 3317// 3320// 3318//
f 3321// 3322// 3319//
f 3319// 3320// 3321//
f 3322// 3323// 3324//
f 3323// 3322// 3321//
f 3323// 3325// 3324//
f 3324// 3325// 3326//
f 3325// 3327// 3328//
f 3328// 3326// 3325//
f 3329// 3330// 3331//
f 3332// 3333// 3334//
f 3332// 3334// 3330//
f 3332// 3330// 3329//
f 3335// 3336// 3337//
f 3336// 3333// 3337//
f 3334// 3333// 3336//
f 3338// 3335// 3337//
f 3338// 3339// 3335//
f 3340// 3329// 3331//
f 3341// 3340// 3342//
f 3331// 3342// 3340//
f 3343// 3344// 3341//
f 3341// 3342// 3343//
f 3344// 3345// 3346//
f 3345// 3344// 3343//
f 3345// 3328// 3346//
f 3346// 3328// 3327//
f 3347// 3339// 3338//
f 3347// 3348// 3339//
f 3349// 3348// 3347//
f 3349// 3350// 3348//
f 3351// 3270// 3352//
f 3270// 3351// 3269//
f 3353// 3354// 3355//
f 3356// 3357// 3358//
f 3355// 3352// 3353//
f 3352// 3355// 3351//
f 3354// 3357// 3356//
f 3354// 3353// 3357//
f 3359// 3360// 3361//
f 3359// 3361// 3362//
f 3361// 3363// 3364//
f 3363// 3361// 3360//
f 3363// 3365// 3364//
f 3366// 3365// 3363//
f 3366// 3363// 3367//
f 3364// 3365// 3368//
f 3366// 3367// 3369//
f 3370// 3371// 3372//
f 3370// 3372// 3373//
f 3372// 3362// 3361//
f 3373// 3372// 3364//
f 3372// 3361// 3364//
f 3364// 3368// 3373//
f 3374// 3375// 3376//
f 3377// 3378// 3374//
f 3374// 3376// 3377//
f 3378// 3379// 3380//
f 3379// 3378// 3377//
f 3380// 3379// 3381//
f 3376// 3375// 3382//
f 3382// 3383// 3384//
f 3383// 3382// 3375//
f 3383// 3385// 3384//
f 3384// 3385// 3386//
f 3387// 3375// 3374//
f 3378// 3388// 3374//
f 3387// 3374// 3388//
f 3378// 3380// 3389//
f 3389// 3388// 3378//
f 3375// 3390// 3383//
f 3390// 3375// 3387//
f 3385// 3383// 3391//
f 3390// 3391// 3383//
f 3385// 3391// 3392//
f 3385// 3393// 3394//
f 3393// 3385// 3392//
f 3372// 3394// 3393//
f 3393// 3359// 3362//
f 3362// 3372// 3393//
f 3371// 3395// 3386//
f 3386// 3385// 3394//
f 3371// 3386// 3372//
f 3386// 3394// 3372//
f 3303// 3396// 3358//
f 3303// 3370// 3396//
f 3395// 3306// 3356//
f 3395// 3356// 3396//
f 3371// 3303// 3306//
f 3395// 3371// 3306//
f 3371// 3370// 3303//
f 3356// 3358// 3396//
f 3395// 3397// 3376//
f 3398// 3395// 3396//
f 3382// 3395// 3376//
f 3382// 3384// 3395//
f 3395// 3384// 3386//
f 3377// 3397// 3379//
f 3377// 3376// 3397//
f 3381// 3379// 3397//
f 3395// 3398// 3397//
f 3399// 3400// 3381//
f 3381// 3397// 3399//
f 3401// 3402// 3403//
f 3404// 3401// 3405//
f 3402// 3401// 3404//
f 3406// 3404// 3405//
f 3407// 3408// 56//
f 3407// 56// 58//
f 3408// 3409// 3410//
f 56// 3408// 54//
f 3410// 54// 3408//
f 3404// 54// 3411//
f 54// 3410// 3411//
f 62// 54// 3404//
f 3410// 3409// 3412//
f 3412// 3413// 3402//
f 3402// 3404// 3411//
f 3402// 3411// 3410//
f 3402// 3410// 3412//
f 3413// 3412// 3414//
f 3414// 3412// 3415//
f 3416// 3417// 3418//
f 3419// 3415// 3420//
f 3420// 3417// 3416//
f 3417// 3420// 3415//
f 3421// 3422// 3414//
f 3415// 3419// 3421//
f 3423// 3413// 3424//
f 3425// 3413// 3422//
f 3402// 3413// 3423//
f 3403// 3402// 3423//
f 3413// 3414// 3422//
f 3424// 3413// 3425//
f 3414// 3415// 3421//
f 3426// 3427// 3418//
f 3428// 3418// 3429//
f 3400// 3399// 3426//
f 3430// 3431// 3418//
f 3430// 3418// 3427//
f 3429// 3418// 3431//
f 3428// 3432// 3418//
f 3426// 3418// 3400//
f 3433// 3434// 3418//
f 3433// 3418// 3432//
f 3435// 3436// 3418//
f 3435// 3418// 3434//
f 3416// 3418// 3436//
f 3418// 3417// 3412//
f 3380// 3381// 3400//
f 3415// 3412// 3417//
f 3380// 3418// 3412//
f 3380// 3400// 3418//
f 3389// 3380// 3412//
f 3389// 3412// 3437//
f 3412// 3409// 3408//
f 3407// 3438// 3439//
f 3407// 3440// 3408//
f 3408// 3437// 3412//
f 3407// 3439// 3440//
f 3408// 3440// 3437//
f 3155// 3103// 3441//
f 2256// 3442// 3153//
f 3443// 3444// 2257//
f 1152// 1149// 1148//
f 1149// 1175// 1180//
f 1204// 3103// 3102//
f 1171// 1175// 1149//
f 3164// 3155// 3158//
f 2257// 3153// 3155//
f 2256// 3153// 2257//
f 3164// 3103// 3155//
f 1200// 1199// 3171//
f 3170// 3171// 3166//
f 1805// 1806// 3440//
f 3171// 1199// 1202//
f 3166// 3171// 3102//
f 3171// 1202// 1201//
f 1201// 1205// 3102//
f 3102// 3171// 1201//
f 1203// 3103// 1204//
f 1204// 3102// 1205//
f 1206// 3440// 1207//
f 1207// 3103// 1203//
f 3103// 1207// 3440//
f 1206// 1805// 3440//
f 1781// 3174// 1793//
f 3440// 1804// 1803//
f 1806// 1804// 3440//
f 3174// 1803// 1802//
f 1803// 3174// 3440//
f 1802// 1793// 3174//
f 1792// 3174// 1781//
f 3174// 3184// 3186//
f 3437// 3440// 3174//
f 3186// 3188// 1149//
f 1165// 1149// 1161//
f 1158// 1149// 1156//
f 1149// 1152// 1156//
f 1165// 1168// 1149//
f 1149// 1158// 1161//
f 1180// 1182// 1149//
f 1168// 1171// 1149//
f 1185// 3186// 1149//
f 1149// 1182// 1185//
f 3186// 3196// 3174//
f 3196// 3186// 1185//
f 3246// 3196// 3445//
f 3246// 3437// 3196//
f 3198// 3446// 3447//
f 3197// 3246// 3445//
f 3198// 3197// 3446//
f 3437// 3174// 3196//
f 3360// 3367// 3363//
f 3445// 3448// 3197//
f 3446// 3197// 3448//
f 3360// 3248// 3367//
f 3245// 3248// 3246//
f 3359// 3246// 3360//
f 3393// 3392// 3359//
f 3392// 3389// 3359//
f 3246// 3248// 3360//
f 3391// 3390// 3392//
f 3392// 3387// 3388//
f 3390// 3387// 3392//
f 3389// 3437// 3359//
f 3388// 3389// 3392//
f 3246// 3359// 3437//
f 2257// 3441// 3443//
f 3155// 3441// 2257//
f 3103// 3440// 3441//
f 2257// 3444// 3449//
f 2257// 3449// 2255//
f 3449// 3450// 3451//
f 2252// 2258// 3452//
f 3449// 3451// 2255//
f 2258// 2255// 3451//
f 2252// 3452// 2253//
f 2258// 3451// 3452//
f 2249// 2121// 2250//
f 3453// 2251// 1356//
f 2258// 2252// 2251//
f 2225// 1356// 2223//
f 2250// 2224// 2223//
f 2250// 2121// 2224//
f 2223// 1356// 2250//
f 1357// 1356// 2225//
f 2251// 2250// 1356//
f 2258// 3442// 2256//
f 1356// 2231// 3453//
f 2251// 3453// 2258//
f 3453// 3442// 2258//
f 3453// 3454// 3455//
f 3456// 3455// 3454//
f 3152// 3442// 3453//
f 3455// 3152// 3453//
f 3152// 3153// 3442//
f 3457// 3152// 3458//
f 3455// 3459// 3152//
f 3457// 3460// 3154//
f 3154// 3152// 3457//
f 3460// 3157// 3154//
f 3458// 3152// 3459//
f 3461// 3462// 3463//
f 3464// 3465// 3466//
f 3467// 3468// 3461//
f 3467// 3461// 3463//
f 3469// 3461// 3468//
f 3461// 3470// 3471//
f 3469// 3470// 3461//
f 3472// 3473// 3474//
f 3471// 3475// 3461//
f 3476// 3477// 3478//
f 3461// 3479// 3478//
f 3480// 3478// 3481//
f 3482// 3478// 3483//
f 3482// 3481// 3478//
f 3478// 3484// 3485//
f 3483// 3478// 3485//
f 3484// 3478// 3486//
f 3487// 3476// 3478//
f 3488// 3486// 3478//
f 3472// 3489// 3490//
f 3491// 3492// 3493//
f 3494// 3495// 3466//
f 3496// 3472// 3474//
f 3490// 3473// 3472//
f 3461// 3475// 3496//
f 3496// 3475// 3472//
f 3461// 3497// 3479//
f 3461// 3496// 3497//
f 3478// 3479// 3487//
f 3466// 3488// 3477//
f 3477// 3488// 3478//
f 3498// 3466// 3499//
f 3466// 3477// 3499//
f 3466// 3498// 3464//
f 3466// 3465// 3494//
f 3500// 3495// 3501//
f 3495// 3494// 3501//
f 3502// 3495// 3503//
f 3495// 3500// 3503//
f 3495// 3504// 3505//
f 3495// 3502// 3504//
f 3495// 3505// 3493//
f 3506// 3493// 3507//
f 3493// 3505// 3507//
f 3508// 3493// 3509//
f 3493// 3506// 3509//
f 3492// 3510// 3493//
f 3493// 3508// 3491//
f 3489// 3472// 3510//
f 3493// 3510// 3472//
f 3511// 3512// 3513//
f 3514// 3515// 3516//
f 3517// 3518// 3519//
f 3520// 3521// 3522//
f 3523// 3524// 3525//
f 3493// 3521// 3526//
f 3520// 3526// 3521//
f 3495// 3493// 3526//
f 3525// 3524// 3522//
f 3524// 3520// 3522//
f 3523// 3514// 3516//
f 3523// 3525// 3514//
f 3515// 3517// 3519//
f 3516// 3515// 3519//
f 3511// 3513// 3518//
f 3517// 3511// 3518//
f 3527// 3528// 3529//
f 3530// 3531// 3532//
f 3533// 3534// 3531//
f 3535// 3536// 3531//
f 3535// 3531// 3534//
f 3531// 3537// 3538//
f 3536// 3537// 3531//
f 3539// 3540// 3541//
f 3538// 3542// 3531//
f 3543// 3529// 3531//
f 3543// 3531// 3542//
f 3544// 3531// 3530//
f 3545// 3546// 3547//
f 3548// 3547// 3549//
f 3550// 3551// 3552//
f 3539// 3553// 3554//
f 3555// 3556// 3557//
f 3558// 3559// 3560//
f 3540// 3558// 3541//
f 3559// 3558// 3540//
f 3561// 3562// 3563//
f 3539// 3554// 3540//
f 3564// 3562// 3565//
f 3539// 3566// 3553//
f 3567// 3562// 3568//
f 3569// 3570// 3566//
f 3566// 3570// 3553//
f 3569// 3557// 3556//
f 3557// 3569// 3566//
f 3549// 3555// 3557//
f 3571// 3572// 3573//
f 3574// 3555// 3549//
f 3575// 3576// 3577//
f 3578// 3573// 3577//
f 3579// 3575// 3567//
f 3567// 3575// 3577//
f 3574// 3547// 3572//
f 3568// 3579// 3567//
f 3562// 3580// 3581//
f 3564// 3568// 3562//
f 3565// 3582// 3564//
f 3583// 3584// 3562//
f 3562// 3581// 3565//
f 3562// 3561// 3583//
f 3562// 3584// 3580//
f 3562// 3585// 3586//
f 3563// 3562// 3586//
f 3587// 3588// 3585//
f 3562// 3587// 3585//
f 3548// 3545// 3547//
f 3550// 3589// 3590//
f 3591// 3592// 3550//
f 3550// 3592// 3589//
f 3593// 3594// 3550//
f 3550// 3594// 3591//
f 3550// 3552// 3595//
f 3550// 3595// 3593//
f 3549// 3547// 3574//
f 3550// 3585// 3551//
f 3585// 3588// 3551//
f 3572// 3596// 3574//
f 3576// 3578// 3577//
f 3596// 3572// 3571//
f 3572// 3577// 3573//
f 3544// 3547// 3597//
f 3547// 3546// 3597//
f 3547// 3544// 3530//
f 3531// 3528// 3598//
f 3532// 3531// 3598//
f 3599// 3600// 3529//
f 3531// 3529// 3528//
f 3529// 3600// 3527//
f 3529// 3601// 3599//
f 3590// 3601// 3529//
f 3602// 3603// 3590//
f 3590// 3603// 3601//
f 3604// 3605// 3590//
f 3590// 3605// 3602//
f 3589// 3606// 3590//
f 3590// 3606// 3604//
f 3607// 3550// 3590//
f 3608// 3609// 3610//
f 3611// 3612// 3613//
f 3614// 3615// 3616//
f 3617// 3618// 3619//
f 3620// 3615// 3621//
f 3614// 3621// 3615//
f 3622// 3620// 3621//
f 3619// 3618// 3616//
f 3618// 3614// 3616//
f 3617// 3608// 3610//
f 3617// 3619// 3608//
f 3609// 3611// 3613//
f 3610// 3609// 3613//
f 3607// 3590// 3612//
f 3611// 3607// 3612//
f 3623// 3624// 3625//
f 3625// 3626// 3623//
f 3627// 3625// 3628//
f 3625// 3627// 3626//
f 3629// 3628// 3630//
f 3629// 3627// 3628//
f 3630// 3628// 3631//
f 3624// 3632// 3625//
f 2075// 3633// 3634//
f 3635// 3636// 3637//
f 2068// 2063// 3638//
f 3638// 3639// 2068//
f 2075// 2068// 3640//
f 3639// 3640// 2068//
f 3641// 3642// 3643//
f 3644// 3645// 3635//
f 3636// 3635// 3645//
f 3646// 3645// 3644//
f 3647// 3646// 3648//
f 3649// 3637// 3636//
f 3648// 3646// 3644//
f 3640// 3643// 3650//
f 3641// 3649// 3642//
f 3649// 3641// 3637//
f 3650// 3643// 3642//
f 3633// 2075// 3650//
f 3640// 3650// 2075//
f 2075// 3634// 2108//
f 3622// 3457// 3458//
f 3622// 3458// 3620//
f 3622// 3460// 3457//
f 3459// 3620// 3458//
f 3626// 3627// 3512//
f 3626// 3512// 3623//
f 3512// 3624// 3623//
f 3629// 3513// 3627//
f 3512// 3627// 3513//
f 3630// 3513// 3629//
f 3651// 3652// 213//
f 3652// 3653// 213//
f 3631// 3168// 213//
f 3654// 3655// 213//
f 213// 3655// 3651//
f 3656// 3654// 213//
f 3657// 213// 2035//
f 3657// 3656// 213//
f 3630// 3631// 3658//
f 3659// 3657// 2108//
f 3660// 3661// 2108//
f 3662// 2108// 3663//
f 3664// 213// 3665//
f 3666// 2108// 3667//
f 2108// 3662// 3667//
f 2108// 3661// 3668//
f 3660// 2108// 3666//
f 2108// 3669// 3659//
f 3668// 3669// 2108//
f 3657// 2035// 2108//
f 2034// 181// 2032//
f 2034// 2035// 181//
f 2029// 181// 2028//
f 2029// 2032// 181//
f 2028// 181// 2026//
f 181// 2021// 2022//
f 2026// 181// 2022//
f 181// 2016// 2018//
f 2021// 181// 2018//
f 181// 2048// 2047//
f 2016// 181// 2047//
f 181// 2042// 2045//
f 2048// 181// 2045//
f 2035// 213// 181//
f 3653// 3665// 213//
f 3631// 213// 3658//
f 3168// 3631// 3670//
f 3658// 213// 3664//
f 3455// 3456// 3671//
f 3672// 3673// 3674//
f 3671// 3456// 3675//
f 3456// 3676// 3675//
f 3677// 3678// 3679//
f 3680// 3681// 3682//
f 3683// 3684// 3685//
f 3686// 3687// 3688//
f 3689// 3690// 3691//
f 3692// 3693// 3694//
f 3692// 3695// 3693//
f 3694// 3693// 3696//
f 3697// 3696// 3693//
f 3698// 3699// 3686//
f 3699// 3698// 3696//
f 3700// 3687// 3701//
f 3702// 3703// 3704//
f 3701// 3705// 3706//
f 3707// 3691// 3702//
f 3708// 3705// 3709//
f 3710// 3711// 3690//
f 3712// 3713// 3711//
f 3714// 3709// 3673//
f 3713// 3715// 3716//
f 3684// 3716// 3717//
f 3674// 3718// 3719//
f 3720// 3721// 3722//
f 3722// 3721// 3718//
f 3723// 3722// 3682//
f 3723// 3724// 3722//
f 3725// 3723// 3682//
f 3725// 3682// 3681//
f 3678// 3726// 3727//
f 3678// 3727// 3456//
f 3680// 3682// 3632//
f 3676// 3456// 3727//
f 3680// 3632// 3728//
f 3728// 3632// 3624//
f 3729// 3455// 3671//
f 3678// 3683// 3679//
f 3720// 3722// 3724//
f 3719// 3718// 3721//
f 3672// 3674// 3719//
f 3714// 3673// 3672//
f 3708// 3709// 3714//
f 3706// 3705// 3708//
f 3700// 3701// 3706//
f 3707// 3689// 3691//
f 3688// 3687// 3700//
f 3704// 3707// 3702//
f 3698// 3686// 3688//
f 3730// 3695// 3731//
f 3696// 3697// 3699//
f 3703// 3731// 3704//
f 3695// 3732// 3733//
f 3695// 3692// 3732//
f 3731// 3695// 3733//
f 3731// 3703// 3730//
f 3710// 3690// 3689//
f 3712// 3711// 3710//
f 3715// 3713// 3712//
f 3717// 3716// 3715//
f 3685// 3684// 3717//
f 3679// 3683// 3685//
f 3726// 3678// 3677//
f 3455// 3729// 3459//
f 252// 188// 2057//
f 2063// 3734// 3735//
f 3736// 188// 3737//
f 3736// 3738// 188//
f 3739// 3737// 188//
f 3740// 188// 3741//
f 3739// 188// 3742//
f 188// 3157// 3743//
f 3744// 3741// 188//
f 3745// 3744// 188//
f 188// 3162// 3157//
f 3460// 3743// 3157//
f 2063// 3746// 3734//
f 3157// 3162// 3156//
f 3747// 3748// 2063//
f 3743// 3745// 188//
f 2063// 3735// 3747//
f 2042// 252// 2012//
f 3740// 3742// 188//
f 2049// 252// 2051//
f 2008// 2013// 252//
f 252// 2013// 2012//
f 2005// 2009// 252//
f 252// 2009// 2008//
f 2038// 2015// 252//
f 252// 2015// 2005//
f 252// 2049// 2039//
f 252// 2039// 2038//
f 2063// 2057// 188//
f 252// 2055// 2054//
f 2051// 252// 2054//
f 2055// 252// 2057//
f 188// 3738// 2063//
f 3749// 2063// 3738//
f 2063// 3750// 3746//
f 3750// 2063// 3751//
f 3751// 2063// 3752//
f 2063// 3749// 3752//
f 3167// 3168// 3670//
f 3670// 3753// 3167//
f 3169// 3167// 3753//
f 3169// 3165// 3167//
f 3753// 3170// 3169//
f 3754// 3755// 3171//
f 3670// 3628// 3753//
f 3754// 3171// 3756//
f 3171// 3755// 3172//
f 3756// 3171// 2001//
f 2001// 3171// 2004//
f 3753// 2004// 3170//
f 3171// 3170// 2004//
f 3628// 3670// 3631//
f 3628// 2004// 3753//
f 3757// 3754// 3758//
f 3754// 3756// 3758//
f 3758// 3756// 2001//
f 3757// 3755// 3754//
f 1997// 2000// 3759//
f 2000// 3758// 3759//
f 3760// 3757// 3761//
f 3759// 3762// 1997//
f 3757// 1997// 3762//
f 3758// 2000// 3761//
f 3757// 3760// 1997//
f 3757// 3758// 3761//
f 3763// 3764// 3765//
f 3764// 3763// 3766//
f 3767// 3768// 3769//
f 3770// 3768// 3767//
f 3770// 3767// 3771//
f 3768// 3772// 3769//
f 3768// 3773// 3772//
f 3770// 3771// 3774//
f 3775// 3771// 3182//
f 3771// 3775// 3774//
f 3772// 3773// 3776//
f 3772// 3776// 3181//
f 3182// 3181// 3775//
f 3776// 3775// 3181//
f 3771// 3777// 3778//
f 3771// 3778// 3182//
f 3778// 3779// 3182//
f 3183// 3779// 3780//
f 3779// 3183// 3182//
f 3779// 3778// 3781//
f 1360// 3187// 3183//
f 3183// 3186// 3184//
f 3187// 1360// 1359//
f 3183// 3187// 3186//
f 3189// 3187// 1359//
f 3782// 1360// 3183//
f 2230// 1360// 3782//
f 3780// 3782// 3183//
f 3454// 3453// 2231//
f 3783// 3784// 3785//
f 3786// 3787// 3788//
f 3789// 3790// 3791//
f 2231// 2230// 3454//
f 3786// 3792// 3793//
f 3794// 3795// 3796//
f 3797// 3798// 3785//
f 3799// 3800// 3801//
f 3802// 3803// 3794//
f 3800// 3799// 3804//
f 3805// 3804// 3799//
f 3801// 3800// 3803//
f 3796// 3802// 3794//
f 3802// 3801// 3803//
f 3795// 3797// 3796//
f 3798// 3783// 3785//
f 3795// 3798// 3797//
f 3783// 3793// 3784//
f 3786// 3788// 3792//
f 3793// 3792// 3784//
f 3787// 3806// 3788//
f 3806// 3807// 3791//
f 3807// 3806// 3787//
f 3782// 3790// 2230//
f 3791// 3807// 3789//
f 3454// 3790// 3789//
f 2230// 3790// 3454//
f 3804// 3695// 3730//
f 3805// 3695// 3804//
f 3803// 3702// 3794//
f 3804// 3730// 3800//
f 3800// 3703// 3803//
f 3702// 3803// 3703//
f 3794// 3702// 3691//
f 3795// 3794// 3691//
f 3795// 3691// 3690//
f 3716// 3684// 3786//
f 3690// 3711// 3798//
f 3711// 3783// 3798//
f 3786// 3793// 3716//
f 3793// 3783// 3713//
f 3711// 3713// 3783//
f 3713// 3716// 3793//
f 3798// 3795// 3690//
f 3730// 3703// 3800//
f 3787// 3683// 3807//
f 3684// 3683// 3787//
f 3789// 3807// 3678//
f 3683// 3678// 3807//
f 3786// 3684// 3787//
f 3789// 3678// 3456//
f 3456// 3454// 3789//
f 3805// 3693// 3695//
f 3799// 3697// 3693//
f 3693// 3805// 3799//
f 3697// 3801// 3699//
f 3801// 3697// 3799//
f 3686// 3699// 3802//
f 3801// 3802// 3699//
f 3796// 3687// 3686//
f 3686// 3802// 3796//
f 3687// 3797// 3701//
f 3797// 3687// 3796//
f 3705// 3701// 3785//
f 3797// 3785// 3701//
f 3784// 3709// 3705//
f 3705// 3785// 3784//
f 3709// 3792// 3673//
f 3792// 3709// 3784//
f 3674// 3673// 3788//
f 3792// 3788// 3673//
f 3806// 3718// 3674//
f 3674// 3788// 3806//
f 3718// 3791// 3722//
f 3791// 3718// 3806//
f 3791// 3790// 3722//
f 3722// 3790// 3682//
f 3780// 3779// 3625//
f 3780// 3625// 3782//
f 3790// 3782// 3632//
f 3782// 3625// 3632//
f 3632// 3682// 3790//
f 3808// 3809// 3810//
f 3808// 3810// 3811//
f 3812// 3809// 3808//
f 3812// 3813// 3809//
f 3810// 3814// 3811//
f 3815// 3814// 3816//
f 3814// 3815// 3811//
f 3815// 3816// 3817//
f 3818// 3819// 3813//
f 3813// 3812// 3818//
f 3810// 3816// 3814//
f 3816// 3810// 3809//
f 3813// 3816// 3809//
f 3820// 3816// 3813//
f 3821// 3820// 3813//
f 3813// 3819// 3821//
f 3822// 3817// 3816//
f 3816// 3820// 3822//
f 3812// 3823// 3818//
f 3823// 3812// 3822//
f 3817// 3808// 3811//
f 3811// 3815// 3817//
f 3812// 3808// 3817//
f 3812// 3817// 3822//
f 3823// 3820// 3821//
f 3820// 3823// 3822//
f 1982// 2002// 2004//
f 1982// 2004// 3823//
f 3628// 3818// 3823//
f 3779// 1980// 3625//
f 3821// 3819// 3625//
f 1980// 3779// 3781//
f 1982// 3821// 1980//
f 3628// 3823// 2004//
f 3821// 1982// 3823//
f 3625// 3818// 3628//
f 3625// 3819// 3818//
f 3625// 1980// 3821//
f 1981// 3777// 3824//
f 1981// 1980// 3778//
f 3778// 3777// 1981//
f 1980// 3781// 3778//
f 3825// 1979// 1981//
f 3825// 1981// 3824//
f 1979// 3825// 3826//
f 3826// 2003// 1979//
f 1979// 2003// 1982//
f 2003// 2002// 1982//
f 3758// 2003// 3826//
f 2003// 3758// 2001//
f 3777// 3771// 3824//
f 3758// 3825// 3759//
f 3767// 3825// 3824//
f 3824// 3771// 3767//
f 3825// 3767// 3759//
f 3825// 3758// 3826//
f 3767// 3769// 3762//
f 3767// 3762// 3759//
f 3772// 3181// 3176//
f 3757// 3827// 3828//
f 3755// 3757// 3828//
f 3827// 3757// 3762//
f 3769// 3827// 3762//
f 3829// 3769// 3772//
f 3827// 3769// 3829//
f 3829// 3772// 3176//
f 3177// 3178// 3830//
f 3831// 3178// 3180//
f 3178// 3831// 3830//
f 1798// 3832// 3180//
f 3831// 3180// 3832//
f 1800// 3832// 1798//
f 3833// 3177// 3830//
f 3833// 3834// 3175//
f 3175// 3177// 3833//
f 3179// 3834// 3829//
f 3834// 3179// 3175//
f 3179// 3829// 3176//
f 1190// 1799// 1795//
f 2073// 1785// 1807//
f 1807// 2078// 2073//
f 1791// 2073// 1197//
f 2073// 1791// 1785//
f 1197// 1210// 1791//
f 1197// 2073// 1208//
f 1795// 1791// 1210//
f 1189// 1799// 1190//
f 1190// 1795// 1210//
f 1189// 1800// 1799//
f 3835// 3830// 3831//
f 3836// 3832// 1189//
f 3837// 3834// 3838//
f 3833// 3838// 3834//
f 3837// 3827// 3829//
f 3829// 3834// 3837//
f 3833// 3839// 3838//
f 3835// 3839// 3830//
f 3833// 3830// 3839//
f 3835// 3831// 3836//
f 1189// 3832// 1800//
f 3836// 3831// 3832//
f 3840// 3841// 3839//
f 3838// 3841// 3842//
f 3841// 3838// 3839//
f 3828// 3837// 3842//
f 3838// 3842// 3837//
f 3827// 3837// 3828//
f 3835// 3840// 3839//
f 3835// 3836// 3843//
f 3843// 3840// 3835//
f 3844// 3836// 1189//
f 3836// 3844// 3843//
f 3844// 1189// 1193//
f 1191// 1192// 3172//
f 1193// 1191// 3172//
f 3828// 3844// 1193//
f 1194// 1195// 3172//
f 1194// 3172// 1192//
f 1188// 3172// 1195//
f 1193// 3172// 3755//
f 3841// 3828// 3842//
f 1193// 3755// 3828//
f 3828// 3840// 3843//
f 3841// 3840// 3828//
f 3843// 3844// 3828//
f 3845// 3846// 3847//
f 3846// 3845// 3848//
f 3846// 3848// 3849//
f 3846// 3849// 3850//
f 3851// 1305// 3852//
f 2098// 1297// 1296//
f 1305// 1304// 3852//
f 1300// 2076// 1295//
f 2099// 1295// 2076//
f 1299// 2077// 1300//
f 1300// 2077// 2076//
f 2436// 3853// 2433//
f 2100// 1299// 1298//
f 2082// 2079// 1339//
f 2104// 1306// 3850//
f 2078// 1333// 2074//
f 2573// 2578// 2109//
f 1337// 2084// 2083//
f 1345// 1343// 2088//
f 1341// 2086// 2085//
f 1348// 2092// 1347//
f 1346// 2090// 1344//
f 2096// 1289// 1294//
f 2094// 1290// 1291//
f 2098// 1296// 2099//
f 1293// 1292// 2080//
f 3851// 1306// 1305//
f 2099// 1296// 1295//
f 1302// 2101// 1298//
f 2100// 2077// 1299//
f 2102// 1303// 2103//
f 1303// 2102// 1302//
f 1301// 2104// 2103//
f 2103// 1303// 1301//
f 3849// 2104// 3850//
f 1301// 1306// 2104//
f 3849// 3854// 2072//
f 2072// 2104// 3849//
f 2443// 3854// 2436//
f 2072// 3854// 2443//
f 2428// 3855// 3856//
f 3855// 2433// 3853//
f 2101// 1302// 2102//
f 3856// 2425// 2428//
f 1298// 2101// 2100//
f 3851// 3850// 1306//
f 2436// 3854// 3853//
f 2478// 2064// 2471//
f 2443// 2446// 2072//
f 2478// 2061// 2060//
f 2064// 2478// 2060//
f 2062// 2061// 2483//
f 2478// 2483// 2061//
f 2058// 2059// 2488//
f 2488// 2062// 2483//
f 2058// 2489// 2056//
f 2489// 2058// 2488//
f 2053// 2056// 2489//
f 2053// 2494// 2052//
f 2053// 2489// 2494//
f 2037// 2499// 2043//
f 2050// 2494// 2499//
f 2007// 2508// 2513//
f 2006// 2043// 2503//
f 2523// 2011// 2519//
f 2513// 2014// 2010//
f 2044// 2529// 2046//
f 2040// 2524// 2041//
f 2025// 2024// 2553//
f 2538// 2544// 2017//
f 2106// 2564// 2569//
f 2564// 2106// 2105//
f 2569// 2573// 2107//
f 2107// 2106// 2569//
f 1196// 1198// 2606//
f 2107// 2573// 2109//
f 2111// 2110// 2578//
f 2578// 2110// 2109//
f 2111// 2583// 2112//
f 2583// 2111// 2578//
f 2588// 2113// 2112//
f 2112// 2583// 2588//
f 2341// 1216// 1215//
f 2114// 2598// 2115//
f 2602// 2606// 1198//
f 2624// 1215// 1214//
f 1211// 2614// 1212//
f 2614// 1211// 1196//
f 1213// 2617// 2619//
f 1213// 2619// 1217//
f 2619// 2346// 1217//
f 1213// 1212// 2617//
f 2617// 1212// 2614//
f 2606// 2614// 1196//
f 1214// 1217// 2346//
f 2624// 1214// 2346//
f 1209// 2599// 2602//
f 1198// 1209// 2602//
f 1215// 2624// 2341//
f 2599// 1209// 2115//
f 2341// 141// 1216//
f 2598// 2599// 2115//
f 2593// 2598// 2114//
f 1216// 141// 140//
f 2593// 2114// 2113//
f 2588// 2593// 2113//
f 2564// 2105// 2036//
f 2033// 2558// 2036//
f 2564// 2036// 2558//
f 2558// 2031// 2559//
f 2031// 2558// 2033//
f 2027// 2559// 2030//
f 2559// 2031// 2030//
f 2553// 2027// 2025//
f 2027// 2553// 2559//
f 2548// 2553// 2024//
f 2023// 2544// 2548//
f 2548// 2024// 2023//
f 2544// 2020// 2017//
f 2023// 2020// 2544//
f 2019// 2538// 2017//
f 2019// 2046// 2534//
f 2534// 2538// 2019//
f 2044// 2041// 2529//
f 2534// 2046// 2529//
f 2040// 2523// 2524//
f 2041// 2524// 2529//
f 2014// 2519// 2011//
f 2011// 2523// 2040//
f 2513// 2010// 2007//
f 2513// 2519// 2014//
f 2508// 2007// 2006//
f 2503// 2043// 2499//
f 2508// 2006// 2503//
f 2037// 2050// 2499//
f 2050// 2052// 2494//
f 2059// 2062// 2488//
f 2468// 2471// 2065//
f 2064// 2065// 2471//
f 2468// 2066// 2463//
f 2066// 2468// 2065//
f 2067// 2459// 2463//
f 2463// 2066// 2067//
f 2453// 2459// 2069//
f 2067// 2069// 2459//
f 2453// 2071// 2447//
f 2071// 2453// 2069//
f 2070// 2446// 2447//
f 2447// 2071// 2070//
f 2070// 2072// 2446//
f 3856// 3857// 2425//
f 2433// 3855// 2428//
f 3857// 3858// 2412//
f 2412// 2417// 3857//
f 95// 879// 3858//
f 2412// 3858// 879//
f 3857// 2417// 2425//
f 95// 96// 879//
f 1308// 3859// 1309//
f 1297// 2098// 2081//
f 2081// 1292// 1297//
f 3860// 3852// 1304//
f 2097// 1293// 2080//
f 2080// 1292// 2081//
f 3860// 1304// 1309//
f 1294// 2097// 2096//
f 2097// 1294// 1293//
f 1309// 3859// 3860//
f 1308// 1307// 3861//
f 3861// 3859// 1308//
f 1312// 3862// 1307//
f 3861// 1307// 3862//
f 81// 1312// 80//
f 1312// 81// 3862//
f 1289// 2096// 2095//
f 2094// 1291// 2095//
f 1289// 2095// 1291//
f 1348// 1290// 2093//
f 1290// 2094// 2093//
f 2091// 1347// 2092//
f 2092// 1348// 2093//
f 2091// 2090// 1346//
f 1346// 1347// 2091//
f 2089// 1343// 1344//
f 2089// 1344// 2090//
f 2088// 2087// 1345//
f 2089// 2088// 1343//
f 1340// 2087// 2086//
f 2087// 1340// 1345//
f 1342// 1341// 2085//
f 1341// 1340// 2086//
f 2084// 1337// 1342//
f 1342// 2085// 2084//
f 2082// 1338// 2083//
f 1338// 1337// 2083//
f 2079// 1336// 1339//
f 2082// 1339// 1338//
f 1336// 2074// 1333//
f 2074// 1336// 2079//
f 1333// 3863// 1334//
f 1807// 1333// 2078//
f 1787// 3864// 3863//
f 3865// 1786// 1790//
f 3864// 1787// 1786//
f 1789// 3866// 1790//
f 3866// 3865// 1790//
f 3867// 1797// 1794//
f 1797// 3867// 3866//
f 3868// 3867// 1794//
f 1809// 3869// 1796//
f 3868// 1796// 3869//
f 1787// 3863// 1807//
f 1333// 1807// 3863//
f 1786// 3865// 3864//
f 3868// 1794// 1796//
f 1789// 1797// 3866//
f 1809// 1808// 3870//
f 3870// 3869// 1809//
f 3870// 1808// 175//
f 1808// 176// 175//
f 51// 3407// 58//
f 3871// 3438// 3407//
f 3407// 51// 3871//
f 3871// 51// 3872//
f 50// 1978// 51//
f 3872// 51// 1978//
f 3872// 1977// 3439//
f 3439// 3871// 3872//
f 3439// 3438// 3871//
f 1977// 3872// 1978//
f 3873// 3874// 1977//
f 1976// 1973// 3873//
f 1977// 3874// 3439//
f 3875// 1973// 3876//
f 1977// 1976// 3873//
f 3875// 3873// 1973//
f 3874// 3876// 3439//
f 1973// 3439// 3876//
f 3441// 3439// 1973//
f 3441// 3440// 3439//
f 1973// 1975// 3443//
f 3443// 3441// 1973//
f 3443// 3449// 3444//
f 82// 85// 3449//
f 3849// 3848// 3854//
f 1966// 3858// 3857//
f 3856// 3855// 1966//
f 3845// 1967// 1966//
f 1966// 3848// 3845//
f 53// 1974// 1978//
f 3443// 1974// 3449//
f 1971// 92// 95//
f 3854// 3848// 3853//
f 89// 3449// 86//
f 3855// 3853// 1966//
f 3848// 1966// 3853//
f 3856// 1966// 3857//
f 95// 1966// 1971//
f 1966// 95// 3858//
f 3450// 91// 92//
f 92// 1971// 3450//
f 3449// 89// 91//
f 3450// 3449// 91//
f 39// 82// 3449//
f 86// 3449// 85//
f 39// 1974// 48//
f 1974// 39// 3449//
f 1974// 53// 45//
f 50// 53// 1978//
f 3443// 1975// 1974//
f 48// 1974// 45//
f 1972// 3451// 3450//
f 1972// 3450// 1971//
f 3452// 1972// 3877//
f 3452// 3451// 1972//
f 3878// 3879// 2253//
f 3878// 3452// 1962//
f 3452// 3878// 2253//
f 1962// 3452// 3877//
f 3879// 2254// 2253//
f 3880// 3881// 3882//
f 3880// 2237// 3883//
f 3882// 3881// 3884//
f 3880// 3883// 3881//
f 2237// 3885// 3883//
f 3884// 3881// 3886//
f 3884// 3886// 3887//
f 3888// 1955// 1952//
f 3889// 1955// 3888//
f 2234// 1955// 3889//
f 2233// 3887// 3886//
f 2233// 3886// 2234//
f 1955// 2234// 3886//
f 1970// 1969// 3890//
f 3890// 1972// 1970//
f 3890// 1959// 1972//
f 1969// 3891// 3890//
f 1959// 3877// 1972//
f 1959// 1956// 3877//
f 3891// 3892// 3893//
f 3891// 3893// 3890//
f 1964// 3877// 1956//
f 3877// 1964// 1963//
f 3877// 1963// 1962//
f 1956// 1958// 1964//
f 3880// 3882// 3887//
f 3880// 2233// 2237//
f 2233// 3880// 3887//
f 3884// 3887// 3882//
f 1969// 3894// 3891//
f 3895// 3896// 3897//
f 3898// 3899// 3888//
f 3900// 3895// 3901//
f 3900// 3896// 3895//
f 3901// 3847// 1951//
f 3845// 3847// 3901//
f 3902// 3903// 1951//
f 3902// 3904// 3905//
f 3904// 3902// 3906//
f 3902// 3905// 3903//
f 3907// 3902// 1951//
f 3908// 1948// 3909//
f 3908// 3910// 1948//
f 1948// 3888// 3911//
f 3911// 3909// 1948//
f 3911// 3888// 3899//
f 3888// 3912// 3913//
f 3912// 3888// 3914//
f 3914// 1952// 1954//
f 1952// 3914// 3888//
f 3891// 3894// 3892//
f 3898// 3888// 3913//
f 3910// 3907// 1951//
f 1948// 3910// 1951//
f 3901// 1951// 3903//
f 3901// 1967// 3845//
f 3901// 3895// 1967//
f 1965// 3915// 3916//
f 3917// 3918// 1969//
f 1969// 3918// 3919//
f 1969// 3919// 3894//
f 1965// 3917// 1969//
f 3916// 3920// 1965//
f 1965// 3920// 3917//
f 3915// 1965// 3921//
f 3922// 3921// 1967//
f 1965// 1967// 3921//
f 3895// 3923// 1967//
f 1967// 3923// 3922//
f 1948// 3889// 3888//
f 3889// 1948// 1950//
f 1950// 3924// 2234//
f 1950// 1949// 3924//
f 1950// 2234// 3889//
f 2235// 2234// 3925//
f 3925// 2234// 3924//
f 2238// 2232// 2249//
f 2235// 3926// 2119//
f 2121// 2249// 2232//
f 2121// 2232// 2235//
f 3926// 2235// 3925//
f 2121// 2235// 2119//
f 2161// 2122// 2119//
f 2161// 2119// 3926//
f 3862// 1949// 3861//
f 3846// 3850// 3851//
f 3406// 2138// 3926//
f 3859// 1949// 3860//
f 3847// 1949// 1951//
f 3846// 1949// 3847//
f 3926// 76// 75//
f 3851// 3852// 3846//
f 78// 3924// 81//
f 3860// 1949// 3852//
f 3846// 3852// 1949//
f 3859// 3861// 1949//
f 81// 3924// 1949//
f 1949// 3862// 81//
f 78// 3925// 3924//
f 3926// 3925// 76//
f 78// 76// 3925//
f 59// 3406// 67//
f 70// 3926// 72//
f 3926// 75// 72//
f 65// 3926// 69//
f 3926// 70// 69//
f 65// 67// 3406//
f 63// 62// 3404//
f 3404// 3406// 63//
f 3406// 59// 63//
f 3406// 3926// 65//
f 2136// 2138// 3406//
f 2138// 2161// 3926//
f 2137// 3423// 3424//
f 2136// 3406// 3405//
f 3423// 2137// 3403//
f 2136// 3401// 2137//
f 3403// 2137// 3401//
f 2136// 3405// 3401//
f 3419// 3420// 2145//
f 2140// 3420// 3416//
f 3420// 2140// 2145//
f 2140// 3436// 3435//
f 3416// 3436// 2140//
f 3434// 2141// 3435//
f 2140// 3435// 2141//
f 3432// 2141// 3433//
f 2141// 3434// 3433//
f 3428// 2142// 2141//
f 2141// 3432// 3428//
f 3429// 3431// 2142//
f 3429// 2142// 3428//
f 2142// 3430// 2134//
f 3430// 2142// 3431//
f 3430// 3427// 2134//
f 3427// 3426// 2134//
f 2145// 3421// 3419//
f 2145// 2137// 3422//
f 3422// 3421// 2145//
f 2137// 3425// 3422//
f 3425// 2137// 3424//
f 2131// 2134// 3426//
f 2131// 3399// 3397//
f 2131// 3397// 3398//
f 3399// 2131// 3426//
f 3398// 2130// 2131//
f 2123// 3370// 3373//
f 2124// 3373// 3927//
f 3398// 2123// 2130//
f 2124// 3927// 3928//
f 2123// 3373// 2124//
f 3398// 3396// 2123//
f 2123// 3396// 3370//
f 3927// 3929// 3928//
f 3929// 3927// 3930//
f 2125// 3931// 3932//
f 3931// 2125// 3929//
f 2124// 3928// 2125//
f 2125// 3928// 3929//
f 2128// 2126// 2125//
f 2128// 2125// 3932//
f 3932// 3931// 3933//
f 2128// 1424// 1370//
f 2162// 1370// 2118//
f 2147// 2127// 2162//
f 3933// 1424// 3932//
f 2127// 2128// 2162//
f 1424// 2128// 3932//
f 1370// 2162// 2128//
f 1945// 1947// 1508//
f 3445// 3934// 3935//
f 1506// 1508// 1947//
f 3196// 1947// 3934//
f 3445// 3196// 3934//
f 3196// 1506// 1947//
f 3936// 3445// 3935//
f 3445// 3936// 3448//
f 3937// 3448// 3936//
f 3937// 3446// 3448//
f 3937// 3447// 3446//
f 3937// 3938// 3447//
f 3199// 3447// 3938//
f 3199// 3198// 3447//
f 3199// 3938// 3939//
f 3939// 3200// 3199//
f 3940// 3214// 3200//
f 3243// 3234// 3232//
f 3243// 3246// 3234//
f 3246// 3219// 3237//
f 3246// 3237// 3234//
f 3219// 3246// 3207//
f 3205// 3207// 3197//
f 3246// 3197// 3207//
f 3210// 3211// 3197//
f 3197// 3211// 3205//
f 3216// 3208// 3197//
f 3197// 3208// 3210//
f 3197// 3214// 3216//
f 3197// 3200// 3214//
f 3200// 3939// 3940//
f 3214// 3941// 3218//
f 3214// 3940// 3941//
f 3942// 3218// 3941//
f 3942// 3943// 3218//
f 3944// 3209// 3945//
f 3946// 3945// 3217//
f 3209// 3217// 3945//
f 3215// 3943// 3946//
f 3946// 3217// 3215//
f 3218// 3943// 3215//
f 3944// 3947// 3212//
f 3212// 3209// 3944//
f 3213// 3947// 3948//
f 3947// 3213// 3212//
f 3213// 3948// 3206//
f 3206// 3948// 3949//
f 3220// 3949// 3950//
f 3220// 3206// 3949//
f 3230// 3235// 3951//
f 3952// 3235// 3236//
f 3235// 3952// 3951//
f 3236// 3220// 3950//
f 3952// 3236// 3950//
f 3230// 3951// 3953//
f 3953// 3954// 3223//
f 3223// 3230// 3953//
f 3221// 3954// 3955//
f 3954// 3221// 3223//
f 3221// 3955// 3226//
f 3226// 3955// 3956//
f 3956// 3957// 3958//
f 3958// 3226// 3956//
f 3241// 3238// 3226//
f 3202// 3204// 3241//
f 3226// 3238// 3240//
f 3202// 3241// 3958//
f 3228// 3226// 3242//
f 3226// 3240// 3242//
f 3958// 3241// 3226//
f 3959// 3201// 3239//
f 3960// 3204// 3201//
f 3204// 3960// 3241//
f 3959// 3239// 3961//
f 3201// 3959// 3960//
f 3241// 3961// 3239//
f 3960// 3962// 3241//
f 3241// 3962// 3961//
f 3963// 3961// 3962//
f 3964// 3965// 3966//
f 3967// 3968// 3965//
f 3963// 3968// 3967//
f 3964// 3967// 3965//
f 3962// 3968// 3963//
f 3964// 3969// 3970//
f 3969// 3964// 3966//
f 3971// 3972// 3973//
f 3974// 3975// 3971//
f 3971// 3975// 3972//
f 3974// 3976// 3977//
f 3976// 3974// 3971//
f 3978// 3976// 3979//
f 3978// 3980// 3976//
f 3981// 3979// 3982//
f 3981// 3978// 3979//
f 3983// 3984// 3982//
f 3982// 3979// 3983//
f 3970// 3985// 3983//
f 3984// 3983// 3985//
f 3980// 3977// 3976//
f 3970// 3969// 3985//
f 3972// 3986// 3973//
f 3987// 3973// 3988//
f 3986// 3988// 3973//
f 3989// 3987// 3988//
f 3990// 3991// 3987//
f 3987// 3989// 3990//
f 3990// 3992// 3991//
f 3993// 3994// 3992//
f 3992// 3990// 3995//
f 3995// 3993// 3992//
f 3995// 3989// 3988//
f 3990// 3989// 3995//
f 3996// 3995// 3988//
f 3996// 3988// 3986//
f 3994// 3993// 3997//
f 3998// 3999// 3997//
f 3994// 3997// 3999//
f 4000// 3998// 4001//
f 3998// 4000// 3999//
f 4001// 4002// 4003//
f 4003// 4000// 4001//
f 1943// 4004// 4002//
f 4003// 4002// 4004//
f 1943// 1942// 4004//
f 4005// 4006// 4007//
f 4007// 4008// 4005//
f 4008// 4009// 4010//
f 4008// 4010// 4005//
f 4011// 4010// 4009//
f 4011// 4012// 4010//
f 4013// 4012// 4014//
f 4013// 4010// 4012//
f 4015// 4016// 4013//
f 4013// 4014// 4015//
f 4007// 4006// 4013//
f 4013// 4016// 4007//
f 4017// 4018// 4006//
f 4019// 4010// 4018//
f 4020// 4006// 4005//
f 4013// 4006// 4018//
f 4010// 4013// 4018//
f 4005// 4010// 4019//
f 4006// 4020// 4017//
f 4005// 4019// 4020//
f 4020// 4019// 4021//
f 4020// 4022// 4023//
f 4024// 4025// 4026//
f 4027// 4028// 4029//
f 4030// 4029// 4031//
f 4029// 4032// 4027//
f 4033// 4029// 4034//
f 4029// 4030// 4034//
f 4035// 4029// 4028//
f 4032// 4029// 4033//
f 4025// 4036// 4037//
f 4029// 4035// 4025//
f 4038// 4036// 4025//
f 4039// 4038// 4025//
f 4024// 4039// 4025//
f 4040// 4041// 4025//
f 4026// 4025// 4041//
f 4042// 4043// 4044//
f 4040// 4025// 4035//
f 4022// 4040// 4045//
f 4035// 4045// 4040//
f 4046// 4022// 4045//
f 4022// 4046// 4023//
f 4021// 4019// 4047//
f 4021// 4022// 4020//
f 4048// 4049// 4050//
f 4049// 4051// 4052//
f 4053// 4050// 4054//
f 4053// 4048// 4050//
f 4055// 4050// 4042//
f 4056// 4054// 4050//
f 4044// 4055// 4042//
f 3996// 3972// 3975//
f 4043// 4042// 4057//
f 3981// 4058// 3978//
f 3984// 4059// 3982//
f 4060// 3969// 3966//
f 3985// 3969// 4060//
f 4061// 3966// 3965//
f 4061// 4060// 3966//
f 4062// 3962// 4063//
f 4061// 3965// 4064//
f 3960// 4065// 4063//
f 4063// 3962// 3960//
f 4066// 4067// 4068//
f 4069// 4068// 4070//
f 4071// 4072// 4073//
f 4074// 4072// 4075//
f 4076// 4072// 4077//
f 4072// 4071// 4077//
f 4078// 4075// 4072//
f 4078// 4072// 4076//
f 4068// 4072// 4079//
f 4072// 4074// 4079//
f 4068// 4080// 4081//
f 4080// 4068// 4067//
f 4068// 4082// 4066//
f 4083// 4068// 4069//
f 4083// 4082// 4068//
f 4042// 4084// 4057//
f 4079// 4070// 4068//
f 4065// 4085// 4079//
f 4070// 4079// 4085//
f 4065// 4086// 4085//
f 4065// 4087// 4086//
f 4062// 3968// 3962//
f 4065// 3960// 4087//
f 4062// 4064// 3968//
f 4064// 3965// 3968//
f 4059// 3985// 4060//
f 4058// 3982// 4059//
f 3984// 3985// 4059//
f 3981// 3982// 4058//
f 4058// 4088// 3978//
f 3980// 4088// 3977//
f 3980// 3978// 4088//
f 4089// 3974// 3977//
f 3977// 4088// 4089//
f 3974// 4089// 3996//
f 3975// 3974// 3996//
f 4090// 3996// 4089//
f 3996// 3986// 3972//
f 4084// 4042// 3996//
f 4090// 4084// 3996//
f 4048// 4051// 4049//
f 4055// 4056// 4050//
f 4051// 4047// 4052//
f 4019// 4052// 4047//
f 4091// 4092// 4093//
f 4092// 4091// 4094//
f 4095// 1860// 4096//
f 1860// 1859// 4096//
f 4097// 4095// 4096//
f 4095// 4097// 4098//
f 4097// 4091// 4099//
f 4093// 4100// 4099//
f 4101// 4100// 4098//
f 4097// 4099// 4102//
f 4099// 4091// 4093//
f 4102// 1867// 4097//
f 4100// 4093// 4098//
f 1868// 4098// 4097//
f 4098// 1868// 4101//
f 1867// 4102// 4103//
f 4097// 1867// 1868//
f 4101// 4103// 4102//
f 1868// 4104// 4101//
f 4101// 4104// 4103//
f 4099// 4105// 4106//
f 4099// 4100// 4105//
f 4106// 4105// 4107//
f 4107// 4108// 4106//
f 4106// 4108// 4109//
f 4109// 4102// 4106//
f 4106// 4102// 4099//
f 4110// 4102// 4109//
f 4110// 4111// 4102//
f 4112// 4113// 4101//
f 4101// 4114// 4112//
f 4101// 4111// 4114//
f 4101// 4102// 4111//
f 3947// 3949// 3948//
f 3950// 3953// 3951//
f 4114// 3942// 4112//
f 4114// 3943// 3942//
f 3950// 3949// 4111//
f 3949// 3944// 3945//
f 3947// 3944// 3949//
f 3943// 3949// 3946//
f 3949// 3945// 3946//
f 3949// 3943// 4114//
f 4114// 4111// 3949//
f 3950// 3954// 3953//
f 3950// 3951// 3952//
f 3956// 3955// 3950//
f 3950// 3955// 3954//
f 3956// 4111// 3957//
f 4111// 3956// 3950//
f 4111// 4110// 3957//
f 4115// 3935// 3934//
f 4113// 3940// 3935//
f 4115// 4113// 3935//
f 4113// 4112// 3940//
f 3937// 3939// 3938//
f 3939// 3937// 3936//
f 3935// 3939// 3936//
f 4112// 3942// 3940//
f 3935// 3940// 3939//
f 3942// 3941// 3940//
f 1944// 4116// 4115//
f 4115// 3934// 1944//
f 1944// 3934// 1947//
f 4117// 1944// 1946//
f 4117// 4116// 1944//
f 4117// 4118// 4116//
f 4117// 4119// 4118//
f 4119// 4117// 4120//
f 4120// 1857// 4119//
f 1857// 4120// 1858//
f 1878// 1854// 1881//
f 4121// 4119// 4122//
f 1877// 1869// 1878//
f 4119// 1857// 4122//
f 1857// 1871// 4122//
f 4119// 4121// 1869//
f 1878// 1871// 1857//
f 1869// 1877// 4119//
f 1879// 1854// 1853//
f 1869// 1871// 1878//
f 1854// 1878// 1857//
f 4119// 1877// 1853//
f 1854// 1879// 1881//
f 1853// 1877// 1879//
f 1857// 1850// 1854//
f 1851// 1850// 1856//
f 1850// 1857// 1856//
f 4123// 4124// 1851//
f 4009// 4008// 4011//
f 1855// 4011// 4008//
f 4007// 1221// 1223//
f 4016// 4015// 4007//
f 1856// 1855// 4008//
f 4007// 1223// 1335//
f 4125// 4008// 1334//
f 4015// 1221// 4007//
f 1335// 1334// 4007//
f 1334// 3863// 4125//
f 4007// 1334// 4008//
f 1852// 1851// 4124//
f 1851// 1856// 4008//
f 4008// 4125// 1851//
f 4123// 1851// 4125//
f 155// 8// 4126//
f 142// 4126// 175//
f 171// 153// 4126//
f 4126// 153// 155//
f 146// 150// 4126//
f 4126// 150// 171//
f 4126// 142// 144//
f 4126// 144// 146//
f 4125// 175// 4126//
f 3869// 3870// 4125//
f 4125// 3870// 175//
f 3867// 3868// 4125//
f 4125// 3868// 3869//
f 3865// 3866// 4125//
f 4125// 3866// 3867//
f 3863// 3864// 4125//
f 4125// 3864// 3865//
f 4127// 4123// 4125//
f 4125// 4126// 4127//
f 4124// 4123// 4127//
f 4127// 4128// 4124//
f 4115// 4116// 4107//
f 4101// 4113// 4115//
f 4105// 4115// 4107//
f 4101// 4115// 4100//
f 4100// 4115// 4105//
f 4118// 4119// 4116//
f 1853// 1849// 4119//
f 1852// 4107// 4116//
f 4116// 1849// 1852//
f 4119// 1849// 4116//
f 4107// 1852// 4128//
f 1852// 4124// 4128//
f 4108// 4107// 4128//
f 1740// 3203// 122//
f 3202// 4110// 4109//
f 1740// 1739// 3203//
f 3957// 4110// 3202//
f 3203// 1739// 1765//
f 3957// 3202// 3958//
f 4126// 122// 3202//
f 4108// 3202// 4109//
f 3247// 3244// 3203//
f 3247// 3203// 1765//
f 122// 4126// 8//
f 3203// 3202// 122//
f 4108// 4127// 4126//
f 3202// 4108// 4126//
f 4127// 4108// 4128//
f 1945// 1508// 4120//
f 1777// 1778// 3369//
f 4117// 1946// 1945//
f 3369// 1778// 1779//
f 1424// 1268// 1267//
f 1508// 4014// 4012//
f 1945// 4120// 4117//
f 1508// 4012// 1858//
f 1508// 1858// 4120//
f 1855// 4012// 4011//
f 1277// 1276// 1424//
f 1221// 4015// 1219//
f 1855// 1858// 4012//
f 1508// 1241// 4014//
f 1763// 3247// 1764//
f 1424// 1241// 1508//
f 4014// 1220// 4015//
f 1219// 4015// 1220//
f 1224// 1229// 4014//
f 4014// 1229// 1220//
f 1234// 1225// 4014//
f 4014// 1225// 1224//
f 1238// 1231// 4014//
f 4014// 1231// 1234//
f 1235// 1237// 4014//
f 4014// 1237// 1238//
f 4014// 1241// 1245//
f 4014// 1245// 1235//
f 1251// 1250// 1424//
f 1424// 1250// 1241//
f 1257// 1247// 1424//
f 1424// 1247// 1251//
f 1254// 1255// 1424//
f 1424// 1255// 1257//
f 1258// 1261// 1424//
f 1424// 1261// 1254//
f 1424// 1270// 1272//
f 1424// 1267// 1258//
f 1424// 1272// 1264//
f 1424// 1264// 1268//
f 1273// 1424// 1276//
f 1270// 1424// 1273//
f 1279// 1424// 1282//
f 1279// 1277// 1424//
f 3933// 1283// 1282//
f 1282// 1424// 3933//
f 3933// 1288// 1285//
f 1283// 3933// 1285//
f 3369// 1780// 3933//
f 1288// 3933// 1780//
f 1751// 1750// 3367//
f 3369// 1779// 1780//
f 3369// 1775// 1776//
f 1777// 3369// 1776//
f 3247// 1762// 3248//
f 3369// 1773// 1774//
f 1775// 3369// 1774//
f 3248// 1761// 1760//
f 3369// 1771// 1772//
f 1773// 3369// 1772//
f 3367// 1770// 3369//
f 1771// 3369// 1770//
f 1768// 1769// 3367//
f 3367// 1769// 1770//
f 1766// 1767// 3367//
f 3367// 1767// 1768//
f 1749// 1748// 3367//
f 3367// 1748// 1766//
f 3367// 1750// 1749//
f 1752// 1751// 3248//
f 3367// 3248// 1751//
f 1754// 1753// 3248//
f 3248// 1753// 1752//
f 1756// 1755// 3248//
f 3248// 1755// 1754//
f 1758// 1757// 3248//
f 3248// 1757// 1756//
f 3248// 1760// 1759//
f 3248// 1759// 1758//
f 1761// 3248// 1762//
f 3247// 1763// 1762//
f 3247// 1765// 1764//
f 3931// 3929// 3930//
f 3931// 3930// 3933//
f 3930// 3366// 3369//
f 3930// 3369// 3933//
f 3927// 3365// 3366//
f 3366// 3930// 3927//
f 4129// 3365// 3927//
f 4129// 3927// 4130//
f 3373// 3349// 3927//
f 3350// 3349// 3368//
f 3365// 4129// 3350//
f 3349// 4130// 3927//
f 3365// 3350// 3368//
f 3368// 3349// 3373//
f 4131// 4132// 4133//
f 4134// 4135// 4136//
f 4132// 4131// 4137//
f 4138// 4139// 4137//
f 4140// 4139// 4138//
f 4141// 4138// 4137//
f 4142// 4143// 4144//
f 4143// 4145// 4141//
f 4135// 4146// 4136//
f 4147// 4146// 4148//
f 4149// 4134// 4150//
f 4134// 4149// 4135//
f 4151// 4149// 4150//
f 4144// 4147// 4148//
f 4146// 4147// 4136//
f 4143// 4142// 4145//
f 4144// 4148// 4142//
f 4137// 4131// 4141//
f 4138// 4141// 4145//
f 4152// 4153// 4154//
f 4152// 4155// 4153//
f 4153// 4155// 4156//
f 4152// 4154// 4157//
f 4155// 4158// 4156//
f 4159// 4160// 4161//
f 4162// 4163// 4164//
f 4159// 4165// 4166//
f 4165// 4159// 4161//
f 4166// 4165// 4167//
f 4166// 4167// 4163//
f 4168// 4166// 4163//
f 4163// 4169// 4168//
f 4170// 4162// 4164//
f 4167// 4164// 4163//
f 4162// 4170// 4171//
f 4162// 4171// 4172//
f 4172// 4173// 4174//
f 4173// 4172// 4171//
f 4173// 4175// 4174//
f 4176// 4174// 4175//
f 4177// 4178// 4179//
f 4180// 4181// 4182//
f 4178// 4177// 4183//
f 4184// 4185// 4183//
f 4186// 4185// 4184//
f 4187// 4184// 4183//
f 4188// 4189// 4190//
f 4189// 4191// 4187//
f 4181// 4192// 4182//
f 4193// 4192// 4194//
f 4195// 4180// 4196//
f 4180// 4195// 4181//
f 4197// 4195// 4196//
f 4190// 4193// 4194//
f 4192// 4193// 4182//
f 4189// 4188// 4191//
f 4190// 4194// 4188//
f 4183// 4177// 4187//
f 4184// 4187// 4191//
f 4198// 4199// 4200//
f 4198// 4201// 4199//
f 4199// 4201// 4202//
f 4198// 4200// 4203//
f 4201// 4204// 4202//
f 4205// 4206// 4207//
f 4208// 4209// 4210//
f 4205// 4211// 4206//
f 4211// 4212// 4213//
f 4213// 4206// 4211//
f 4214// 4208// 4210//
f 4215// 4213// 4216//
f 4217// 4218// 4214//
f 4219// 4220// 4221//
f 4219// 4217// 4220//
f 4210// 4217// 4214//
f 4219// 4218// 4217//
f 4215// 4209// 4208//
f 4209// 4215// 4216//
f 4216// 4213// 4212//
usemtl 2
f 4222// 4223// 4224//
f 4225// 4226// 4227//
f 4226// 4228// 4229//
f 4226// 4230// 4227//
f 4231// 4232// 4233//
f 4234// 4235// 4236//
f 4237// 4238// 4239//
f 4240// 4241// 4242//
f 4243// 4244// 4245//
f 4246// 4247// 4248//
f 4249// 4223// 4250//
f 4251// 4252// 4253//
f 4254// 4255// 4256//
f 4257// 4253// 4258//
f 4259// 4260// 4258//
f 4261// 4262// 4263//
f 4264// 4261// 4263//
f 4265// 4266// 4257//
f 4263// 4262// 4267//
f 4266// 4268// 4269//
f 4257// 4262// 4265//
f 4265// 4262// 4261//
f 4270// 4259// 4254//
f 4271// 4272// 4251//
f 4273// 4274// 4275//
f 4275// 4276// 4255//
f 4277// 4252// 4272//
f 4278// 4279// 4280//
f 4273// 4275// 4281//
f 4248// 4277// 4282//
f 4249// 4283// 4223//
f 4281// 4222// 4284//
f 4247// 4285// 4286//
f 4286// 4287// 4288//
f 4289// 4290// 4291//
f 4292// 4280// 4293//
f 4294// 4295// 4291//
f 4250// 4295// 4296//
f 4291// 4243// 4289//
f 4297// 4298// 4239//
f 4241// 4299// 4300//
f 4235// 4234// 4301//
f 4234// 4302// 4244//
f 4303// 4228// 4225//
f 4304// 4229// 4305//
f 4306// 4307// 4303//
f 4306// 4225// 4308//
f 4309// 4307// 4306//
f 4260// 4267// 4258//
f 4259// 4270// 4310//
f 4258// 4267// 4262//
f 4269// 4311// 4251//
f 4268// 4311// 4269//
f 4266// 4269// 4257//
f 4262// 4257// 4258//
f 4310// 4260// 4259//
f 4251// 4253// 4269//
f 4257// 4269// 4253//
f 4253// 4252// 4259//
f 4311// 4271// 4251//
f 4258// 4253// 4259//
f 4254// 4256// 4270//
f 4272// 4252// 4251//
f 4272// 4312// 4282//
f 4252// 4277// 4254//
f 4271// 4312// 4272//
f 4259// 4252// 4254//
f 4276// 4256// 4255//
f 4282// 4277// 4272//
f 4282// 4313// 4246//
f 4277// 4248// 4255//
f 4312// 4313// 4282//
f 4254// 4277// 4255//
f 4274// 4276// 4275//
f 4246// 4248// 4282//
f 4246// 4314// 4285//
f 4275// 4248// 4247//
f 4313// 4314// 4246//
f 4255// 4248// 4275//
f 4281// 4284// 4273//
f 4285// 4247// 4246//
f 4285// 4315// 4287//
f 4281// 4247// 4286//
f 4314// 4315// 4285//
f 4275// 4247// 4281//
f 4224// 4284// 4222//
f 4287// 4286// 4285//
f 4287// 4316// 4317//
f 4222// 4286// 4288//
f 4315// 4316// 4287//
f 4281// 4286// 4222//
f 4283// 4224// 4223//
f 4317// 4288// 4287//
f 4317// 4293// 4280//
f 4288// 4279// 4223//
f 4316// 4293// 4317//
f 4222// 4288// 4223//
f 4250// 4296// 4249//
f 4317// 4280// 4279//
f 4288// 4317// 4279//
f 4279// 4278// 4250//
f 4292// 4318// 4280//
f 4223// 4279// 4250//
f 4294// 4296// 4295//
f 4318// 4242// 4241//
f 4280// 4318// 4278//
f 4278// 4300// 4295//
f 4292// 4242// 4318//
f 4250// 4278// 4295//
f 4290// 4294// 4291//
f 4318// 4241// 4300//
f 4278// 4318// 4300//
f 4300// 4299// 4291//
f 4240// 4319// 4241//
f 4295// 4300// 4291//
f 4243// 4245// 4289//
f 4319// 4297// 4239//
f 4241// 4319// 4299//
f 4299// 4238// 4243//
f 4240// 4297// 4319//
f 4291// 4299// 4243//
f 4302// 4245// 4244//
f 4319// 4239// 4238//
f 4299// 4319// 4238//
f 4238// 4237// 4244//
f 4298// 4320// 4239//
f 4243// 4238// 4244//
f 4236// 4302// 4234//
f 4320// 4305// 4229//
f 4239// 4320// 4237//
f 4237// 4321// 4234//
f 4298// 4305// 4320//
f 4244// 4237// 4234//
f 4301// 4322// 4235//
f 4320// 4229// 4321//
f 4237// 4320// 4321//
f 4321// 4228// 4301//
f 4304// 4226// 4229//
f 4234// 4321// 4301//
f 4303// 4307// 4322//
f 4231// 4227// 4230//
f 4321// 4229// 4228//
f 4228// 4226// 4225//
f 4304// 4230// 4226//
f 4322// 4301// 4303//
f 4228// 4303// 4301//
f 4227// 4233// 4308//
f 4306// 4303// 4225//
f 4308// 4225// 4227//
f 4233// 4227// 4231//
f 4323// 4324// 4325//
f 4324// 4326// 4325//
f 4324// 4323// 4327//
f 4328// 4327// 4323//
f 4328// 4329// 4327//
f 4326// 4330// 4325//
f 4330// 4331// 4332//
f 4331// 4330// 4326//
f 4331// 4333// 4332//
f 4332// 4333// 4334//
f 4335// 4336// 4337//
f 4338// 4339// 4340//
f 4341// 4337// 4342//
f 4343// 4344// 4345//
f 4346// 4347// 4348//
f 4336// 4349// 4350//
f 4351// 4352// 4353//
f 4354// 4341// 4355//
f 4356// 4357// 4358//
f 4356// 4351// 4357//
f 4359// 4360// 4361//
f 4358// 4357// 4359//
f 4362// 4363// 4364//
f 4365// 4366// 4364//
f 4345// 4363// 4367//
f 4368// 4369// 4370//
f 4371// 4335// 4372//
f 4373// 4374// 4349//
f 4342// 4375// 4341//
f 4376// 4371// 4377//
f 4376// 4378// 4379//
f 4338// 4380// 4373//
f 4381// 4382// 4379//
f 4383// 4384// 4385//
f 4386// 4340// 4339//
f 4383// 4387// 4384//
f 4388// 4385// 4389//
f 4385// 4388// 4383//
f 4390// 4391// 4392//
f 4387// 4386// 4339//
f 4390// 4392// 4389//
f 4393// 4394// 4391//
f 4386// 4395// 4340//
f 4384// 4382// 4396//
f 4397// 4340// 4395//
f 4395// 4398// 4397//
f 4398// 4399// 4397//
f 4400// 4353// 4347//
f 4401// 4399// 4402//
f 4401// 4403// 4404//
f 4399// 4398// 4402//
f 4403// 4405// 4406//
f 4401// 4404// 4399//
f 4346// 4348// 4407//
f 4397// 4399// 4408//
f 4408// 4380// 4397//
f 4396// 4409// 4385//
f 4339// 4384// 4387//
f 4338// 4340// 4380//
f 4410// 4390// 4389//
f 4382// 4384// 4339//
f 4396// 4385// 4384//
f 4390// 4411// 4393//
f 4388// 4389// 4392//
f 4389// 4409// 4410//
f 4393// 4391// 4390//
f 4404// 4408// 4399//
f 4412// 4405// 4413//
f 4406// 4405// 4412//
f 4380// 4340// 4397//
f 4408// 4404// 4414//
f 4414// 4374// 4408//
f 4381// 4415// 4396//
f 4338// 4382// 4339//
f 4373// 4380// 4374//
f 4409// 4416// 4410//
f 4379// 4382// 4338//
f 4381// 4396// 4382//
f 4390// 4410// 4411//
f 4385// 4409// 4389//
f 4416// 4409// 4415//
f 4417// 4411// 4410//
f 4404// 4406// 4414//
f 4406// 4404// 4403//
f 4412// 4413// 4418//
f 4374// 4380// 4408//
f 4414// 4406// 4419//
f 4419// 4350// 4414//
f 4378// 4420// 4381//
f 4373// 4379// 4338//
f 4349// 4374// 4350//
f 4421// 4416// 4415//
f 4376// 4379// 4373//
f 4378// 4381// 4379//
f 4416// 4422// 4417//
f 4396// 4415// 4409//
f 4415// 4420// 4421//
f 4417// 4410// 4416//
f 4412// 4419// 4406//
f 4423// 4418// 4413//
f 4423// 4424// 4418//
f 4350// 4374// 4414//
f 4375// 4419// 4412//
f 4419// 4375// 4342//
f 4377// 4425// 4378//
f 4349// 4376// 4373//
f 4350// 4342// 4336//
f 4420// 4426// 4421//
f 4371// 4376// 4349//
f 4377// 4378// 4376//
f 4416// 4421// 4422//
f 4381// 4420// 4415//
f 4426// 4420// 4425//
f 4427// 4422// 4421//
f 4418// 4375// 4412//
f 4407// 4424// 4423//
f 4351// 4428// 4429//
f 4342// 4350// 4419//
f 4347// 4346// 4400//
f 4335// 4430// 4343//
f 4372// 4431// 4377//
f 4336// 4371// 4349//
f 4342// 4337// 4336//
f 4425// 4432// 4426//
f 4335// 4371// 4336//
f 4372// 4377// 4371//
f 4426// 4433// 4427//
f 4378// 4425// 4420//
f 4425// 4431// 4432//
f 4427// 4421// 4426//
f 4418// 4434// 4375//
f 4424// 4434// 4418//
f 4430// 4337// 4354//
f 4434// 4341// 4375//
f 4424// 4435// 4434//
f 4366// 4365// 4436//
f 4341// 4434// 4355//
f 4343// 4437// 4372//
f 4337// 4341// 4354//
f 4431// 4438// 4432//
f 4335// 4337// 4430//
f 4343// 4372// 4335//
f 4432// 4439// 4433//
f 4377// 4431// 4425//
f 4431// 4437// 4438//
f 4433// 4426// 4432//
f 4424// 4348// 4435//
f 4348// 4424// 4407//
f 4355// 4440// 4441//
f 4435// 4355// 4434//
f 4348// 4442// 4435//
f 4354// 4441// 4443//
f 4435// 4440// 4355//
f 4430// 4443// 4344//
f 4441// 4354// 4355//
f 4367// 4438// 4437//
f 4443// 4430// 4354//
f 4344// 4343// 4430//
f 4438// 4444// 4439//
f 4372// 4437// 4431//
f 4437// 4345// 4367//
f 4439// 4432// 4438//
f 4347// 4442// 4348//
f 4428// 4353// 4400//
f 4440// 4445// 4446//
f 4442// 4440// 4435//
f 4347// 4447// 4442//
f 4441// 4446// 4448//
f 4442// 4445// 4440//
f 4443// 4448// 4365//
f 4440// 4446// 4441//
f 4344// 4365// 4364//
f 4443// 4441// 4448//
f 4344// 4443// 4365//
f 4438// 4367// 4444//
f 4343// 4345// 4437//
f 4363// 4345// 4364//
f 4449// 4444// 4367//
f 4447// 4347// 4353//
f 4450// 4356// 4451//
f 4452// 4445// 4447//
f 4447// 4445// 4442//
f 4447// 4352// 4452//
f 4453// 4446// 4445//
f 4445// 4452// 4453//
f 4454// 4448// 4446//
f 4446// 4453// 4454//
f 4436// 4365// 4448//
f 4448// 4454// 4436//
f 4370// 4362// 4366//
f 4367// 4363// 4449//
f 4344// 4364// 4345//
f 4362// 4364// 4366//
f 4455// 4449// 4363//
f 4428// 4351// 4353//
f 4429// 4360// 4357//
f 4452// 4352// 4450//
f 4353// 4352// 4447//
f 4352// 4356// 4450//
f 4453// 4452// 4456//
f 4452// 4450// 4456//
f 4454// 4453// 4457//
f 4453// 4456// 4457//
f 4436// 4454// 4458//
f 4454// 4457// 4458//
f 4366// 4436// 4459//
f 4458// 4459// 4436//
f 4362// 4369// 4455//
f 4459// 4370// 4366//
f 4455// 4363// 4362//
f 4429// 4357// 4351//
f 4360// 4359// 4357//
f 4451// 4356// 4358//
f 4351// 4356// 4352//
f 4451// 4460// 4450//
f 4450// 4460// 4456//
f 4460// 4461// 4456//
f 4456// 4461// 4457//
f 4461// 4462// 4457//
f 4457// 4462// 4458//
f 4462// 4463// 4458//
f 4458// 4463// 4459//
f 4463// 4464// 4459//
f 4370// 4369// 4362//
f 4459// 4464// 4370//
f 4368// 4370// 4464//
f 4465// 4466// 4467//
f 4468// 4469// 4470//
f 4471// 4472// 4473//
f 4474// 4475// 4466//
f 4472// 4476// 4477//
f 4468// 4478// 4469//
f 4479// 4480// 4481//
f 4482// 4483// 4484//
f 4485// 4481// 4486//
f 4481// 4487// 4488//
f 4489// 4488// 4487//
f 4490// 4491// 4487//
f 4467// 4466// 4492//
f 4490// 4493// 4491//
f 4494// 4495// 4492//
f 4496// 4497// 4467//
f 4473// 4477// 4498//
f 4499// 4496// 4500//
f 4498// 4501// 4478//
f 4502// 4503// 4504//
f 4505// 4506// 4501//
f 4507// 4502// 4508//
f 4509// 4510// 4508//
f 4511// 4505// 4512//
f 4513// 4514// 4512//
f 4515// 4470// 4469//
f 4516// 4517// 4509//
f 4513// 4518// 4519//
f 4506// 4520// 4515//
f 4521// 4522// 4523//
f 4524// 4520// 4511//
f 4525// 4518// 4526//
f 4527// 4526// 4528//
f 4529// 4527// 4528//
f 4529// 4530// 4527//
f 4531// 4532// 4533//
f 4533// 4534// 4531//
f 4532// 4530// 4529//
f 4535// 4536// 4534//
f 4519// 4518// 4525//
f 4525// 4537// 4519//
f 4538// 4519// 4537//
f 4539// 4540// 4528//
f 4541// 4542// 4543//
f 4537// 4544// 4538//
f 4545// 4485// 4546//
f 4543// 4547// 4548//
f 4544// 4541// 4538//
f 4541// 4544// 4542//
f 4547// 4549// 4550//
f 4543// 4548// 4541//
f 4551// 4552// 4553//
f 4552// 4554// 4549//
f 4514// 4538// 4524//
f 4555// 4529// 4540//
f 4518// 4528// 4526//
f 4514// 4513// 4519//
f 4533// 4532// 4556//
f 4528// 4518// 4539//
f 4529// 4528// 4540//
f 4533// 4535// 4534//
f 4530// 4532// 4531//
f 4532// 4555// 4556//
f 4557// 4535// 4533//
f 4541// 4524// 4538//
f 4548// 4524// 4541//
f 4549// 4554// 4550//
f 4514// 4519// 4538//
f 4548// 4520// 4524//
f 4558// 4559// 4539//
f 4560// 4540// 4559//
f 4513// 4539// 4518//
f 4512// 4514// 4511//
f 4556// 4555// 4561//
f 4513// 4558// 4539//
f 4540// 4539// 4559//
f 4556// 4557// 4533//
f 4529// 4555// 4532//
f 4555// 4560// 4561//
f 4562// 4557// 4556//
f 4548// 4550// 4520//
f 4550// 4548// 4547//
f 4563// 4564// 4565//
f 4511// 4514// 4524//
f 4550// 4515// 4520//
f 4522// 4521// 4558//
f 4566// 4559// 4521//
f 4512// 4558// 4513//
f 4511// 4506// 4505//
f 4561// 4560// 4517//
f 4522// 4558// 4512//
f 4559// 4558// 4521//
f 4561// 4562// 4556//
f 4540// 4560// 4555//
f 4560// 4566// 4517//
f 4567// 4562// 4561//
f 4554// 4515// 4550//
f 4568// 4553// 4564//
f 4553// 4568// 4551//
f 4506// 4511// 4520//
f 4554// 4470// 4515//
f 4569// 4523// 4522//
f 4510// 4521// 4523//
f 4505// 4522// 4512//
f 4501// 4506// 4469//
f 4570// 4523// 4569//
f 4569// 4522// 4505//
f 4566// 4509// 4517//
f 4517// 4567// 4561//
f 4559// 4566// 4560//
f 4566// 4510// 4509//
f 4516// 4567// 4517//
f 4554// 4551// 4470//
f 4551// 4554// 4552//
f 4479// 4485// 4545//
f 4469// 4506// 4515//
f 4565// 4545// 4546//
f 4498// 4570// 4569//
f 4507// 4523// 4570//
f 4501// 4569// 4505//
f 4501// 4469// 4478//
f 4498// 4477// 4570//
f 4498// 4569// 4501//
f 4571// 4508// 4572//
f 4508// 4571// 4509//
f 4521// 4510// 4566//
f 4507// 4508// 4510//
f 4571// 4516// 4509//
f 4551// 4573// 4470//
f 4568// 4573// 4551//
f 4482// 4574// 4468//
f 4573// 4468// 4470//
f 4568// 4575// 4573//
f 4574// 4473// 4478//
f 4573// 4482// 4468//
f 4503// 4570// 4477//
f 4468// 4574// 4478//
f 4473// 4472// 4477//
f 4478// 4473// 4498//
f 4576// 4508// 4502//
f 4508// 4576// 4577//
f 4523// 4507// 4510//
f 4503// 4502// 4507//
f 4572// 4508// 4577//
f 4568// 4563// 4575//
f 4563// 4568// 4564//
f 4471// 4578// 4494//
f 4575// 4482// 4573//
f 4579// 4575// 4563//
f 4484// 4471// 4574//
f 4483// 4482// 4575//
f 4475// 4472// 4494//
f 4574// 4482// 4484//
f 4471// 4494// 4472//
f 4574// 4471// 4473//
f 4580// 4502// 4504//
f 4502// 4580// 4581//
f 4570// 4503// 4507//
f 4476// 4504// 4503//
f 4576// 4502// 4581//
f 4563// 4546// 4579//
f 4546// 4563// 4565//
f 4483// 4582// 4583//
f 4579// 4483// 4575//
f 4546// 4584// 4579//
f 4484// 4583// 4578//
f 4582// 4483// 4579//
f 4492// 4475// 4494//
f 4483// 4583// 4484//
f 4476// 4474// 4504//
f 4484// 4578// 4471//
f 4585// 4504// 4474//
f 4504// 4585// 4586//
f 4477// 4476// 4503//
f 4475// 4474// 4476//
f 4580// 4504// 4586//
f 4584// 4546// 4485//
f 4488// 4486// 4481//
f 4587// 4582// 4584//
f 4584// 4582// 4579//
f 4584// 4486// 4587//
f 4588// 4583// 4582//
f 4582// 4587// 4588//
f 4589// 4578// 4583//
f 4583// 4588// 4589//
f 4495// 4494// 4578//
f 4495// 4578// 4589//
f 4590// 4474// 4466//
f 4474// 4590// 4591//
f 4472// 4475// 4476//
f 4492// 4466// 4475//
f 4585// 4474// 4591//
f 4479// 4481// 4485//
f 4487// 4480// 4490//
f 4587// 4486// 4592//
f 4485// 4486// 4584//
f 4486// 4488// 4592//
f 4588// 4587// 4593//
f 4587// 4592// 4593//
f 4589// 4588// 4594//
f 4588// 4593// 4594//
f 4495// 4589// 4595//
f 4589// 4594// 4595//
f 4495// 4596// 4492//
f 4596// 4495// 4595//
f 4466// 4465// 4597//
f 4596// 4467// 4492//
f 4590// 4466// 4597//
f 4487// 4481// 4480//
f 4491// 4489// 4487//
f 4489// 4598// 4488//
f 4488// 4598// 4592//
f 4598// 4599// 4592//
f 4592// 4599// 4593//
f 4599// 4600// 4593//
f 4593// 4600// 4594//
f 4600// 4601// 4594//
f 4601// 4602// 4595//
f 4601// 4595// 4594//
f 4602// 4500// 4596//
f 4602// 4596// 4595//
f 4500// 4496// 4467//
f 4467// 4596// 4500//
f 4497// 4465// 4467//
f 4603// 4604// 4605//
f 4235// 4606// 4236//
f 4607// 4608// 4609//
f 4610// 4611// 4612//
f 4613// 4604// 4614//
f 4615// 4616// 4617//
f 4618// 4606// 4619//
f 4620// 4621// 4622//
f 4620// 4623// 4619//
f 4307// 4621// 4620//
f 4302// 4624// 4625//
f 4614// 4626// 4612//
f 4603// 4605// 4617//
f 4307// 4309// 4621//
f 4627// 4610// 4628//
f 4629// 4630// 4605//
f 4631// 4608// 4613//
f 4632// 4629// 4607//
f 4605// 4630// 4617//
f 4630// 4633// 4615//
f 4615// 4634// 4616//
f 4633// 4635// 4636//
f 4294// 4637// 4638//
f 4633// 4630// 4639//
f 4636// 4634// 4615//
f 4618// 4640// 4641//
f 4642// 4289// 4643//
f 4633// 4644// 4635//
f 4645// 4638// 4635//
f 4245// 4302// 4625//
f 4646// 4645// 4635//
f 4647// 4638// 4648//
f 4645// 4648// 4638//
f 4649// 4650// 4647//
f 4647// 4648// 4649//
f 4249// 4296// 4650//
f 4650// 4296// 4647//
f 4283// 4249// 4651//
f 4249// 4650// 4651//
f 4294// 4638// 4296//
f 4296// 4638// 4647//
f 4290// 4637// 4294//
f 4642// 4290// 4289//
f 4646// 4652// 4645//
f 4648// 4645// 4652//
f 4635// 4638// 4637//
f 4245// 4643// 4289//
f 4653// 4646// 4644//
f 4635// 4644// 4646//
f 4637// 4636// 4635//
f 4654// 4653// 4644//
f 4637// 4642// 4636//
f 4642// 4637// 4290//
f 4654// 4633// 4639//
f 4654// 4644// 4633//
f 4624// 4302// 4236//
f 4615// 4633// 4636//
f 4655// 4656// 4639//
f 4654// 4639// 4656//
f 4642// 4634// 4636//
f 4634// 4642// 4643//
f 4630// 4629// 4655//
f 4639// 4630// 4655//
f 4634// 4643// 4657//
f 4658// 4659// 4660//
f 4632// 4661// 4629//
f 4629// 4661// 4655//
f 4617// 4630// 4615//
f 4629// 4605// 4607//
f 4643// 4625// 4657//
f 4625// 4643// 4245//
f 4616// 4662// 4663//
f 4657// 4616// 4634//
f 4625// 4664// 4657//
f 4617// 4663// 4603//
f 4662// 4616// 4657//
f 4607// 4665// 4632//
f 4616// 4663// 4617//
f 4603// 4663// 4658//
f 4609// 4608// 4631//
f 4665// 4607// 4609//
f 4613// 4607// 4604//
f 4613// 4666// 4631//
f 4664// 4625// 4624//
f 4235// 4322// 4619//
f 4662// 4667// 4668//
f 4664// 4662// 4657//
f 4624// 4669// 4664//
f 4663// 4668// 4658//
f 4664// 4667// 4662//
f 4603// 4658// 4626//
f 4663// 4662// 4668//
f 4670// 4613// 4614//
f 4607// 4613// 4608//
f 4605// 4604// 4607//
f 4604// 4626// 4614//
f 4666// 4613// 4670//
f 4624// 4606// 4669//
f 4606// 4624// 4236//
f 4641// 4667// 4669//
f 4669// 4667// 4664//
f 4669// 4618// 4641//
f 4671// 4668// 4667//
f 4667// 4641// 4671//
f 4659// 4658// 4668//
f 4668// 4671// 4659//
f 4626// 4658// 4660//
f 4612// 4672// 4614//
f 4603// 4626// 4604//
f 4626// 4660// 4612//
f 4670// 4614// 4672//
f 4235// 4619// 4606//
f 4322// 4307// 4620//
f 4671// 4641// 4673//
f 4606// 4618// 4669//
f 4618// 4623// 4640//
f 4659// 4671// 4674//
f 4641// 4640// 4673//
f 4660// 4659// 4675//
f 4671// 4673// 4674//
f 4676// 4627// 4628//
f 4659// 4674// 4675//
f 4628// 4612// 4660//
f 4675// 4628// 4660//
f 4672// 4612// 4611//
f 4322// 4620// 4619//
f 4619// 4623// 4618//
f 4622// 4677// 4623//
f 4620// 4622// 4623//
f 4677// 4678// 4640//
f 4623// 4677// 4640//
f 4678// 4679// 4673//
f 4640// 4678// 4673//
f 4679// 4680// 4674//
f 4673// 4679// 4674//
f 4680// 4676// 4675//
f 4674// 4680// 4675//
f 4676// 4628// 4675//
f 4610// 4612// 4628//
f 4681// 4682// 4683//
f 4621// 4684// 4622//
f 4685// 4686// 4687//
f 4681// 4683// 4309//
f 4688// 4689// 4690//
f 4622// 4684// 4691//
f 4621// 4309// 4683//
f 4692// 4693// 4694//
f 4695// 4696// 4697//
f 4698// 4693// 4699//
f 4700// 4701// 4702//
f 4703// 4696// 4701//
f 4704// 4705// 4706//
f 4707// 4704// 4702//
f 4708// 4709// 4710//
f 4711// 4712// 4706//
f 4713// 4714// 4715//
f 4716// 4717// 4718//
f 4719// 4720// 4721//
f 4722// 4723// 4724//
f 4721// 4725// 4726//
f 4727// 4728// 4729//
f 4730// 4731// 4732//
f 4733// 4734// 4735//
f 4736// 4690// 4687//
f 4737// 4738// 4685//
f 4739// 4740// 4741//
f 4736// 4741// 4742//
f 4743// 4264// 4739//
f 4739// 4741// 4743//
f 4744// 4732// 4728//
f 4725// 4745// 4726//
f 4745// 4746// 4747//
f 4735// 4728// 4731//
f 4724// 4744// 4727//
f 4722// 4748// 4749//
f 4727// 4750// 4722//
f 4751// 4715// 4749//
f 4723// 4749// 4714//
f 4752// 4713// 4718//
f 4753// 4718// 4715//
f 4717// 4754// 4708//
f 4710// 4752// 4717//
f 4711// 4705// 4709//
f 4708// 4755// 4711//
f 4695// 4707// 4701//
f 4706// 4756// 4702//
f 4699// 4692// 4697//
f 4696// 4757// 4699//
f 4758// 4691// 4694//
f 4693// 4759// 4758//
f 4760// 4677// 4691//
f 4758// 4761// 4760//
f 4678// 4760// 4762//
f 4760// 4678// 4677//
f 4763// 4679// 4762//
f 4678// 4762// 4679//
f 4680// 4764// 4676//
f 4764// 4680// 4763//
f 4627// 4676// 4765//
f 4683// 4684// 4621//
f 4766// 4682// 4681//
f 4766// 4767// 4682//
f 4691// 4677// 4622//
f 4684// 4683// 4768//
f 4769// 4762// 4761//
f 4768// 4694// 4684//
f 4770// 4764// 4763//
f 4760// 4691// 4758//
f 4762// 4760// 4761//
f 4771// 4765// 4764//
f 4679// 4763// 4680//
f 4769// 4770// 4763//
f 4765// 4676// 4764//
f 4682// 4768// 4683//
f 4772// 4767// 4766//
f 4772// 4773// 4767//
f 4694// 4691// 4684//
f 4768// 4682// 4774//
f 4775// 4761// 4759//
f 4774// 4692// 4768//
f 4770// 4769// 4776//
f 4758// 4694// 4693//
f 4761// 4758// 4759//
f 4777// 4771// 4770//
f 4762// 4769// 4763//
f 4775// 4776// 4769//
f 4771// 4764// 4770//
f 4767// 4774// 4682//
f 4778// 4773// 4772//
f 4778// 4779// 4773//
f 4692// 4694// 4768//
f 4774// 4767// 4780//
f 4781// 4759// 4698//
f 4780// 4697// 4774//
f 4776// 4775// 4782//
f 4699// 4693// 4692//
f 4759// 4693// 4698//
f 4776// 4777// 4770//
f 4761// 4775// 4769//
f 4775// 4781// 4782//
f 4783// 4777// 4776//
f 4773// 4780// 4767//
f 4784// 4779// 4778//
f 4784// 4785// 4779//
f 4697// 4692// 4774//
f 4780// 4773// 4786//
f 4757// 4787// 4698//
f 4786// 4695// 4780//
f 4788// 4782// 4781//
f 4699// 4697// 4696//
f 4698// 4699// 4757//
f 4782// 4783// 4776//
f 4759// 4781// 4775//
f 4781// 4787// 4788//
f 4789// 4783// 4782//
f 4779// 4786// 4773//
f 4790// 4785// 4784//
f 4790// 4791// 4785//
f 4695// 4697// 4780//
f 4786// 4779// 4792//
f 4793// 4757// 4703//
f 4792// 4707// 4786//
f 4794// 4795// 4788//
f 4696// 4695// 4701//
f 4757// 4696// 4703//
f 4795// 4789// 4788//
f 4698// 4787// 4781//
f 4787// 4793// 4794//
f 4789// 4782// 4788//
f 4785// 4792// 4779//
f 4796// 4791// 4790//
f 4796// 4797// 4791//
f 4707// 4695// 4786//
f 4792// 4785// 4798//
f 4799// 4703// 4700//
f 4798// 4704// 4792//
f 4800// 4801// 4794//
f 4701// 4707// 4702//
f 4703// 4701// 4700//
f 4795// 4794// 4801//
f 4757// 4793// 4787//
f 4793// 4799// 4800//
f 4787// 4794// 4788//
f 4791// 4798// 4785//
f 4802// 4797// 4796//
f 4802// 4803// 4797//
f 4704// 4707// 4792//
f 4798// 4791// 4804//
f 4805// 4700// 4756//
f 4804// 4705// 4798//
f 4800// 4799// 4806//
f 4702// 4704// 4706//
f 4756// 4700// 4702//
f 4800// 4807// 4801//
f 4703// 4799// 4793//
f 4799// 4805// 4806//
f 4793// 4800// 4794//
f 4797// 4804// 4791//
f 4808// 4803// 4802//
f 4808// 4809// 4803//
f 4705// 4704// 4798//
f 4804// 4797// 4810//
f 4811// 4756// 4712//
f 4810// 4709// 4804//
f 4806// 4812// 4813//
f 4706// 4705// 4711//
f 4756// 4706// 4712//
f 4806// 4807// 4800//
f 4700// 4805// 4799//
f 4805// 4811// 4812//
f 4813// 4807// 4806//
f 4803// 4810// 4797//
f 4814// 4809// 4808//
f 4814// 4815// 4809//
f 4709// 4705// 4804//
f 4810// 4803// 4816//
f 4817// 4712// 4755//
f 4816// 4710// 4810//
f 4818// 4812// 4811//
f 4711// 4709// 4708//
f 4712// 4711// 4755//
f 4812// 4819// 4813//
f 4756// 4811// 4805//
f 4811// 4817// 4818//
f 4805// 4812// 4806//
f 4809// 4816// 4803//
f 4820// 4815// 4814//
f 4820// 4821// 4815//
f 4710// 4709// 4810//
f 4816// 4809// 4822//
f 4823// 4755// 4754//
f 4822// 4752// 4816//
f 4824// 4825// 4818//
f 4708// 4710// 4717//
f 4755// 4708// 4754//
f 4825// 4819// 4818//
f 4712// 4817// 4811//
f 4817// 4823// 4824//
f 4819// 4812// 4818//
f 4815// 4822// 4809//
f 4826// 4821// 4820//
f 4826// 4827// 4821//
f 4752// 4710// 4816//
f 4822// 4815// 4828//
f 4829// 4754// 4716//
f 4828// 4713// 4822//
f 4824// 4823// 4830//
f 4717// 4752// 4718//
f 4754// 4717// 4716//
f 4825// 4824// 4831//
f 4755// 4823// 4817//
f 4823// 4829// 4830//
f 4817// 4824// 4818//
f 4821// 4828// 4815//
f 4832// 4827// 4826//
f 4832// 4833// 4827//
f 4713// 4752// 4822//
f 4828// 4821// 4834//
f 4835// 4716// 4753//
f 4834// 4714// 4828//
f 4836// 4837// 4830//
f 4718// 4713// 4715//
f 4716// 4718// 4753//
f 4830// 4831// 4824//
f 4754// 4829// 4823//
f 4829// 4835// 4836//
f 4837// 4831// 4830//
f 4827// 4834// 4821//
f 4838// 4833// 4832//
f 4838// 4839// 4833//
f 4714// 4713// 4828//
f 4834// 4827// 4840//
f 4841// 4753// 4751//
f 4840// 4723// 4834//
f 4842// 4843// 4836//
f 4715// 4714// 4749//
f 4753// 4715// 4751//
f 4836// 4843// 4837//
f 4716// 4835// 4829//
f 4835// 4841// 4842//
f 4829// 4836// 4830//
f 4833// 4840// 4827//
f 4844// 4839// 4838//
f 4844// 4845// 4839//
f 4723// 4714// 4834//
f 4840// 4833// 4846//
f 4847// 4751// 4748//
f 4846// 4724// 4840//
f 4848// 4849// 4842//
f 4749// 4723// 4722//
f 4751// 4749// 4748//
f 4842// 4849// 4843//
f 4753// 4841// 4835//
f 4841// 4847// 4848//
f 4835// 4842// 4836//
f 4839// 4846// 4833//
f 4850// 4845// 4844//
f 4850// 4851// 4845//
f 4724// 4723// 4840//
f 4846// 4839// 4852//
f 4853// 4748// 4750//
f 4852// 4744// 4846//
f 4854// 4855// 4848//
f 4722// 4724// 4727//
f 4748// 4722// 4750//
f 4848// 4855// 4849//
f 4751// 4847// 4841//
f 4847// 4853// 4854//
f 4841// 4848// 4842//
f 4845// 4852// 4839//
f 4856// 4851// 4850//
f 4856// 4737// 4851//
f 4744// 4724// 4846//
f 4852// 4845// 4857//
f 4858// 4750// 4729//
f 4852// 4732// 4744//
f 4859// 4860// 4854//
f 4728// 4727// 4744//
f 4750// 4727// 4729//
f 4854// 4860// 4855//
f 4748// 4853// 4847//
f 4853// 4858// 4859//
f 4847// 4854// 4848//
f 4851// 4857// 4845//
f 4738// 4737// 4856//
f 4861// 4862// 4863//
f 4857// 4732// 4852//
f 4864// 4857// 4851//
f 4735// 4865// 4729//
f 4732// 4857// 4730//
f 4859// 4858// 4866//
f 4728// 4732// 4731//
f 4735// 4729// 4728//
f 4859// 4867// 4860//
f 4750// 4858// 4853//
f 4866// 4858// 4865//
f 4853// 4859// 4854//
f 4737// 4864// 4851//
f 4686// 4685// 4738//
f 4730// 4868// 4869//
f 4864// 4730// 4857//
f 4737// 4870// 4864//
f 4731// 4869// 4733//
f 4868// 4730// 4864//
f 4866// 4747// 4871//
f 4869// 4731// 4730//
f 4735// 4731// 4733//
f 4859// 4866// 4867//
f 4729// 4865// 4858//
f 4865// 4734// 4747//
f 4871// 4867// 4866//
f 4685// 4870// 4737//
f 4872// 4687// 4686//
f 4868// 4873// 4874//
f 4870// 4868// 4864//
f 4685// 4875// 4870//
f 4869// 4874// 4862//
f 4870// 4873// 4868//
f 4733// 4862// 4876//
f 4869// 4868// 4874//
f 4733// 4869// 4862//
f 4747// 4746// 4871//
f 4735// 4734// 4865//
f 4734// 4876// 4745//
f 4865// 4747// 4866//
f 4687// 4875// 4685//
f 4877// 4736// 4872//
f 4689// 4873// 4875//
f 4875// 4873// 4870//
f 4875// 4690// 4689//
f 4878// 4874// 4873//
f 4873// 4689// 4878//
f 4863// 4862// 4874//
f 4874// 4878// 4863//
f 4876// 4862// 4861//
f 4745// 4725// 4746//
f 4733// 4876// 4734//
f 4876// 4861// 4726//
f 4734// 4745// 4747//
f 4872// 4736// 4687//
f 4877// 4743// 4741//
f 4878// 4689// 4879//
f 4687// 4690// 4875//
f 4690// 4742// 4688//
f 4863// 4878// 4880//
f 4689// 4688// 4879//
f 4861// 4863// 4881//
f 4878// 4879// 4880//
f 4726// 4861// 4719//
f 4863// 4880// 4881//
f 4726// 4719// 4721//
f 4861// 4881// 4719//
f 4876// 4726// 4745//
f 4877// 4741// 4736//
f 4736// 4742// 4690//
f 4740// 4882// 4742//
f 4741// 4740// 4742//
f 4882// 4883// 4688//
f 4742// 4882// 4688//
f 4883// 4884// 4879//
f 4688// 4883// 4879//
f 4884// 4885// 4880//
f 4879// 4884// 4880//
f 4885// 4886// 4881//
f 4880// 4885// 4881//
f 4720// 4719// 4886//
f 4881// 4886// 4719//
f 4887// 4888// 4889//
f 4890// 4891// 4892//
f 4893// 4894// 4895//
f 4896// 4897// 4898//
f 4899// 4900// 4901//
f 4902// 4903// 4904//
f 4905// 4906// 4907//
f 4906// 4905// 4908//
f 4907// 4909// 4910//
f 4910// 4905// 4907//
f 4911// 4912// 4909//
f 4910// 4909// 4912//
f 4901// 4906// 4908//
f 4908// 4899// 4901//
f 4904// 4900// 4902//
f 4900// 4899// 4902//
f 4903// 4894// 4904//
f 4893// 4895// 4896//
f 4894// 4903// 4895//
f 4893// 4896// 4898//
f 4891// 4888// 4887//
f 4897// 4887// 4889//
f 4898// 4897// 4889//
f 4891// 4890// 4888//
f 4913// 4914// 4915//
f 4916// 4917// 4918//
f 4919// 4920// 4915//
f 4913// 4915// 4920//
f 4919// 4921// 4922//
f 4922// 4920// 4919//
f 4923// 4921// 4924//
f 4921// 4923// 4922//
f 4925// 4926// 4924//
f 4923// 4924// 4926//
f 4925// 4927// 4928//
f 4928// 4926// 4925//
f 4927// 4929// 4928//
f 4930// 4914// 4913//
f 4930// 4931// 4932//
f 4932// 4914// 4930//
f 4933// 4931// 4934//
f 4931// 4933// 4932//
f 4935// 4936// 4934//
f 4933// 4934// 4936//
f 4935// 4937// 4938//
f 4938// 4936// 4935//
f 4939// 4937// 4917//
f 4937// 4939// 4938//
f 4940// 4941// 4942//
f 4939// 4917// 4916//
f 4943// 4944// 4945//
f 4946// 4947// 4948//
f 4949// 4950// 4951//
f 4945// 4951// 4950//
f 4952// 4949// 4953//
f 4949// 4951// 4953//
f 4954// 4949// 4952//
f 4945// 4950// 4943//
f 4955// 4944// 4943//
f 4944// 4948// 4947//
f 4948// 4944// 4955//
f 4946// 4942// 4947//
f 4940// 4956// 4941//
f 4946// 4940// 4942//
f 4916// 4918// 4956//
f 4941// 4956// 4918//
f 4957// 4958// 4959//
f 4960// 4958// 4957//
f 4961// 4962// 4960//
f 4961// 4960// 4957//
f 4959// 4958// 4963//
f 4964// 4959// 4963//
f 4964// 4965// 4966//
f 4965// 4964// 4963//
f 4965// 4967// 4966//
f 4966// 4967// 4968//
f 4969// 4970// 4971//
f 4972// 4973// 4974//
f 4969// 4971// 4975//
f 4975// 4971// 4976//
f 4972// 4970// 4973//
f 4969// 4973// 4970//
f 4977// 4978// 4979//
f 4979// 4980// 4977//
f 4981// 4977// 4980//
f 4982// 4981// 4980//
f 4982// 4983// 4981//
f 4984// 4979// 4978//
f 4984// 4985// 4986//
f 4985// 4984// 4978//
f 4985// 4987// 4986//
f 4986// 4987// 4988//
f 4989// 4983// 4982//
f 4990// 4991// 4992//
f 4993// 4994// 4995//
f 4996// 4997// 4998//
f 4999// 4998// 4997//
f 5000// 4997// 4996//
f 4999// 4991// 4990//
f 4999// 4990// 4998//
f 4992// 4994// 4993//
f 4991// 4994// 4992//
f 4989// 4995// 4983//
f 4993// 4995// 4989//
f 5001// 5002// 5003//
f 5004// 5001// 5005//
f 5001// 5004// 5002//
f 5002// 5006// 5003//
f 5003// 5006// 4976//
f 5006// 4975// 4976//
f 5007// 4962// 4961//
f 5008// 5009// 5010//
f 5011// 5012// 5013//
f 5014// 5015// 5016//
f 5017// 5016// 5015//
f 5018// 5015// 5014//
f 5017// 5009// 5008//
f 5017// 5008// 5016//
f 5010// 5012// 5011//
f 5009// 5012// 5010//
f 5007// 5013// 4962//
f 5011// 5013// 5007//
f 5019// 4929// 4927//
f 5020// 5021// 5022//
f 5023// 5024// 5025//
f 5026// 5027// 5028//
f 5029// 5030// 5031//
f 5032// 5033// 5034//
f 5035// 5036// 5037//
f 5038// 5039// 5040//
f 5040// 5041// 5042//
f 5039// 5043// 5044//
f 5043// 5039// 5038//
f 5045// 5044// 5046//
f 5043// 5046// 5044//
f 5047// 5048// 5045//
f 5045// 5046// 5047//
f 5033// 5042// 5041//
f 5038// 5040// 5042//
f 5032// 5034// 5036//
f 5033// 5041// 5034//
f 5028// 5035// 5037//
f 5035// 5032// 5036//
f 5031// 5027// 5026//
f 5026// 5028// 5037//
f 5029// 5020// 5030//
f 5031// 5030// 5027//
f 5021// 5024// 5022//
f 5029// 5021// 5020//
f 5023// 5025// 5019//
f 5022// 5024// 5023//
f 4929// 5019// 5025//
f 5049// 5050// 5051//
f 5049// 5052// 5053//
f 5052// 5049// 5051//
f 5054// 5055// 5053//
f 5053// 5052// 5054//
f 5056// 5055// 5057//
f 5054// 5057// 5055//
f 5058// 5059// 5056//
f 5058// 5056// 5057//
f 5059// 5060// 5056//
f 5061// 5060// 5062//
f 5059// 5062// 5060//
f 5061// 5063// 5064//
f 5063// 5061// 5062//
f 5065// 5051// 5050//
f 5066// 5065// 5067//
f 5050// 5067// 5065//
f 5068// 5066// 5067//
f 5068// 5069// 5070//
f 5070// 5066// 5068//
f 5071// 5072// 5069//
f 5070// 5069// 5072//
f 5073// 5071// 5074//
f 5071// 5073// 5072//
f 5074// 5075// 5076//
f 5076// 5073// 5074//
f 5076// 5075// 4911//
f 5075// 4912// 4911//
f 5077// 5078// 5079//
f 4264// 5080// 4739//
f 5081// 5082// 5083//
f 5080// 5084// 4739//
f 4740// 4739// 5084//
f 4882// 5078// 5085//
f 5078// 4882// 4740//
f 4720// 4886// 5086//
f 5085// 4883// 4882//
f 4883// 5087// 4884//
f 5088// 5089// 5090//
f 4885// 5091// 5092//
f 5087// 5091// 4884//
f 5087// 5093// 5090//
f 5085// 5087// 4883//
f 5088// 5094// 5095//
f 4886// 4885// 5092//
f 5096// 5097// 5095//
f 4263// 5080// 4264//
f 4740// 5084// 5078//
f 5098// 5099// 4267//
f 4260// 5100// 5098//
f 5101// 5102// 5079//
f 5103// 5104// 5081//
f 5100// 4310// 5105//
f 5106// 4256// 5107//
f 5106// 5105// 4270//
f 5108// 5104// 5109//
f 5110// 5108// 5111//
f 5112// 5107// 5113//
f 5114// 5115// 5116//
f 5113// 5117// 5114//
f 5117// 5118// 5115//
f 5117// 5115// 5114//
f 5119// 5120// 5118//
f 5118// 5120// 5115//
f 5119// 4224// 5121//
f 4224// 5119// 4284//
f 5121// 4224// 4283//
f 4267// 5099// 4263//
f 5122// 5112// 5114//
f 5099// 5080// 4263//
f 5093// 5085// 5077//
f 5080// 5123// 5084//
f 5124// 5125// 5126//
f 5084// 5079// 5078//
f 5092// 5091// 5089//
f 5085// 5078// 5077//
f 5087// 5085// 5093//
f 5092// 5086// 4886//
f 4884// 5091// 4885//
f 5091// 5090// 5089//
f 5127// 5086// 5092//
f 5099// 5123// 5080//
f 4260// 5098// 4267//
f 5082// 5128// 5129//
f 5123// 5079// 5084//
f 5099// 5130// 5123//
f 5077// 5102// 5126//
f 5101// 5079// 5123//
f 5093// 5126// 5094//
f 5079// 5102// 5077//
f 5093// 5077// 5126//
f 5089// 5127// 5092//
f 5087// 5090// 5091//
f 5090// 5094// 5088//
f 5131// 5127// 5089//
f 5098// 5130// 5099//
f 4310// 5100// 4260//
f 5101// 5083// 5129//
f 5130// 5101// 5123//
f 5132// 5130// 5098//
f 5102// 5129// 5124//
f 5101// 5130// 5083//
f 5094// 5126// 5125//
f 5129// 5102// 5101//
f 5095// 5097// 5088//
f 5088// 5131// 5089//
f 5093// 5094// 5090//
f 5094// 5125// 5095//
f 5097// 5131// 5088//
f 5100// 5132// 5098//
f 4270// 5105// 4310//
f 5081// 5104// 5133//
f 5132// 5083// 5130//
f 5103// 5132// 5100//
f 5124// 5129// 5128//
f 5081// 5083// 5132//
f 5125// 5124// 5134//
f 5134// 5135// 5136//
f 5102// 5124// 5126//
f 5124// 5128// 5134//
f 5136// 5095// 5125//
f 5125// 5134// 5136//
f 5095// 5136// 5096//
f 5105// 5103// 5100//
f 4256// 5106// 4270//
f 5082// 5081// 5133//
f 5103// 5081// 5132//
f 5109// 5103// 5105//
f 5128// 5082// 5137//
f 5083// 5082// 5129//
f 5082// 5133// 5137//
f 5138// 5134// 5128//
f 5137// 5138// 5128//
f 5135// 5134// 5139//
f 5135// 5140// 5136//
f 5096// 5136// 5140//
f 5106// 5109// 5105//
f 4276// 5107// 4256//
f 5133// 5104// 5141//
f 5109// 5104// 5103//
f 5111// 5108// 5109//
f 5142// 5133// 5141//
f 5104// 5108// 5141//
f 5137// 5142// 5143//
f 5142// 5137// 5133//
f 5138// 5137// 5143//
f 5138// 5139// 5134//
f 5107// 5111// 5106//
f 4274// 5113// 4276//
f 5144// 5108// 5110//
f 5106// 5111// 5109//
f 5111// 5112// 5110//
f 5141// 5144// 5145//
f 5144// 5141// 5108//
f 5142// 5141// 5145//
f 4276// 5113// 5107//
f 5117// 4274// 4273//
f 5110// 5122// 5146//
f 5107// 5112// 5111//
f 5122// 5110// 5112//
f 5144// 5110// 5146//
f 4274// 5117// 5113//
f 4273// 4284// 5118//
f 5122// 5114// 5116//
f 5113// 5114// 5112//
f 4273// 5118// 5117//
f 5119// 5118// 4284//
f 4602// 5147// 5148//
f 5149// 5150// 5151//
f 5152// 5153// 5154//
f 5155// 5156// 5157//
f 5158// 5155// 5159//
f 5160// 5161// 5162//
f 5163// 5164// 5150//
f 5159// 5165// 5166//
f 5167// 5166// 5168//
f 5169// 5170// 5171//
f 4394// 5168// 5172//
f 5173// 5174// 5175//
f 5176// 5177// 5178//
f 5179// 5180// 5181//
f 5182// 5183// 5184//
f 4598// 4489// 5185//
f 5178// 4598// 5185//
f 5186// 4600// 5177//
f 5178// 4599// 4598//
f 4600// 4599// 5177//
f 4599// 5178// 5177//
f 5187// 5188// 5189//
f 5176// 5178// 5190//
f 4601// 5147// 4602//
f 5147// 4601// 5186//
f 5191// 4500// 5148//
f 4500// 4602// 5148//
f 4499// 4500// 5192//
f 5191// 5192// 4500//
f 5189// 5186// 5187//
f 5153// 5193// 5173//
f 5194// 4489// 4491//
f 5189// 5188// 5195//
f 5196// 5197// 5198//
f 5199// 5200// 5169//
f 4493// 5194// 4491//
f 5152// 5176// 5190//
f 5194// 4493// 5197//
f 5180// 5164// 5181//
f 5161// 5160// 5174//
f 5162// 5149// 5160//
f 5175// 5151// 5154//
f 5201// 5202// 5203//
f 5204// 5205// 5162//
f 5203// 5206// 5207//
f 5203// 5208// 5183//
f 5206// 4398// 4395//
f 5207// 5206// 4395//
f 4398// 5209// 4402//
f 5210// 5211// 5198//
f 4489// 5194// 5185//
f 5197// 5196// 5194//
f 5198// 5211// 5196//
f 5212// 5213// 5214//
f 5215// 5216// 5217//
f 5185// 5193// 5190//
f 5189// 5216// 5147//
f 5191// 5148// 5215//
f 4600// 5186// 4601//
f 5187// 5186// 5177//
f 5218// 5191// 5215//
f 5147// 5186// 5189//
f 5191// 5219// 5192//
f 5148// 5216// 5215//
f 5218// 5219// 5191//
f 5194// 5193// 5185//
f 5193// 5194// 5196//
f 5210// 5220// 5211//
f 5190// 5178// 5185//
f 5173// 5193// 5196//
f 5221// 5188// 5187//
f 5217// 5222// 5223//
f 5176// 5187// 5177//
f 5190// 5153// 5152//
f 5188// 5221// 5179//
f 5221// 5187// 5176//
f 5224// 5225// 5215//
f 5215// 5226// 5218//
f 5147// 5216// 5148//
f 5195// 5217// 5216//
f 5225// 5226// 5215//
f 5211// 5173// 5196//
f 5214// 5220// 5210//
f 5227// 5228// 5229//
f 5153// 5190// 5193//
f 5211// 5174// 5173//
f 5180// 5179// 5221//
f 5179// 5200// 5188//
f 5152// 5221// 5176//
f 5153// 5175// 5154//
f 5199// 5217// 5195//
f 5180// 5221// 5152//
f 5222// 5217// 5199//
f 5217// 5224// 5215//
f 5189// 5195// 5216//
f 5200// 5199// 5195//
f 5223// 5224// 5217//
f 5174// 5211// 5220//
f 5230// 5212// 5229//
f 5212// 5230// 5213//
f 5175// 5153// 5173//
f 5161// 5174// 5220//
f 5170// 5169// 5231//
f 5181// 5231// 5179//
f 5154// 5180// 5152//
f 5151// 5175// 5160//
f 5163// 5181// 5164//
f 5164// 5180// 5154//
f 5232// 5199// 5169//
f 5199// 5233// 5222//
f 5188// 5200// 5195//
f 5231// 5169// 5200//
f 5232// 5233// 5199//
f 5220// 5213// 5161//
f 5213// 5220// 5214//
f 5201// 5183// 5182//
f 5160// 5175// 5174//
f 5184// 5227// 5182//
f 5156// 5150// 5234//
f 5163// 5235// 5181//
f 5151// 5164// 5154//
f 5160// 5149// 5151//
f 5163// 5150// 5156//
f 5164// 5151// 5150//
f 5171// 5170// 5236//
f 5237// 5232// 5169//
f 5179// 5231// 5200//
f 5235// 5170// 5231//
f 5171// 5237// 5169//
f 5213// 5238// 5161//
f 5238// 5213// 5230//
f 5234// 5149// 5205//
f 5238// 5162// 5161//
f 5230// 5239// 5238//
f 5240// 5241// 5242//
f 5162// 5238// 5204//
f 5156// 5243// 5163//
f 5149// 5162// 5205//
f 5235// 5244// 5170//
f 5150// 5149// 5234//
f 5245// 5170// 5244//
f 5170// 5245// 5246//
f 5181// 5235// 5231//
f 5243// 5244// 5235//
f 5236// 5170// 5246//
f 5230// 5228// 5239//
f 5228// 5230// 5229//
f 5204// 5247// 5248//
f 5239// 5204// 5238//
f 5228// 5249// 5239//
f 5205// 5248// 5250//
f 5239// 5247// 5204//
f 5234// 5250// 5157//
f 5248// 5205// 5204//
f 5243// 5158// 5244//
f 5250// 5234// 5205//
f 5157// 5156// 5234//
f 5244// 5251// 5252//
f 5163// 5243// 5235//
f 5243// 5155// 5158//
f 5245// 5244// 5252//
f 5228// 5184// 5249//
f 5184// 5228// 5227//
f 5247// 5253// 5254//
f 5249// 5247// 5239//
f 5184// 5255// 5249//
f 5248// 5254// 5256//
f 5249// 5253// 5247//
f 5250// 5256// 5242//
f 5247// 5254// 5248//
f 5157// 5242// 5165//
f 5250// 5248// 5256//
f 5157// 5250// 5242//
f 5158// 5257// 5251//
f 5156// 5155// 5243//
f 5155// 5165// 5159//
f 5251// 5244// 5158//
f 5255// 5184// 5183//
f 5258// 5208// 5259//
f 5258// 5253// 5255//
f 5255// 5253// 5249//
f 5255// 5208// 5258//
f 5260// 5254// 5253//
f 5253// 5258// 5260//
f 5261// 5256// 5254//
f 5254// 5260// 5261//
f 5240// 5242// 5256//
f 5256// 5261// 5240//
f 5165// 5242// 5241//
f 5159// 5167// 5257//
f 5157// 5165// 5155//
f 5165// 5241// 5166//
f 5257// 5158// 5159//
f 5201// 5203// 5183//
f 5202// 5209// 5206//
f 5258// 5262// 5260//
f 5183// 5208// 5255//
f 5208// 5207// 5259//
f 5260// 5263// 5261//
f 5258// 5259// 5262//
f 5261// 5264// 5240//
f 5260// 5262// 5263//
f 5240// 5265// 5241//
f 5261// 5263// 5264//
f 4394// 5172// 4391//
f 5240// 5264// 5265//
f 5172// 5166// 5241//
f 5265// 5172// 5241//
f 5167// 5159// 5166//
f 5202// 5206// 5203//
f 5209// 4398// 5206//
f 4386// 5207// 4395//
f 5203// 5207// 5208//
f 5207// 4386// 5259//
f 4387// 5259// 4386//
f 5259// 4387// 5262//
f 4383// 5262// 4387//
f 5262// 4383// 5263//
f 4388// 5263// 4383//
f 5263// 4388// 5264//
f 4392// 5264// 4388//
f 5264// 4392// 5265//
f 4391// 5265// 4392//
f 4391// 5172// 5265//
f 5168// 5166// 5172//
f 5266// 4368// 4464//
f 5267// 5268// 5269//
f 5270// 5271// 5272//
f 5273// 5274// 5275//
f 5267// 5276// 5270//
f 5277// 5278// 5279//
f 5279// 5280// 5281//
f 4536// 5282// 5283//
f 5284// 5285// 5286//
f 5287// 5288// 5289//
f 5284// 5290// 5277//
f 4451// 5291// 4460//
f 5292// 5288// 5293//
f 5294// 4461// 5292//
f 5291// 4451// 5295//
f 5294// 5296// 4462//
f 4460// 5292// 4461//
f 5297// 4464// 4463//
f 4462// 4461// 5294//
f 4358// 4359// 5298//
f 5296// 5297// 4463//
f 5299// 5300// 5301//
f 4451// 4358// 5295//
f 5295// 4358// 5298//
f 4359// 4361// 5302//
f 5275// 5291// 5295//
f 5303// 5304// 5305//
f 5289// 5272// 5306//
f 5302// 4361// 5305//
f 5307// 5308// 5309//
f 5310// 5311// 5274//
f 5309// 5269// 5307//
f 5312// 5268// 5311//
f 5313// 5299// 5314//
f 5315// 5316// 5309//
f 5317// 5318// 5319//
f 5317// 5320// 5301//
f 5318// 4544// 4537//
f 5319// 5318// 4537//
f 4544// 5321// 4542//
f 5322// 5323// 5324//
f 4359// 5302// 5298//
f 5305// 5304// 5302//
f 5304// 5303// 5325//
f 5302// 5326// 5298//
f 5273// 5298// 5326//
f 5293// 5327// 5294//
f 5291// 5292// 4460//
f 5295// 5273// 5275//
f 5328// 5297// 5296//
f 5292// 5291// 5288//
f 5294// 5292// 5293//
f 5297// 5329// 5266//
f 4462// 5296// 4463//
f 5327// 5328// 5296//
f 5266// 4464// 5297//
f 5304// 5326// 5302//
f 5330// 5325// 5303//
f 5325// 5330// 5331//
f 5273// 5295// 5298//
f 5326// 5304// 5332//
f 5310// 5326// 5332//
f 5333// 5293// 5287//
f 5275// 5288// 5291//
f 5273// 5310// 5274//
f 5334// 5328// 5327//
f 5288// 5275// 5289//
f 5293// 5288// 5287//
f 5328// 5329// 5297//
f 5294// 5327// 5296//
f 5327// 5333// 5334//
f 5335// 5329// 5328//
f 5325// 5332// 5304//
f 5322// 5331// 5330//
f 5331// 5322// 5324//
f 5310// 5273// 5326//
f 5323// 5336// 5337//
f 5338// 5312// 5332//
f 5339// 5287// 5306//
f 5274// 5289// 5275//
f 5310// 5312// 5311//
f 5334// 5333// 5340//
f 5289// 5274// 5272//
f 5287// 5289// 5306//
f 5341// 5335// 5334//
f 5293// 5333// 5327//
f 5339// 5340// 5333//
f 5335// 5328// 5334//
f 5325// 5338// 5332//
f 5331// 5338// 5325//
f 5342// 5343// 5317//
f 5312// 5310// 5332//
f 5308// 5338// 5331//
f 5338// 5308// 5307//
f 5344// 5306// 5271//
f 5311// 5272// 5274//
f 5312// 5307// 5268//
f 5345// 5340// 5339//
f 5272// 5311// 5270//
f 5306// 5272// 5271//
f 5340// 5341// 5334//
f 5287// 5339// 5333//
f 5339// 5344// 5345//
f 5346// 5341// 5340//
f 5324// 5308// 5331//
f 5314// 5336// 5313//
f 5336// 5314// 5337//
f 5307// 5312// 5338//
f 5347// 5308// 5324//
f 5267// 5348// 5280//
f 5349// 5271// 5276//
f 5268// 5270// 5311//
f 5307// 5269// 5268//
f 5350// 5345// 5344//
f 5270// 5268// 5267//
f 5271// 5270// 5276//
f 5351// 5346// 5345//
f 5306// 5344// 5339//
f 5349// 5350// 5344//
f 5346// 5340// 5345//
f 5324// 5337// 5347//
f 5337// 5324// 5323//
f 5348// 5269// 5316//
f 5347// 5309// 5308//
f 5347// 5337// 5352//
f 5286// 5285// 5353//
f 5309// 5347// 5315//
f 5354// 5276// 5280//
f 5269// 5309// 5316//
f 5355// 5350// 5349//
f 5267// 5269// 5348//
f 5276// 5267// 5280//
f 5356// 5351// 5350//
f 5271// 5349// 5344//
f 5354// 5355// 5349//
f 5351// 5345// 5350//
f 5314// 5352// 5337//
f 5300// 5299// 5313//
f 5315// 5357// 5358//
f 5352// 5315// 5347//
f 5314// 5359// 5352//
f 5316// 5358// 5360//
f 5352// 5357// 5315//
f 5348// 5360// 5281//
f 5358// 5316// 5315//
f 5355// 5354// 5278//
f 5360// 5348// 5316//
f 5280// 5348// 5281//
f 5361// 5356// 5355//
f 5276// 5354// 5349//
f 5354// 5279// 5278//
f 5356// 5350// 5355//
f 5299// 5359// 5314//
f 5342// 5301// 5300//
f 5357// 5362// 5363//
f 5359// 5357// 5352//
f 5299// 5364// 5359//
f 5358// 5363// 5365//
f 5359// 5362// 5357//
f 5360// 5365// 5285//
f 5357// 5363// 5358//
f 5281// 5285// 5284//
f 5360// 5358// 5365//
f 5281// 5360// 5285//
f 5355// 5278// 5361//
f 5280// 5279// 5354//
f 5279// 5284// 5277//
f 5366// 5361// 5278//
f 5364// 5299// 5301//
f 5367// 5320// 5368//
f 5367// 5362// 5364//
f 5364// 5362// 5359//
f 5364// 5320// 5367//
f 5369// 5363// 5362//
f 5362// 5367// 5369//
f 5370// 5365// 5363//
f 5363// 5369// 5370//
f 5353// 5285// 5365//
f 5365// 5370// 5353//
f 5290// 5283// 5282//
f 5371// 5366// 5277//
f 5281// 5284// 5279//
f 5286// 5290// 5284//
f 5366// 5278// 5277//
f 5342// 5317// 5301//
f 5343// 5321// 5318//
f 5367// 5372// 5369//
f 5301// 5320// 5364//
f 5320// 5319// 5368//
f 5369// 5373// 5370//
f 5367// 5368// 5372//
f 5370// 5374// 5353//
f 5369// 5372// 5373//
f 5353// 5375// 5286//
f 5370// 5373// 5374//
f 5286// 5283// 5290//
f 5374// 5375// 5353//
f 5282// 5371// 5290//
f 5375// 5283// 5286//
f 5371// 5277// 5290//
f 5343// 5318// 5317//
f 5321// 4544// 5318//
f 4525// 5319// 4537//
f 5317// 5319// 5320//
f 5319// 4525// 5368//
f 4526// 5368// 4525//
f 5368// 4526// 5372//
f 4527// 5372// 4526//
f 5372// 4527// 5373//
f 4530// 5373// 4527//
f 5373// 4530// 5374//
f 4531// 5374// 4530//
f 5374// 4531// 5375//
f 4534// 5375// 4531//
f 5375// 4534// 5283//
f 5283// 4534// 4536//
f 5376// 4329// 4328//
f 5377// 5378// 5379//
f 5380// 5381// 5382//
f 5383// 5384// 5385//
f 5386// 5385// 5384//
f 5387// 5384// 5383//
f 5386// 5378// 5377//
f 5386// 5377// 5385//
f 5379// 5381// 5380//
f 5378// 5381// 5379//
f 5376// 5382// 4329//
f 5380// 5382// 5376//
f 5388// 5389// 5390//
f 5390// 5389// 5391//
f 5390// 5392// 5388//
f 5393// 5394// 5391//
f 5389// 5393// 5391//
f 5395// 5388// 5392//
f 5394// 5393// 5396//
f 5394// 5396// 5397//
f 5398// 5397// 5396//
f 5398// 5399// 5397//
f 5392// 5400// 5395//
f 5401// 5400// 5402//
f 5400// 5401// 5395//
f 5403// 5404// 5402//
f 5401// 5402// 5404//
f 5403// 5405// 5406//
f 5406// 5404// 5403//
f 5407// 5405// 5408//
f 5405// 5407// 5406//
f 5407// 5408// 5409//
f 5410// 5409// 5408//
f 5410// 5408// 5411//
f 5412// 5413// 5414//
f 5408// 5405// 5403//
f 5415// 5416// 5417//
f 5403// 5402// 5408//
f 5418// 5412// 5414//
f 5418// 5419// 5412//
f 5390// 5399// 5392//
f 5402// 5400// 5408//
f 5419// 5420// 5412//
f 5394// 5399// 5391//
f 5397// 5399// 5394//
f 5400// 5392// 5399//
f 5391// 5399// 5390//
f 5399// 5408// 5400//
f 5421// 5422// 5415//
f 5423// 5412// 5420//
f 5423// 5424// 5425//
f 5426// 5427// 5425//
f 5425// 5412// 5423//
f 5424// 5426// 5425//
f 5412// 5425// 5416//
f 5415// 5412// 5416//
f 5417// 5428// 5415//
f 5429// 5430// 5411//
f 5428// 5421// 5415//
f 5429// 5415// 5431//
f 5422// 5431// 5415//
f 5432// 5429// 5433//
f 5429// 5431// 5433//
f 5429// 5432// 5430//
f 5408// 5399// 5411//
f 5429// 5411// 5399//
f 5434// 5435// 5436//
f 5437// 5436// 5438//
f 5435// 5438// 5436//
f 5439// 5440// 5437//
f 5437// 5438// 5439//
f 5440// 5441// 5442//
f 5441// 5440// 5439//
f 5443// 5442// 5444//
f 5441// 5444// 5442//
f 5445// 5446// 5443//
f 5443// 5444// 5445//
f 5435// 5434// 5447//
f 5447// 5448// 5449//
f 5448// 5447// 5434//
f 5450// 5449// 5451//
f 5448// 5451// 5449//
f 5452// 5453// 5450//
f 5450// 5451// 5452//
f 5453// 5454// 5455//
f 5454// 5453// 5452//
f 5454// 5415// 5455//
f 5455// 5415// 5429//
f 5456// 5457// 5458//
f 5456// 5459// 5457//
f 5460// 5461// 5462//
f 5460// 5463// 5461//
f 5464// 5462// 5461//
f 5464// 5465// 5462//
f 5466// 5467// 5468//
f 5466// 5463// 5467//
f 5469// 5470// 5471//
f 5469// 5471// 5468//
f 5469// 5472// 5470//
f 5471// 5466// 5468//
f 5463// 5460// 5467//
f 5446// 5470// 5472//
f 5446// 5472// 5473//
f 5474// 5465// 5464//
f 5475// 5474// 5476//
f 5474// 5475// 5465//
f 5476// 5477// 5478//
f 5478// 5475// 5476//
f 5479// 5480// 5477//
f 5478// 5477// 5480//
f 5481// 5479// 5482//
f 5479// 5481// 5480//
f 5482// 5483// 5484//
f 5484// 5481// 5482//
f 5484// 5483// 5456//
f 5483// 5459// 5456//
f 5485// 5473// 5486//
f 5487// 5488// 5489//
f 5490// 5491// 5492//
f 5493// 5494// 5495//
f 5496// 5497// 5498//
f 5499// 5494// 5500//
f 5493// 5500// 5494//
f 5501// 5499// 5500//
f 5495// 5497// 5493//
f 5496// 5498// 5487//
f 5497// 5495// 5498//
f 5489// 5488// 5492//
f 5496// 5487// 5489//
f 5490// 5485// 5491//
f 5488// 5490// 5492//
f 5486// 5491// 5485//
f 5502// 5412// 5415//
f 5452// 5451// 5415//
f 5488// 5442// 5490//
f 5502// 5415// 5499//
f 5448// 5415// 5451//
f 5415// 5454// 5452//
f 5499// 5448// 5434//
f 5448// 5499// 5415//
f 5436// 5437// 5494//
f 5434// 5436// 5499//
f 5443// 5446// 5485//
f 5440// 5498// 5437//
f 5443// 5485// 5490//
f 5485// 5446// 5473//
f 5488// 5487// 5442//
f 5443// 5490// 5442//
f 5498// 5440// 5487//
f 5442// 5487// 5440//
f 5437// 5498// 5495//
f 5436// 5494// 5499//
f 5437// 5495// 5494//
f 5503// 5423// 5420//
f 5504// 5505// 5424//
f 5423// 5504// 5424//
f 5424// 5505// 5426//
f 5423// 5503// 5504//
f 5506// 5503// 5420//
f 5507// 5427// 5508//
f 5427// 5426// 5508//
f 5425// 5427// 5507//
f 5505// 5508// 5426//
f 5506// 5420// 5419//
f 5509// 5419// 5418//
f 5419// 5509// 5506//
f 5414// 5510// 5418//
f 5509// 5418// 5510//
f 5414// 5413// 5511//
f 5511// 5510// 5414//
f 5512// 5413// 5412//
f 5413// 5512// 5511//
f 5512// 5412// 5502//
f 5513// 5416// 5425//
f 5425// 5507// 5513//
f 5428// 5514// 5515//
f 5513// 5417// 5416//
f 5516// 5517// 5431//
f 5422// 5421// 5518//
f 5432// 5519// 5430//
f 5432// 5433// 5520//
f 5521// 5411// 5430//
f 5430// 5519// 5521//
f 5432// 5520// 5519//
f 5521// 5410// 5411//
f 5433// 5431// 5517//
f 5433// 5517// 5520//
f 5417// 5513// 5514//
f 5422// 5516// 5431//
f 5516// 5422// 5518//
f 5428// 5515// 5421//
f 5518// 5421// 5515//
f 5514// 5428// 5417//
f 5409// 5404// 5406//
f 5499// 5514// 5513//
f 5515// 5514// 5499//
f 5502// 5509// 5510//
f 5518// 5499// 5516//
f 5518// 5515// 5499//
f 5499// 5501// 5517//
f 5517// 5516// 5499//
f 5501// 5519// 5520//
f 5517// 5501// 5520//
f 5389// 5388// 5398//
f 5410// 5521// 5501//
f 5407// 5409// 5406//
f 5502// 5511// 5512//
f 5401// 5404// 5409//
f 5502// 5510// 5511//
f 5506// 5509// 5502//
f 5396// 5393// 5398//
f 5395// 5398// 5388//
f 5503// 5506// 5502//
f 5401// 5398// 5395//
f 5389// 5398// 5393//
f 5398// 5409// 5410//
f 5401// 5409// 5398//
f 5501// 5398// 5410//
f 5519// 5501// 5521//
f 5507// 5504// 5503//
f 5513// 5502// 5499//
f 5507// 5508// 5505//
f 5507// 5503// 5502//
f 5504// 5507// 5505//
f 5513// 5507// 5502//
f 5398// 5429// 5399//
f 5453// 5429// 5450//
f 5489// 5492// 5441//
f 5398// 5501// 5429//
f 5449// 5450// 5429//
f 5429// 5453// 5455//
f 5501// 5447// 5449//
f 5449// 5429// 5501//
f 5435// 5500// 5438//
f 5447// 5501// 5435//
f 5444// 5491// 5445//
f 5439// 5438// 5497//
f 5444// 5492// 5491//
f 5491// 5486// 5445//
f 5489// 5441// 5496//
f 5444// 5441// 5492//
f 5497// 5496// 5439//
f 5441// 5439// 5496//
f 5438// 5493// 5497//
f 5435// 5501// 5500//
f 5438// 5500// 5493//
f 5522// 5523// 5524//
f 5524// 5525// 5526//
f 5526// 5522// 5524//
f 5527// 5528// 5525//
f 5526// 5525// 5528//
f 5529// 5527// 5530//
f 5527// 5529// 5528//
f 5530// 5531// 5532//
f 5532// 5529// 5530//
f 5533// 5534// 5531//
f 5532// 5531// 5534//
f 5486// 5533// 5445//
f 5533// 5486// 5534//
f 5522// 5535// 5523//
f 5536// 5535// 5537//
f 5535// 5536// 5523//
f 5537// 5538// 5539//
f 5539// 5536// 5537//
f 5540// 5541// 5538//
f 5539// 5538// 5541//
f 5542// 5540// 5543//
f 5540// 5542// 5541//
f 5543// 5544// 5545//
f 5545// 5542// 5543//
f 5545// 5544// 5546//
f 5544// 5547// 5546//
f 5547// 5548// 5546//
f 5548// 5547// 5549//
f 5550// 5551// 5552//
f 5553// 5554// 5555//
f 5556// 5557// 5554//
f 5550// 5557// 5556//
f 5553// 5556// 5554//
f 5552// 5557// 5550//
f 5558// 5559// 5553//
f 5558// 5553// 5555//
f 5560// 5559// 5558//
f 5560// 5561// 5559//
f 5562// 5560// 5563//
f 5562// 5561// 5560//
f 5564// 5565// 5566//
f 5563// 5567// 5562//
f 5568// 5569// 5567//
f 5564// 5569// 5568//
f 5563// 5568// 5567//
f 5566// 5569// 5564//
f 5570// 5571// 5572//
f 5570// 5572// 5573//
f 5574// 5575// 5576//
f 5577// 5575// 5574//
f 5578// 5579// 5580//
f 5581// 5580// 5576//
f 5578// 5573// 5579//
f 5580// 5581// 5578//
f 5573// 5572// 5579//
f 5581// 5576// 5575//
f 5582// 5577// 5574//
f 5583// 5584// 5582//
f 5577// 5582// 5584//
f 5583// 5585// 5586//
f 5586// 5584// 5583//
f 5587// 5585// 5588//
f 5585// 5587// 5586//
f 5587// 5588// 5589//
f 5590// 5588// 5591//
f 5588// 5590// 5589//
f 5592// 5593// 5594//
f 5595// 5596// 5597//
f 5593// 5595// 5597//
f 5596// 5598// 5599//
f 5596// 5595// 5598//
f 5600// 5601// 5599//
f 5599// 5598// 5600//
f 5593// 5597// 5594//
f 5602// 5592// 5594//
f 5603// 5604// 5602//
f 5592// 5602// 5604//
f 5603// 5605// 5606//
f 5606// 5604// 5603//
f 5607// 5605// 5590//
f 5605// 5607// 5606//
f 5607// 5590// 5591//
f 5600// 5608// 5601//
f 5600// 5609// 5608//
f 5609// 5610// 5611//
f 5608// 5609// 5611//
f 5612// 5611// 5610//
f 5610// 5613// 5612//
f 5614// 5613// 5615//
f 5614// 5612// 5613//
f 5616// 5617// 5618//
f 5616// 5619// 5617//
f 5620// 5621// 5622//
f 5623// 5624// 5625//
f 5626// 5627// 5628//
f 5629// 5630// 5631//
f 5632// 5618// 5633//
f 5633// 5627// 5632//
f 5631// 5630// 5622//
f 5632// 5616// 5618//
f 5627// 5633// 5628//
f 5626// 5629// 5631//
f 5626// 5628// 5629//
f 5630// 5620// 5622//
f 5623// 5621// 5624//
f 5620// 5624// 5621//
f 5634// 5635// 5636//
f 4333// 4331// 4326//
f 5637// 5638// 5639//
f 4324// 4333// 4326//
f 5640// 5637// 5639//
f 4333// 4327// 4329//
f 4324// 4327// 4333//
f 5638// 5641// 5639//
f 5387// 5378// 5386//
f 5382// 5387// 4329//
f 5378// 5387// 5381//
f 5384// 5387// 5386//
f 5387// 4333// 4329//
f 5382// 5381// 5387//
f 5642// 5625// 5643//
f 5641// 5644// 5639//
f 5645// 5640// 5639//
f 5636// 5646// 5634//
f 5639// 5644// 5646//
f 5639// 5646// 5636//
f 5639// 5636// 5647//
f 5625// 5639// 5647//
f 5623// 5648// 5649//
f 5625// 5650// 5643//
f 5625// 5647// 5650//
f 5625// 5651// 5652//
f 5642// 5651// 5625//
f 5653// 5623// 5652//
f 5625// 5652// 5623//
f 5623// 5654// 5648//
f 5623// 5653// 5654//
f 4333// 5387// 5649//
f 5623// 5649// 5387//
f 5641// 5655// 5644//
f 5656// 5646// 5644//
f 5656// 5644// 5655//
f 5646// 5656// 5657//
f 5641// 5658// 5655//
f 5657// 5634// 5646//
f 5657// 5659// 5634//
f 5635// 5634// 5659//
f 5660// 5635// 5659//
f 5660// 5636// 5635//
f 5638// 5658// 5641//
f 5661// 5638// 5637//
f 5638// 5661// 5658//
f 5640// 5662// 5637//
f 5661// 5637// 5662//
f 5640// 5645// 5663//
f 5663// 5662// 5640//
f 5664// 5645// 5639//
f 5645// 5664// 5663//
f 5664// 5639// 5665//
f 5666// 5647// 5636//
f 5636// 5660// 5666//
f 5643// 5667// 5668//
f 5666// 5650// 5647//
f 5669// 5670// 5652//
f 5651// 5642// 5671//
f 5654// 5672// 5648//
f 5654// 5653// 5673//
f 5674// 5649// 5648//
f 5648// 5672// 5674//
f 5654// 5673// 5672//
f 5674// 5675// 5649//
f 5653// 5652// 5670//
f 5653// 5670// 5673//
f 5651// 5669// 5652//
f 5669// 5651// 5671//
f 5643// 5668// 5642//
f 5671// 5642// 5668//
f 5666// 5667// 5650//
f 5667// 5643// 5650//
f 5675// 4334// 4333//
f 5675// 4333// 5649//
f 5666// 5665// 5676//
f 4334// 4330// 4332//
f 5676// 5668// 5667//
f 4323// 4325// 4334//
f 4334// 4325// 4330//
f 5665// 5663// 5664//
f 5665// 5661// 5662//
f 4328// 4323// 4334//
f 5661// 5665// 5658//
f 5665// 5655// 5658//
f 5383// 5376// 4328//
f 5385// 5377// 5383//
f 5377// 5379// 5383//
f 5376// 5383// 5380//
f 5380// 5383// 5379//
f 4334// 5675// 5383//
f 4328// 4334// 5383//
f 5383// 5675// 5677//
f 5656// 5655// 5665//
f 5665// 5662// 5663//
f 5657// 5656// 5660//
f 5657// 5660// 5659//
f 5660// 5656// 5665//
f 5660// 5665// 5666//
f 5668// 5676// 5671//
f 5676// 5667// 5666//
f 5676// 5670// 5669//
f 5671// 5676// 5669//
f 5673// 5670// 5677//
f 5676// 5677// 5670//
f 5674// 5672// 5677//
f 5677// 5672// 5673//
f 5675// 5674// 5677//
f 5678// 5679// 5680//
f 5678// 5681// 5682//
f 5678// 5680// 5681//
f 5683// 5680// 5679//
f 5684// 5685// 5686//
f 5685// 5682// 5686//
f 5677// 5676// 5687//
f 5684// 5677// 5687//
f 5685// 5684// 5687//
f 5681// 5686// 5682//
f 5683// 5679// 5688//
f 5689// 5688// 5690//
f 5688// 5689// 5683//
f 5691// 5692// 5690//
f 5689// 5690// 5692//
f 5691// 5693// 5694//
f 5694// 5692// 5691//
f 5695// 5693// 5696//
f 5693// 5695// 5694//
f 5695// 5696// 5697//
f 5698// 5699// 5700//
f 5701// 5702// 5698//
f 5698// 5700// 5701//
f 5703// 5704// 5705//
f 5705// 5702// 5701//
f 5700// 5699// 5706//
f 5702// 5705// 5704//
f 5707// 5708// 5709//
f 5707// 5709// 5703//
f 5709// 5704// 5703//
f 5706// 5699// 5710//
f 5711// 5710// 5712//
f 5710// 5711// 5706//
f 5713// 5711// 5714//
f 5712// 5714// 5711//
f 5715// 5716// 5713//
f 5713// 5714// 5715//
f 5716// 5717// 5718//
f 5717// 5716// 5715//
f 5717// 5719// 5718//
f 5718// 5719// 5720//
f 5721// 5722// 5723//
f 5724// 5725// 5722//
f 5723// 5722// 5725//
f 5726// 5724// 5727//
f 5724// 5726// 5725//
f 5727// 5728// 5729//
f 5729// 5726// 5727//
f 5730// 5731// 5728//
f 5729// 5728// 5731//
f 5732// 5730// 5733//
f 5730// 5732// 5731//
f 5723// 5734// 5721//
f 5734// 5735// 5736//
f 5736// 5721// 5734//
f 5737// 5738// 5735//
f 5736// 5735// 5738//
f 5739// 5737// 5740//
f 5737// 5739// 5738//
f 5740// 5741// 5742//
f 5742// 5739// 5740//
f 5742// 5741// 5743//
f 5741// 5744// 5743//
f 5745// 5744// 5746//
f 5745// 5743// 5744//
f 5747// 5748// 5749//
f 5750// 5748// 5751//
f 5748// 5750// 5749//
f 5752// 5753// 5751//
f 5750// 5751// 5753//
f 5752// 5754// 5755//
f 5755// 5753// 5752//
f 5754// 5756// 5755//
f 5757// 5747// 5749//
f 5758// 5759// 5757//
f 5747// 5757// 5759//
f 5758// 5760// 5761//
f 5761// 5759// 5758//
f 5762// 5760// 5745//
f 5760// 5762// 5761//
f 5762// 5745// 5746//
f 5754// 5763// 5756//
f 5763// 5754// 5764//
f 5765// 5766// 5767//
f 5768// 5766// 5765//
f 5769// 5770// 5771//
f 5772// 5771// 5767//
f 5767// 5766// 5772//
f 5771// 5772// 5769//
f 5773// 5774// 5770//
f 5769// 5773// 5770//
f 5768// 5765// 5775//
f 5776// 5777// 5775//
f 5768// 5775// 5777//
f 5776// 5778// 5779//
f 5779// 5777// 5776//
f 5780// 5778// 5763//
f 5778// 5780// 5779//
f 5780// 5763// 5764//
f 5781// 5782// 5774//
f 5781// 5774// 5773//
f 5781// 5783// 5784//
f 5782// 5781// 5784//
f 5785// 5784// 5783//
f 5783// 5786// 5785//
f 5787// 5786// 5788//
f 5786// 5787// 5785//
f 5789// 5790// 5791//
f 5792// 5793// 5790//
f 5793// 5791// 5790//
f 5794// 5792// 5795//
f 5793// 5792// 5794//
f 5796// 5797// 5795//
f 5797// 5794// 5795//
f 5791// 5798// 5789//
f 5796// 5799// 5797//
f 5800// 5789// 5798//
f 5801// 5800// 5802//
f 5798// 5802// 5800//
f 5803// 5804// 5801//
f 5801// 5802// 5803//
f 5804// 5805// 5806//
f 5805// 5804// 5803//
f 5805// 5807// 5806//
f 5806// 5807// 5808//
f 5048// 5047// 5809//
f 5809// 5810// 5048//
f 4405// 4423// 4413//
f 5210// 5342// 5214//
f 4346// 4407// 4428//
f 4428// 4400// 4346//
f 4428// 4423// 4405//
f 4407// 4423// 4428//
f 4403// 4429// 4428//
f 4428// 4405// 4403//
f 4401// 4429// 4403//
f 4401// 4402// 4360//
f 4360// 4429// 4401//
f 4360// 4402// 4361//
f 5303// 5202// 5201//
f 5305// 4361// 5209//
f 5229// 5323// 5227//
f 5201// 5182// 5322//
f 5300// 5214// 5342//
f 5229// 5212// 5336//
f 5321// 5197// 4493//
f 5343// 5342// 5198//
f 4479// 4547// 4480//
f 4490// 4542// 4493//
f 4549// 4553// 4552//
f 4564// 4553// 4479//
f 4565// 4564// 4479//
f 4479// 4545// 4565//
f 4479// 4549// 4547//
f 4479// 4553// 4549//
f 4480// 4543// 4490//
f 4547// 4543// 4480//
f 4493// 4542// 5321//
f 4490// 4543// 4542//
f 5343// 5198// 5197//
f 5343// 5197// 5321//
f 5210// 5198// 5342//
f 5313// 5214// 5300//
f 5336// 5212// 5313//
f 5214// 5313// 5212//
f 5323// 5322// 5227//
f 5229// 5336// 5323//
f 5182// 5227// 5322//
f 5330// 5303// 5201//
f 5322// 5330// 5201//
f 5305// 5209// 5202//
f 5305// 5202// 5303//
f 5209// 4361// 4402//
f 5811// 4497// 4496//
f 5232// 5237// 5812//
f 5232// 5813// 5233//
f 5813// 5232// 5812//
f 5222// 5813// 5223//
f 5222// 5233// 5813//
f 5224// 5813// 5225//
f 5224// 5223// 5813//
f 5226// 5813// 5218//
f 5226// 5225// 5813//
f 5219// 5814// 5192//
f 5218// 5813// 5814//
f 5815// 5810// 5809//
f 5816// 5811// 5814//
f 5817// 5818// 5815//
f 5809// 5817// 5815//
f 5811// 4496// 4499//
f 4499// 5814// 5811//
f 4497// 5819// 4465//
f 5819// 4497// 5811//
f 4591// 4590// 5819//
f 5819// 4590// 4597//
f 5819// 4580// 4586//
f 4585// 5819// 4586//
f 4581// 4580// 5820//
f 5819// 5820// 4580//
f 4577// 4576// 5820//
f 5820// 4576// 4581//
f 4572// 5820// 5821//
f 5820// 4572// 4577//
f 4571// 5821// 4516//
f 4571// 4572// 5821//
f 5819// 4585// 4591//
f 5819// 4597// 4465//
f 5817// 5816// 5818//
f 5818// 5816// 5814//
f 5192// 5814// 4499//
f 5218// 5814// 5219//
f 5171// 5812// 5237//
f 5812// 5236// 5246//
f 5171// 5236// 5812//
f 5246// 5245// 5822//
f 5822// 5812// 5246//
f 5245// 5252// 5822//
f 4393// 4411// 5823//
f 4536// 4535// 5821//
f 4368// 5266// 5824//
f 4562// 4567// 5821//
f 5821// 4567// 4516//
f 5821// 4535// 4557//
f 5821// 4557// 4562//
f 5821// 5282// 4536//
f 5371// 5282// 5824//
f 5821// 5824// 5282//
f 5361// 5366// 5824//
f 5824// 5366// 5371//
f 5351// 5356// 5824//
f 5824// 5356// 5361//
f 5341// 5346// 5824//
f 5824// 5346// 5351//
f 5329// 5335// 5824//
f 5824// 5335// 5341//
f 5824// 5266// 5329//
f 4369// 4368// 5823//
f 5824// 5823// 4368//
f 4449// 4455// 5823//
f 5823// 4455// 4369//
f 4439// 4444// 5823//
f 5823// 4444// 4449//
f 4427// 4433// 5823//
f 5823// 4433// 4439//
f 4417// 4422// 5823//
f 5823// 4422// 4427//
f 5823// 4411// 4417//
f 5823// 5822// 4393//
f 5168// 4394// 5822//
f 5822// 4394// 4393//
f 5257// 5167// 5822//
f 5822// 5167// 5168//
f 5822// 5251// 5257//
f 5251// 5822// 5252//
f 5825// 5823// 5824//
f 5826// 5827// 5828//
f 5829// 5828// 5830//
f 5825// 5829// 5830//
f 5826// 5828// 5829//
f 5823// 5825// 5830//
f 5831// 5808// 5827//
f 5831// 5827// 5826//
f 5806// 5808// 5832//
f 5804// 5796// 5801//
f 5833// 5834// 5804//
f 5792// 5796// 5795//
f 5789// 5796// 5790//
f 5789// 5800// 5796//
f 5796// 5792// 5790//
f 5796// 5800// 5801//
f 5834// 5796// 5804//
f 5835// 5836// 5834//
f 5837// 5834// 5838//
f 5834// 5839// 5840//
f 5835// 5834// 5840//
f 5833// 5838// 5834//
f 5839// 5834// 5837//
f 5806// 5832// 5833//
f 5806// 5833// 5804//
f 5832// 5808// 5831//
f 5834// 5841// 5799//
f 5834// 5799// 5796//
f 5838// 5842// 5843//
f 5838// 5833// 5842//
f 5844// 5842// 5833//
f 5843// 5837// 5838//
f 5845// 5832// 5831//
f 5844// 5832// 5845//
f 5833// 5832// 5844//
f 5831// 5846// 5845//
f 5847// 5837// 5843//
f 5847// 5839// 5837//
f 5840// 5839// 5848//
f 5847// 5848// 5839//
f 5849// 5835// 5840//
f 5840// 5848// 5849//
f 5835// 5850// 5836//
f 5850// 5835// 5849//
f 5850// 5841// 5836//
f 5836// 5841// 5834//
f 4316// 4315// 5851//
f 4297// 4240// 4305//
f 4305// 4298// 4297//
f 4304// 4240// 4242//
f 4240// 4304// 4305//
f 4292// 4230// 4242//
f 4304// 4242// 4230//
f 4292// 4293// 4231//
f 4231// 4230// 4292//
f 4232// 4293// 4316//
f 4293// 4232// 4231//
f 5852// 4313// 4312//
f 4314// 5853// 5854//
f 5855// 4271// 5856//
f 5857// 5858// 5859//
f 4311// 4268// 5860//
f 5861// 5862// 5863//
f 5864// 5865// 5866//
f 5866// 5867// 5864//
f 5867// 5862// 5861//
f 5864// 5867// 5861//
f 5863// 5862// 5859//
f 5858// 5857// 4268//
f 5863// 5859// 5858//
f 4311// 5860// 5856//
f 4268// 5857// 5860//
f 4312// 4271// 5855//
f 4271// 4311// 5856//
f 5853// 4313// 5852//
f 5852// 4312// 5855//
f 5854// 4315// 4314//
f 5853// 4314// 4313//
f 4316// 5851// 4232//
f 5854// 5851// 4315//
f 5868// 5869// 5854//
f 4766// 4681// 5870//
f 5870// 4681// 4306//
f 4306// 4681// 4309//
f 5871// 4784// 4778//
f 4784// 5871// 5872//
f 5868// 5873// 5874//
f 5875// 4814// 4808//
f 5876// 5877// 5878//
f 4796// 5879// 5880//
f 5881// 4820// 5882//
f 4838// 4832// 5883//
f 4738// 5884// 4686//
f 4838// 5883// 5885//
f 5884// 4856// 5886//
f 5887// 5888// 5889//
f 5890// 5891// 5892//
f 5893// 4686// 5884//
f 5858// 4268// 4266//
f 5894// 5891// 5895//
f 5896// 5892// 5894//
f 5896// 5894// 5863//
f 4265// 4261// 5892//
f 5895// 5864// 5861//
f 4743// 4261// 4264//
f 4261// 4743// 5890//
f 5897// 5898// 5899//
f 4872// 5893// 5900//
f 5867// 5889// 5862//
f 5865// 5898// 5866//
f 4850// 5901// 5886//
f 5902// 5903// 5904//
f 5885// 5901// 4844//
f 5881// 5883// 4826//
f 5903// 5857// 5859//
f 5905// 5906// 5878//
f 5907// 5906// 5908//
f 4802// 5880// 5875//
f 5882// 4814// 5875//
f 5879// 4790// 5872//
f 5873// 5909// 5876//
f 4772// 5910// 5871//
f 5911// 5869// 5874//
f 4308// 4233// 5912//
f 5870// 5910// 4766//
f 4233// 4232// 5913//
f 5912// 5870// 4308//
f 4306// 4308// 5870//
f 4772// 4766// 5910//
f 5913// 5851// 5869//
f 4233// 5913// 5912//
f 5912// 5911// 5910//
f 4232// 5851// 5913//
f 5870// 5912// 5910//
f 4778// 4772// 5871//
f 5869// 5911// 5913//
f 5912// 5913// 5911//
f 5911// 5874// 5871//
f 5851// 5854// 5869//
f 5871// 5910// 5911//
f 5872// 4790// 4784//
f 5868// 5874// 5869//
f 5868// 5853// 5909//
f 5874// 5873// 5872//
f 5854// 5853// 5868//
f 5871// 5874// 5872//
f 4796// 4790// 5879//
f 5909// 5873// 5868//
f 5909// 5852// 5877//
f 5873// 5876// 5879//
f 5853// 5852// 5909//
f 5872// 5873// 5879//
f 4802// 4796// 5880//
f 5877// 5876// 5909//
f 5877// 5855// 5905//
f 5880// 5876// 5878//
f 5852// 5855// 5877//
f 5879// 5876// 5880//
f 4808// 4802// 5875//
f 5905// 5878// 5877//
f 5905// 5856// 5908//
f 5875// 5878// 5906//
f 5855// 5856// 5905//
f 5880// 5878// 5875//
f 5882// 4820// 4814//
f 5908// 5906// 5905//
f 5908// 5860// 5914//
f 5882// 5906// 5907//
f 5856// 5860// 5908//
f 5875// 5906// 5882//
f 4826// 4820// 5881//
f 5914// 5907// 5908//
f 5914// 5857// 5903//
f 5907// 5902// 5881//
f 5860// 5857// 5914//
f 5882// 5907// 5881//
f 4832// 4826// 5883//
f 5914// 5903// 5902//
f 5907// 5914// 5902//
f 5902// 5904// 5883//
f 5859// 5915// 5903//
f 5883// 5881// 5902//
f 5885// 4844// 4838//
f 5915// 5862// 5889//
f 5903// 5915// 5904//
f 5904// 5888// 5885//
f 5859// 5862// 5915//
f 5883// 5904// 5885//
f 4850// 4844// 5901//
f 5915// 5889// 5888//
f 5904// 5915// 5888//
f 5888// 5887// 5901//
f 5867// 5916// 5889//
f 5885// 5888// 5901//
f 4856// 4850// 5886//
f 5916// 5866// 5898//
f 5889// 5916// 5887//
f 5887// 5897// 5886//
f 5867// 5866// 5916//
f 5901// 5887// 5886//
f 4738// 4856// 5884//
f 5916// 5898// 5897//
f 5887// 5916// 5897//
f 5897// 5899// 5884//
f 5865// 5917// 5898//
f 5884// 5886// 5897//
f 5893// 4872// 4686//
f 5917// 5864// 5895//
f 5898// 5917// 5899//
f 5899// 5918// 5893//
f 5865// 5864// 5917//
f 5884// 5899// 5893//
f 4877// 4872// 5900//
f 5917// 5895// 5918//
f 5899// 5917// 5918//
f 5918// 5891// 5900//
f 5861// 5894// 5895//
f 5893// 5918// 5900//
f 5890// 4743// 4877//
f 5858// 5896// 5863//
f 5918// 5895// 5891//
f 5891// 5894// 5892//
f 5861// 5863// 5894//
f 4877// 5900// 5890//
f 5891// 5890// 5900//
f 5896// 4266// 4265//
f 4261// 5890// 5892//
f 4265// 5892// 5896//
f 4266// 5896// 5858//
f 5919// 4283// 4651//
f 5920// 5921// 5922//
f 5923// 5924// 5925//
f 4631// 4666// 5926//
f 5922// 5926// 5927//
f 5928// 5929// 5930//
f 5922// 5929// 5931//
f 5932// 5930// 5933//
f 5928// 5934// 5931//
f 5934// 5935// 5936//
f 4631// 5926// 5921//
f 5925// 5933// 5937//
f 5938// 5932// 5924//
f 5939// 5940// 5923//
f 5941// 5942// 5923//
f 5943// 5944// 5945//
f 5940// 5944// 5941//
f 5946// 5943// 5947//
f 5948// 5949// 5944//
f 5950// 5144// 5946//
f 5122// 5951// 5146//
f 5950// 5145// 5144//
f 5952// 5953// 5954//
f 5142// 5955// 5143//
f 5952// 5956// 5955//
f 5143// 5955// 5138//
f 5952// 5142// 5950//
f 5957// 5958// 5140//
f 5959// 5139// 5960//
f 5958// 5096// 5140//
f 5135// 5957// 5140//
f 5138// 5960// 5139//
f 5138// 5955// 5960//
f 5959// 5957// 5139//
f 5116// 5115// 5961//
f 5950// 5946// 5953//
f 5962// 5961// 5115//
f 5951// 5122// 5948//
f 5119// 5963// 5120//
f 5962// 5949// 5961//
f 5964// 5965// 5119//
f 5962// 5966// 5967//
f 4650// 5968// 5919//
f 5964// 5919// 5968//
f 4650// 4649// 5969//
f 5958// 5957// 5970//
f 5135// 5139// 5957//
f 5950// 5142// 5145//
f 5960// 5971// 5959//
f 5142// 5952// 5955//
f 5972// 5970// 5959//
f 5960// 5956// 5971//
f 5970// 5957// 5959//
f 5144// 5146// 5951//
f 5973// 5971// 5956//
f 5946// 5144// 5951//
f 5953// 5952// 5950//
f 5959// 5971// 5972//
f 5955// 5956// 5960//
f 5973// 5956// 5954//
f 5974// 5972// 5971//
f 5961// 5122// 5116//
f 5947// 5975// 5953//
f 5961// 5948// 5122//
f 5954// 5976// 5973//
f 5943// 5946// 5951//
f 5953// 5946// 5947//
f 5973// 5977// 5974//
f 5952// 5954// 5956//
f 5954// 5975// 5976//
f 5974// 5971// 5973//
f 5115// 5120// 5963//
f 5941// 5949// 5967//
f 5945// 5978// 5947//
f 5948// 5943// 5951//
f 5961// 5949// 5948//
f 5976// 5975// 5979//
f 5944// 5943// 5948//
f 5945// 5947// 5943//
f 5976// 5980// 5977//
f 5953// 5975// 5954//
f 5978// 5979// 5975//
f 5977// 5973// 5976//
f 5981// 5982// 5966//
f 5963// 5962// 5115//
f 5965// 5963// 5119//
f 5982// 5942// 5967//
f 5962// 5963// 5966//
f 5940// 5983// 5945//
f 5962// 5967// 5949//
f 5984// 5979// 5978//
f 5944// 5949// 5941//
f 5940// 5945// 5944//
f 5979// 5980// 5976//
f 5947// 5978// 5975//
f 5984// 5978// 5983//
f 5985// 5980// 5979//
f 5119// 5121// 5964//
f 5121// 4283// 5919//
f 4648// 5986// 5969//
f 5965// 5966// 5963//
f 5964// 5968// 5965//
f 5987// 5988// 5982//
f 5981// 5966// 5965//
f 5988// 5924// 5942//
f 5966// 5982// 5967//
f 5983// 5989// 5984//
f 5967// 5942// 5941//
f 5940// 5941// 5923//
f 5979// 5984// 5985//
f 5945// 5983// 5978//
f 5989// 5983// 5939//
f 5990// 5985// 5984//
f 5121// 5919// 5964//
f 4651// 4650// 5919//
f 4648// 5969// 4649//
f 5965// 5968// 5981//
f 5968// 5969// 5986//
f 5991// 5992// 4646//
f 5968// 5986// 5981//
f 5993// 5938// 5988//
f 5982// 5981// 5987//
f 5937// 5989// 5939//
f 5982// 5988// 5942//
f 5923// 5942// 5924//
f 5989// 5994// 5990//
f 5940// 5939// 5983//
f 5925// 5937// 5939//
f 5990// 5984// 5989//
f 4652// 5992// 4648//
f 4650// 5969// 5968//
f 5986// 4648// 5992//
f 5981// 5986// 5987//
f 5986// 5992// 5991//
f 5935// 5995// 4654//
f 5986// 5991// 5987//
f 5928// 5938// 5934//
f 5987// 5993// 5988//
f 5924// 5988// 5938//
f 5996// 5994// 5937//
f 5923// 5925// 5939//
f 5932// 5933// 5925//
f 5994// 5989// 5937//
f 4652// 4646// 5992//
f 4653// 5995// 4646//
f 5997// 4654// 4656//
f 5987// 5991// 5993//
f 5991// 4646// 5995//
f 4655// 4661// 5998//
f 5993// 5991// 5935//
f 5938// 5993// 5934//
f 5933// 5996// 5937//
f 5924// 5932// 5925//
f 5930// 5932// 5928//
f 5999// 5996// 5933//
f 4654// 5995// 4653//
f 5991// 5995// 5935//
f 4655// 5936// 5997//
f 5993// 5935// 5934//
f 5935// 4654// 5997//
f 5931// 5936// 5920//
f 5933// 5930// 5999//
f 5938// 5928// 5932//
f 5929// 5928// 5931//
f 6000// 5999// 5930//
f 4655// 5997// 4656//
f 5935// 5997// 5936//
f 4632// 5920// 5998//
f 5934// 5936// 5931//
f 5936// 4655// 5998//
f 5929// 5927// 6000//
f 5920// 5922// 5931//
f 6000// 5930// 5929//
f 4632// 5998// 4661//
f 5936// 5998// 5920//
f 4632// 4665// 5920//
f 5921// 4665// 4609//
f 5920// 4665// 5921//
f 5927// 5929// 5922//
f 4631// 5921// 4609//
f 5926// 5922// 5921//
f 6001// 6002// 6003//
f 6004// 6005// 6006//
f 5977// 6007// 5974//
f 6008// 6009// 6010//
f 5958// 6011// 6012//
f 6011// 5970// 5972//
f 6011// 5958// 5970//
f 5958// 6012// 5096//
f 6013// 5996// 6014//
f 5990// 5994// 6013//
f 5980// 5985// 6008//
f 5972// 6007// 6011//
f 5977// 6008// 6007//
f 5972// 5974// 6007//
f 5977// 5980// 6008//
f 5990// 6013// 6008//
f 5990// 6008// 5985//
f 5999// 6000// 6014//
f 5996// 6013// 5994//
f 6015// 5927// 5926//
f 6000// 5927// 6015//
f 4666// 6016// 5926//
f 6015// 5926// 6016//
f 6015// 6014// 6000//
f 5996// 5999// 6014//
f 6009// 6008// 6013//
f 6009// 6002// 6010//
f 6010// 6002// 6001//
f 6004// 6006// 6003//
f 6001// 6003// 6006//
f 6016// 4666// 4670//
f 6017// 4819// 4825//
f 4670// 4672// 6016//
f 6016// 4611// 4610//
f 4672// 4611// 6016//
f 4610// 4627// 6016//
f 4627// 4765// 6016//
f 4771// 4777// 6017//
f 4771// 6017// 4765//
f 6016// 4765// 6017//
f 6017// 4783// 4789//
f 4777// 4783// 6017//
f 6017// 4795// 4801//
f 4789// 4795// 6017//
f 4813// 4819// 6017//
f 6017// 4807// 4813//
f 4831// 6018// 6017//
f 6017// 4825// 4831//
f 4837// 4843// 6018//
f 4837// 6018// 4831//
f 4849// 6018// 4843//
f 6018// 4860// 4867//
f 6018// 4855// 4860//
f 6018// 4871// 4746//
f 4867// 4871// 6018//
f 4725// 4721// 6018//
f 4725// 6018// 4746//
f 4720// 5086// 6012//
f 4721// 6012// 6018//
f 4721// 4720// 6012//
f 5127// 5131// 6012//
f 5127// 6012// 5086//
f 5097// 5096// 6012//
f 5097// 6012// 5131//
f 4849// 4855// 6018//
f 4801// 4807// 6017//
f 6019// 6020// 6021//
f 6022// 6019// 6021//
f 6022// 6021// 6023//
f 6019// 6024// 6020//
f 6020// 6024// 6018//
f 6024// 6017// 6018//
f 5794// 5797// 5799//
f 5793// 5799// 5791//
f 5793// 5794// 5799//
f 5799// 5802// 5798//
f 5791// 5799// 5798//
f 5803// 5799// 5841//
f 5799// 5803// 5802//
f 5841// 5843// 5842//
f 5843// 5841// 5847//
f 5849// 5848// 5841//
f 5850// 5849// 5841//
f 5844// 5841// 5842//
f 5847// 5841// 5848//
f 5844// 5805// 5803//
f 5841// 5844// 5803//
f 5805// 5845// 5807//
f 5845// 5805// 5844//
f 5845// 5846// 5807//
f 6022// 6023// 5846//
f 5846// 6023// 5807//
f 5824// 5826// 5825//
f 5047// 4889// 4888//
f 5825// 5826// 5829//
f 5032// 5035// 4889//
f 5824// 6024// 6019//
f 5816// 6004// 6003//
f 5816// 6003// 6002//
f 5811// 5816// 6002//
f 6004// 5816// 5817//
f 5809// 6004// 5817//
f 5042// 5047// 5046//
f 5811// 6002// 6009//
f 4889// 5033// 5032//
f 5035// 5028// 4898//
f 4898// 4889// 5035//
f 5027// 4893// 5028//
f 5033// 5047// 5042//
f 5030// 4900// 4904//
f 5027// 5030// 4894//
f 4904// 4894// 5030//
f 5023// 4906// 5022//
f 5020// 5022// 4901//
f 4927// 4909// 5019//
f 5023// 5019// 4907//
f 4925// 4924// 5073//
f 5076// 4927// 4925//
f 5072// 4924// 4921//
f 5066// 4915// 5065//
f 5066// 5070// 4919//
f 5052// 4914// 4932//
f 4914// 5051// 4915//
f 4933// 4936// 5054//
f 4933// 5054// 4932//
f 5054// 4938// 4939//
f 4936// 4938// 5054//
f 5054// 4939// 4916//
f 4914// 5052// 5051//
f 4932// 5054// 5052//
f 4915// 5051// 5065//
f 4915// 5066// 4919//
f 4919// 5070// 4921//
f 5072// 5073// 4924//
f 5070// 5072// 4921//
f 5073// 5076// 4925//
f 5076// 4911// 4927//
f 4907// 5019// 4909//
f 4909// 4927// 4911//
f 4901// 5022// 4906//
f 4906// 5023// 4907//
f 4900// 5020// 4901//
f 4894// 4893// 5027//
f 5030// 5020// 4900//
f 5038// 5046// 5043//
f 4893// 4898// 5028//
f 4889// 5047// 5033//
f 5046// 5038// 5042//
f 4888// 4890// 5047//
f 5821// 6017// 5824//
f 5047// 4890// 5809//
f 6017// 6024// 5824//
f 5821// 5820// 6016//
f 5809// 4890// 6004//
f 5811// 6013// 6014//
f 5811// 6009// 6013//
f 6015// 5819// 5811//
f 5811// 6014// 6015//
f 6016// 5820// 5819//
f 6015// 6016// 5819//
f 6016// 6017// 5821//
f 6019// 6022// 5824//
f 5826// 6022// 5831//
f 6022// 5826// 5824//
f 5831// 6022// 5846//
f 4892// 6004// 4890//
f 6004// 4892// 6005//
f 4895// 5031// 5026//
f 5810// 4892// 5048//
f 4897// 5037// 5036//
f 5034// 5041// 4887//
f 5026// 5037// 4896//
f 4895// 4903// 5031//
f 4903// 4902// 5031//
f 5024// 5021// 4908//
f 5029// 4899// 5021//
f 4929// 5025// 4910//
f 5024// 4905// 5025//
f 4928// 5074// 4926//
f 5075// 4928// 4929//
f 5818// 5814// 6001//
f 5818// 6001// 6006//
f 5069// 5068// 4922//
f 5071// 4923// 4926//
f 5814// 6010// 6001//
f 6010// 5814// 6008//
f 5050// 4913// 4920//
f 5067// 4920// 5068//
f 5818// 6006// 6005//
f 5814// 6007// 6008//
f 5053// 4931// 4930//
f 4930// 4913// 5049//
f 4935// 4934// 5053//
f 5053// 4934// 4931//
f 5053// 4917// 4937//
f 4937// 4935// 5053//
f 5049// 5053// 4930//
f 6011// 6007// 5814//
f 4913// 5050// 5049//
f 4920// 5067// 5050//
f 4920// 4922// 5068//
f 4922// 4923// 5069//
f 5071// 4926// 5074//
f 5069// 4923// 5071//
f 5074// 4928// 5075//
f 5075// 4929// 4912//
f 4905// 4910// 5025//
f 4910// 4912// 4929//
f 4899// 4908// 5021//
f 4908// 4905// 5024//
f 4902// 4899// 5029//
f 4895// 5026// 4896//
f 5031// 4902// 5029//
f 4887// 4897// 5036//
f 4896// 5037// 4897//
f 5041// 5040// 5048//
f 5034// 4887// 5036//
f 5045// 5039// 5044//
f 5048// 5040// 5045//
f 5039// 5045// 5040//
f 4887// 5048// 4891//
f 5041// 5048// 4887//
f 4891// 5048// 4892//
f 6012// 6011// 5813//
f 5814// 5813// 6011//
f 5813// 5812// 6012//
f 6012// 5822// 6018//
f 5828// 5827// 5830//
f 5830// 5827// 5823//
f 5808// 6023// 5827//
f 5808// 5807// 6023//
f 5823// 5827// 6023//
f 6020// 5823// 6021//
f 5823// 6023// 6021//
f 5823// 6020// 6018//
f 5823// 6018// 5822//
f 5822// 6012// 5812//
f 5815// 6005// 5810//
f 5815// 5818// 6005//
f 4892// 5810// 6005//
f 4940// 5057// 4956//
f 5054// 4956// 5057//
f 5057// 4946// 5058//
f 4940// 4946// 5057//
f 5054// 4916// 4956//
f 5058// 4948// 5059//
f 4946// 4948// 5058//
f 4943// 5059// 4955//
f 5059// 4948// 4955//
f 5062// 4943// 4950//
f 4943// 5062// 5059//
f 4949// 5063// 5062//
f 5062// 4950// 4949//
f 5063// 4949// 4954//
f 6025// 5063// 6026//
f 4954// 6026// 5063//
f 6027// 6025// 6026//
f 6028// 6029// 6025//
f 6025// 6027// 6028//
f 6028// 6030// 6029//
f 6030// 6031// 6029//
f 6030// 6032// 6031//
f 6033// 6034// 6035//
f 6036// 6037// 6038//
f 6039// 6040// 6041//
f 6042// 6043// 6044//
f 6032// 6041// 6031//
f 6040// 6031// 6041//
f 6042// 6040// 6039//
f 6043// 6034// 6044//
f 6039// 6043// 6042//
f 6033// 6035// 6038//
f 6044// 6034// 6033//
f 6036// 6038// 6035//
f 6045// 6046// 6037//
f 6037// 6036// 6045//
f 6047// 6048// 6049//
f 6046// 6045// 6050//
f 6050// 6048// 6047//
f 6046// 6050// 6047//
f 6051// 6049// 6048//
f 6051// 6052// 6049//
f 6053// 6054// 6055//
f 6054// 6056// 6057//
f 6056// 6054// 6053//
f 6058// 6057// 6059//
f 6056// 6059// 6057//
f 6060// 6061// 6058//
f 6058// 6059// 6060//
f 6061// 6062// 6063//
f 6062// 6061// 6060//
f 6064// 6063// 6065//
f 6062// 6065// 6063//
f 6066// 6067// 6064//
f 6064// 6065// 6066//
f 6053// 6055// 6068//
f 6069// 6070// 6068//
f 6068// 6055// 6069//
f 6070// 6071// 6072//
f 6071// 6070// 6069//
f 6073// 6072// 6074//
f 6071// 6074// 6072//
f 6075// 6076// 6073//
f 6073// 6074// 6075//
f 6076// 6077// 6078//
f 6077// 6076// 6075//
f 6077// 6079// 6078//
f 6078// 6079// 6080//
f 6081// 6082// 6083//
f 6083// 6084// 6085//
f 6085// 6086// 6083//
f 6083// 6087// 6088//
f 6086// 6087// 6083//
f 6089// 6083// 6082//
f 6088// 6081// 6083//
f 6083// 6090// 6079//
f 6090// 6083// 6089//
f 6090// 6091// 6079//
f 6079// 6092// 6093//
f 6091// 6092// 6079//
f 6079// 6094// 6095//
f 6093// 6094// 6079//
f 6079// 6096// 6080//
f 6095// 6096// 6079//
f 6097// 6098// 6099//
f 6100// 6101// 6102//
f 6103// 6104// 6105//
f 6106// 6107// 6108//
f 6109// 6110// 6111//
f 6112// 6113// 6114//
f 6115// 6116// 6112//
f 6117// 6118// 6113//
f 6114// 6113// 6118//
f 6119// 6117// 6120//
f 6117// 6119// 6118//
f 6107// 6116// 6115//
f 6115// 6112// 6114//
f 6110// 6106// 6108//
f 6106// 6116// 6107//
f 6109// 6111// 6100//
f 6110// 6108// 6111//
f 6102// 6101// 6105//
f 6109// 6100// 6102//
f 6103// 6097// 6104//
f 6101// 6103// 6105//
f 6099// 6104// 6097//
f 6121// 6119// 6122//
f 6123// 6124// 6125//
f 6123// 6121// 6124//
f 6121// 6122// 6126//
f 6124// 6121// 6126//
f 6122// 6119// 6120//
f 6065// 6109// 6102//
f 6126// 6122// 6090//
f 6092// 6117// 6093//
f 6120// 6090// 6122//
f 6124// 6126// 6090//
f 6065// 6102// 6066//
f 6070// 6106// 6068//
f 6099// 6127// 6104//
f 6092// 6091// 6120//
f 6120// 6091// 6090//
f 6094// 6093// 6117//
f 6080// 6096// 6113//
f 6113// 6095// 6117//
f 6078// 6112// 6076//
f 6070// 6072// 6106//
f 6116// 6106// 6073//
f 6110// 6059// 6056//
f 6062// 6060// 6109//
f 6110// 6109// 6060//
f 6059// 6110// 6060//
f 6065// 6062// 6109//
f 6053// 6110// 6056//
f 6105// 6128// 6129//
f 6066// 6105// 6129//
f 6104// 6128// 6105//
f 6104// 6130// 6131//
f 6132// 6099// 6133//
f 6104// 6127// 6130//
f 6133// 6134// 6135//
f 6099// 6134// 6133//
f 6132// 6127// 6099//
f 6133// 6135// 6136//
f 6131// 6128// 6104//
f 6105// 6066// 6102//
f 6112// 6116// 6076//
f 6110// 6053// 6106//
f 6068// 6106// 6053//
f 6106// 6072// 6073//
f 6116// 6073// 6076//
f 6112// 6078// 6080//
f 6096// 6095// 6113//
f 6112// 6080// 6113//
f 6095// 6094// 6117//
f 6117// 6092// 6120//
f 6067// 6066// 6129//
f 6067// 6128// 6131//
f 6129// 6128// 6067//
f 6067// 6130// 6127//
f 6131// 6130// 6067//
f 6067// 6132// 6133//
f 6127// 6132// 6067//
f 6137// 6138// 6139//
f 6137// 6139// 6133//
f 6140// 6141// 6139//
f 6140// 6139// 6138//
f 6142// 6143// 6139//
f 6142// 6139// 6141//
f 6144// 6145// 6139//
f 6144// 6139// 6143//
f 6139// 6067// 6133//
f 6146// 6147// 6148//
f 6147// 6146// 6149//
f 6146// 6148// 6150//
f 6151// 6152// 6153//
f 6154// 6149// 6152//
f 6155// 6156// 6139//
f 6156// 6157// 6153//
f 6145// 6155// 6139//
f 6157// 6151// 6153//
f 6155// 6157// 6156//
f 6152// 6149// 6146//
f 6151// 6154// 6152//
f 6139// 6158// 6098//
f 6103// 6067// 6097//
f 6079// 6118// 6119//
f 6071// 6057// 6058//
f 6100// 6111// 6064//
f 6057// 6071// 6069//
f 6069// 6054// 6057//
f 6055// 6054// 6069//
f 6108// 6107// 6077//
f 6075// 6074// 6108//
f 6107// 6115// 6079//
f 6107// 6079// 6077//
f 6083// 6121// 6159//
f 6119// 6083// 6079//
f 6121// 6160// 6161//
f 6114// 6118// 6079//
f 6121// 6162// 6159//
f 6121// 6161// 6162//
f 6083// 6119// 6121//
f 6108// 6077// 6075//
f 6114// 6079// 6115//
f 6061// 6108// 6074//
f 6074// 6071// 6058//
f 6111// 6108// 6061//
f 6074// 6058// 6061//
f 6063// 6064// 6111//
f 6063// 6111// 6061//
f 6067// 6100// 6064//
f 6067// 6103// 6101//
f 6100// 6067// 6101//
f 6097// 6067// 6098//
f 6158// 6139// 6156//
f 6098// 6067// 6139//
f 6152// 6158// 6153//
f 6158// 6156// 6153//
f 6146// 6158// 6152//
f 6159// 6162// 6163//
f 6160// 6164// 6165//
f 6163// 6166// 6159//
f 6083// 6159// 6166//
f 6083// 6166// 6084//
f 6163// 6162// 6167//
f 6161// 6168// 6167//
f 6167// 6162// 6161//
f 6160// 6169// 6161//
f 6168// 6161// 6169//
f 6165// 6170// 6160//
f 6160// 6170// 6169//
f 6171// 6172// 6173//
f 6173// 6174// 6171//
f 6175// 6171// 6174//
f 6176// 6175// 6174//
f 6176// 6177// 6175//
f 6178// 6173// 6172//
f 6178// 6179// 6180//
f 6179// 6178// 6172//
f 6179// 6181// 6180//
f 6180// 6181// 6182//
f 6183// 6176// 6184//
f 6183// 6177// 6176//
f 6185// 6186// 6187//
f 6186// 6188// 6187//
f 6189// 6188// 6190//
f 6187// 6188// 6189//
f 6185// 6191// 6186//
f 6192// 6193// 6194//
f 6192// 6189// 6190//
f 6190// 6193// 6192//
f 6191// 6185// 6195//
f 6196// 6197// 6195//
f 6191// 6195// 6197//
f 6196// 6198// 6199//
f 6199// 6197// 6196//
f 6200// 6198// 6183//
f 6198// 6200// 6199//
f 6200// 6183// 6184//
f 6193// 6201// 6164//
f 6193// 6164// 6194//
f 6202// 6166// 6163//
f 6202// 6163// 6203//
f 6167// 6204// 6163//
f 6203// 6163// 6204//
f 6205// 6206// 6167//
f 6167// 6206// 6204//
f 6167// 6168// 6205//
f 6202// 6207// 6166//
f 6169// 6208// 6168//
f 6205// 6168// 6208//
f 6209// 6210// 6169//
f 6169// 6210// 6208//
f 6209// 6170// 6211//
f 6170// 6209// 6169//
f 6170// 6165// 6212//
f 6212// 6211// 6170//
f 6164// 6213// 6165//
f 6212// 6165// 6213//
f 6207// 6084// 6166//
f 6164// 6201// 6213//
f 6084// 6207// 6214//
f 6215// 6085// 6214//
f 6084// 6214// 6085//
f 6086// 6215// 6216//
f 6215// 6086// 6085//
f 6216// 6217// 6087//
f 6087// 6086// 6216//
f 6218// 6088// 6217//
f 6087// 6217// 6088//
f 6081// 6218// 6219//
f 6218// 6081// 6088//
f 6219// 6125// 6082//
f 6082// 6081// 6219//
f 6124// 6089// 6125//
f 6082// 6125// 6089//
f 6124// 6090// 6089//
f 6217// 6220// 6221//
f 6222// 6211// 6212//
f 6221// 6219// 6218//
f 6217// 6221// 6218//
f 6123// 6219// 6221//
f 6123// 6125// 6219//
f 6217// 6216// 6220//
f 6214// 6220// 6215//
f 6220// 6216// 6215//
f 6214// 6207// 6223//
f 6223// 6220// 6214//
f 6202// 6203// 6223//
f 6202// 6223// 6207//
f 6224// 6203// 6204//
f 6203// 6224// 6223//
f 6224// 6206// 6205//
f 6204// 6206// 6224//
f 6222// 6224// 6208//
f 6205// 6208// 6224//
f 6209// 6222// 6210//
f 6222// 6208// 6210//
f 6212// 6213// 6222//
f 6222// 6209// 6211//
f 6213// 6201// 6222//
f 6225// 6226// 6227//
f 6227// 6228// 6225//
f 6225// 6229// 6226//
f 6225// 6230// 6231//
f 6228// 6230// 6225//
f 6232// 6233// 6234//
f 6231// 6232// 6225//
f 6235// 6234// 6236//
f 6237// 6234// 6233//
f 6238// 6239// 6240//
f 6239// 6234// 6235//
f 6241// 6242// 6243//
f 6239// 6238// 6243//
f 6244// 6242// 6245//
f 6246// 6245// 6242//
f 6247// 6244// 6248//
f 6244// 6245// 6248//
f 6247// 6249// 6250//
f 6250// 6244// 6247//
f 6239// 6243// 6242//
f 6242// 6241// 6246//
f 6236// 6234// 6237//
f 6240// 6239// 6235//
f 6234// 6225// 6232//
f 6136// 6135// 6158//
f 6099// 6098// 6134//
f 6135// 6134// 6158//
f 6098// 6158// 6134//
f 6249// 6136// 6250//
f 6158// 6250// 6136//
f 6136// 6249// 6137//
f 6138// 6249// 6247//
f 6249// 6138// 6137//
f 6247// 6248// 6140//
f 6140// 6138// 6247//
f 6133// 6136// 6137//
f 6140// 6248// 6141//
f 6142// 6141// 6245//
f 6141// 6248// 6245//
f 6142// 6246// 6143//
f 6246// 6142// 6245//
f 6241// 6144// 6143//
f 6143// 6246// 6241//
f 6145// 6144// 6243//
f 6241// 6243// 6144//
f 6145// 6238// 6155//
f 6238// 6145// 6243//
f 6240// 6157// 6155//
f 6155// 6238// 6240//
f 6235// 6157// 6240//
f 6235// 6236// 6157//
f 6151// 6236// 6237//
f 6236// 6151// 6157//
f 6233// 6154// 6151//
f 6151// 6237// 6233//
f 6149// 6154// 6232//
f 6233// 6232// 6154//
f 6231// 6230// 6149//
f 6231// 6149// 6232//
f 6228// 6147// 6230//
f 6149// 6230// 6147//
f 6147// 6227// 6148//
f 6227// 6147// 6228//
f 6226// 6150// 6148//
f 6148// 6227// 6226//
f 6226// 6229// 6150//
f 6251// 6252// 6150//
f 6150// 6229// 6251//
f 6253// 6254// 6255//
f 6256// 6254// 6253//
f 6257// 6258// 6259//
f 6254// 6258// 6255//
f 6260// 6259// 6261//
f 6260// 6257// 6259//
f 6255// 6258// 6257//
f 6261// 6262// 6260//
f 6253// 6263// 6256//
f 6264// 6265// 6263//
f 6256// 6263// 6265//
f 6264// 6266// 6267//
f 6267// 6265// 6264//
f 6268// 6266// 6252//
f 6266// 6268// 6267//
f 6268// 6252// 6251//
f 6269// 6262// 6261//
f 6261// 6270// 6269//
f 6271// 6272// 6273//
f 6272// 6274// 6273//
f 6275// 6274// 6276//
f 6273// 6274// 6275//
f 6271// 6277// 6272//
f 6278// 6279// 6280//
f 6278// 6275// 6276//
f 6276// 6279// 6278//
f 6277// 6271// 6281//
f 6282// 6283// 6281//
f 6277// 6281// 6283//
f 6282// 6284// 6285//
f 6285// 6283// 6282//
f 6286// 6284// 6269//
f 6284// 6286// 6285//
f 6286// 6269// 6270//
f 6279// 6287// 6280//
f 6287// 6279// 6288//
f 6289// 6290// 4968//
f 4968// 4967// 6289//
f 6291// 6290// 6289//
f 6292// 6293// 6294//
f 6295// 6296// 6297//
f 6298// 6299// 6300//
f 6301// 6302// 6303//
f 6304// 6305// 6306//
f 6306// 6307// 6304//
f 6308// 6305// 6309//
f 6304// 6309// 6305//
f 6310// 6308// 6309//
f 6307// 6299// 6298//
f 6299// 6307// 6306//
f 6302// 6300// 6303//
f 6302// 6298// 6300//
f 6301// 6292// 6294//
f 6301// 6303// 6292//
f 6293// 6295// 6297//
f 6294// 6293// 6297//
f 6291// 6289// 6296//
f 6295// 6291// 6296//
f 6310// 6311// 6312//
f 6310// 6312// 6308//
f 6313// 6314// 6315//
f 6312// 6311// 6316//
f 6317// 6318// 6319//
f 6320// 6321// 6322//
f 6323// 6324// 6325//
f 6326// 6327// 6328//
f 6324// 6329// 6330//
f 6329// 6324// 6323//
f 6331// 6330// 6332//
f 6329// 6332// 6330//
f 6323// 6325// 6326//
f 6326// 6325// 6327//
f 6319// 6318// 6328//
f 6327// 6319// 6328//
f 6317// 6321// 6320//
f 6318// 6317// 6320//
f 6322// 6314// 6313//
f 6322// 6321// 6314//
f 6312// 6316// 6315//
f 6316// 6313// 6315//
f 6331// 6324// 6330//
f 6325// 6331// 6327//
f 6325// 6324// 6331//
f 6319// 6331// 6317//
f 6319// 6327// 6331//
f 6315// 6314// 6312//
f 6312// 6321// 6317//
f 6331// 6312// 6317//
f 6314// 6321// 6312//
f 6333// 6299// 6306//
f 6312// 6331// 6308//
f 6305// 6308// 6333//
f 6331// 6333// 6308//
f 6333// 6306// 6305//
f 6333// 6303// 6300//
f 6299// 6333// 6300//
f 6292// 6334// 6293//
f 6292// 6303// 6334//
f 6290// 6291// 6334//
f 6295// 6293// 6334//
f 5011// 5007// 5014//
f 5016// 5008// 5014//
f 4968// 4964// 4966//
f 4959// 4968// 4957//
f 4959// 4964// 4968//
f 5011// 5014// 5010//
f 5014// 4961// 4957//
f 5014// 5008// 5010//
f 5014// 4957// 4968//
f 5007// 4961// 5014//
f 6290// 5014// 4968//
f 6334// 5014// 6290//
f 6295// 6334// 6291//
f 6303// 6333// 6334//
f 6335// 6336// 6337//
f 6338// 6339// 6340//
f 6341// 6342// 6343//
f 6344// 6345// 6346//
f 6347// 6348// 6349//
f 6333// 6345// 6350//
f 6344// 6350// 6345//
f 6334// 6333// 6350//
f 6349// 6348// 6346//
f 6348// 6344// 6346//
f 6347// 6338// 6340//
f 6347// 6349// 6338//
f 6339// 6341// 6343//
f 6340// 6339// 6343//
f 6335// 6337// 6342//
f 6341// 6335// 6342//
f 6351// 6352// 6353//
f 6334// 6353// 6352//
f 6351// 6354// 6352//
f 6334// 6355// 6353//
f 6334// 5018// 5014//
f 5018// 6334// 6352//
f 6334// 6356// 6355//
f 6344// 6356// 6350//
f 6356// 6334// 6350//
f 6347// 6356// 6348//
f 6356// 6344// 6348//
f 6343// 6356// 6340//
f 6356// 6347// 6340//
f 6357// 6356// 6342//
f 6356// 6343// 6342//
f 6357// 6342// 6337//
f 6332// 6329// 6323//
f 6326// 6328// 6332//
f 6326// 6332// 6323//
f 6318// 6320// 6332//
f 6318// 6332// 6328//
f 6316// 6311// 6313//
f 6311// 6320// 6322//
f 6332// 6320// 6311//
f 6313// 6311// 6322//
f 6358// 6304// 6307//
f 6311// 6310// 6332//
f 6309// 6358// 6310//
f 6332// 6310// 6358//
f 6358// 6309// 6304//
f 6358// 6298// 6302//
f 6307// 6298// 6358//
f 6301// 6294// 6352//
f 6301// 6352// 6302//
f 6289// 6352// 6296//
f 6297// 6352// 6294//
f 5012// 5018// 5013//
f 5015// 5018// 5017//
f 4967// 4965// 4963//
f 4958// 4960// 4967//
f 4958// 4967// 4963//
f 5012// 5009// 5018//
f 5018// 4960// 4962//
f 5018// 5009// 5017//
f 5018// 4967// 4960//
f 5013// 5018// 4962//
f 6289// 4967// 5018//
f 6352// 6289// 5018//
f 6297// 6296// 6352//
f 6302// 6352// 6358//
f 6358// 6359// 6360//
f 6361// 6341// 6339//
f 6362// 6333// 6358//
f 6358// 6360// 6362//
f 6363// 6333// 6362//
f 6331// 6332// 6333//
f 6358// 6333// 6332//
f 6333// 6363// 6361//
f 6346// 6345// 6361//
f 6361// 6345// 6333//
f 6338// 6349// 6361//
f 6361// 6349// 6346//
f 6336// 6335// 6364//
f 6361// 6339// 6338//
f 6364// 6335// 6361//
f 6361// 6335// 6341//
f 6365// 6366// 6367//
f 6368// 6369// 6370//
f 6371// 6372// 6369//
f 6365// 6372// 6371//
f 6368// 6371// 6369//
f 6367// 6372// 6365//
f 6368// 6370// 6373//
f 6373// 6374// 6368//
f 6375// 6376// 6374//
f 6375// 6374// 6373//
f 6377// 6378// 6375//
f 6377// 6375// 6379//
f 6380// 6376// 6378//
f 6375// 6378// 6376//
f 6381// 6376// 6382//
f 6376// 6380// 6382//
f 6383// 6376// 6384//
f 6376// 6381// 6384//
f 6385// 6376// 6383//
f 6386// 6387// 6388//
f 6389// 6388// 6390//
f 6390// 6388// 6387//
f 6389// 6391// 6392//
f 6391// 6389// 6390//
f 6393// 6394// 6392//
f 6391// 6393// 6392//
f 6395// 6387// 6386//
f 6396// 6394// 6393//
f 6396// 6397// 6394//
f 6386// 6398// 6395//
f 6399// 6398// 6400//
f 6398// 6399// 6395//
f 6401// 6402// 6400//
f 6399// 6400// 6402//
f 6401// 6403// 6404//
f 6404// 6402// 6401//
f 6405// 6403// 6406//
f 6403// 6405// 6404//
f 6405// 6406// 6407//
f 6408// 6407// 6406//
f 6408// 6409// 6407//
f 6410// 6411// 6412//
f 6413// 6414// 6415//
f 6416// 6417// 6418//
f 6419// 6420// 6421//
f 6422// 6423// 6424//
f 6425// 6426// 6427//
f 6424// 6428// 6429//
f 6429// 6422// 6424//
f 6409// 6408// 6428//
f 6429// 6428// 6408//
f 6422// 6425// 6423//
f 6417// 6427// 6426//
f 6427// 6423// 6425//
f 6417// 6426// 6418//
f 6411// 6410// 6414//
f 6416// 6419// 6421//
f 6416// 6418// 6419//
f 6420// 6410// 6412//
f 6421// 6420// 6412//
f 6414// 6413// 6411//
f 6430// 6415// 6431//
f 6415// 6430// 6413//
f 6432// 6433// 6434//
f 6435// 6432// 6436//
f 6435// 6433// 6432//
f 6437// 6432// 6438//
f 6437// 6436// 6432//
f 6439// 6440// 6430//
f 6430// 6441// 6438//
f 6432// 6430// 6438//
f 6440// 6441// 6430//
f 6442// 6421// 6412//
f 6430// 6432// 6413//
f 6411// 6413// 6442//
f 6432// 6442// 6413//
f 6442// 6412// 6411//
f 6442// 6417// 6416//
f 6421// 6442// 6416//
f 6427// 6443// 6423//
f 6427// 6417// 6443//
f 6409// 6428// 6443//
f 6424// 6423// 6443//
f 6391// 6390// 6396//
f 6393// 6391// 6396//
f 6407// 6404// 6405//
f 6402// 6407// 6399//
f 6402// 6404// 6407//
f 6396// 6390// 6387//
f 6395// 6396// 6387//
f 6399// 6407// 6396//
f 6395// 6399// 6396//
f 6407// 6409// 6396//
f 6443// 6396// 6409//
f 6424// 6443// 6428//
f 6417// 6442// 6443//
f 6444// 6445// 6446//
f 6444// 6379// 6445//
f 6446// 6445// 6447//
f 6448// 6442// 6432//
f 6448// 6445// 6442//
f 6445// 6379// 6442//
f 6449// 6450// 6379//
f 6379// 6450// 6442//
f 6451// 6452// 6379//
f 6379// 6452// 6449//
f 6453// 6454// 6379//
f 6379// 6454// 6451//
f 6455// 6456// 6379//
f 6379// 6456// 6453//
f 6438// 6457// 6458//
f 6438// 6458// 6437//
f 6457// 6438// 6441//
f 6459// 6440// 6439//
f 6441// 6440// 6460//
f 6430// 6461// 6439//
f 6460// 6440// 6459//
f 6441// 6460// 6457//
f 6461// 6459// 6439//
f 6430// 6431// 6461//
f 6458// 6462// 6437//
f 6436// 6462// 6463//
f 6462// 6436// 6437//
f 6464// 6435// 6463//
f 6436// 6463// 6435//
f 6464// 6465// 6433//
f 6433// 6435// 6464//
f 6434// 6465// 6448//
f 6465// 6434// 6433//
f 6434// 6448// 6432//
f 6463// 6448// 6464//
f 6415// 6448// 6431//
f 6420// 6419// 6445//
f 6445// 6415// 6414//
f 6415// 6445// 6448//
f 6420// 6445// 6410//
f 6418// 6466// 6445//
f 6445// 6419// 6418//
f 6426// 6425// 6466//
f 6426// 6466// 6418//
f 6397// 6408// 6406//
f 6422// 6466// 6425//
f 6392// 6394// 6397//
f 6398// 6397// 6406//
f 6406// 6403// 6401//
f 6400// 6398// 6406//
f 6400// 6406// 6401//
f 6460// 6459// 6431//
f 6448// 6457// 6431//
f 6392// 6397// 6389//
f 6386// 6388// 6397//
f 6448// 6463// 6462//
f 6397// 6398// 6386//
f 6388// 6389// 6397//
f 6408// 6397// 6466//
f 6429// 6408// 6466//
f 6466// 6422// 6429//
f 6445// 6414// 6410//
f 6462// 6458// 6448//
f 6448// 6465// 6464//
f 6448// 6458// 6457//
f 6431// 6457// 6460//
f 6431// 6459// 6461//
f 6383// 6467// 6385//
f 6382// 6468// 6381//
f 6384// 6469// 6470//
f 6471// 6378// 6377//
f 6472// 6380// 6473//
f 6444// 6446// 6474//
f 6379// 6475// 6476//
f 6446// 6477// 6474//
f 6478// 6477// 6447//
f 6446// 6447// 6477//
f 6445// 6466// 6478//
f 6478// 6447// 6445//
f 6379// 6444// 6475//
f 6444// 6474// 6475//
f 6471// 6377// 6476//
f 6377// 6379// 6476//
f 6473// 6380// 6378//
f 6473// 6378// 6471//
f 6472// 6468// 6382//
f 6472// 6382// 6380//
f 6381// 6469// 6384//
f 6468// 6469// 6381//
f 6383// 6470// 6467//
f 6384// 6470// 6383//
f 6479// 6476// 6475//
f 6471// 6480// 6473//
f 6476// 6479// 6471//
f 6472// 6480// 6468//
f 6472// 6473// 6480//
f 6469// 6480// 6470//
f 6469// 6468// 6480//
f 6470// 6480// 6467//
f 6480// 6471// 6479//
f 6481// 6482// 6483//
f 6484// 6485// 6486//
f 6481// 6483// 6486//
f 6486// 6487// 6488//
f 6484// 6486// 6488//
f 6489// 6483// 6490//
f 6490// 6483// 6482//
f 6481// 6486// 6485//
f 6491// 6489// 6492//
f 6489// 6490// 6492//
f 6491// 6493// 6494//
f 6494// 6489// 6491//
f 6494// 6495// 6496//
f 6495// 6494// 6493//
f 6495// 6497// 6496//
f 6498// 6496// 6499//
f 6497// 6499// 6496//
f 6498// 6499// 6500//
f 6501// 6502// 6503//
f 6504// 6502// 6505//
f 6506// 6503// 6507//
f 6508// 6505// 6509//
f 6502// 6510// 6503//
f 6511// 6512// 6508//
f 6512// 6511// 6513//
f 6512// 6514// 6508//
f 6514// 6505// 6508//
f 6515// 6516// 6517//
f 6509// 6505// 6518//
f 6519// 6517// 6520//
f 6518// 6505// 6516//
f 6517// 6519// 6521//
f 6520// 6517// 6516//
f 6522// 6523// 6524//
f 6521// 6519// 6522//
f 6522// 6519// 6523//
f 6524// 6523// 6525//
f 6505// 6514// 6504//
f 6506// 6501// 6503//
f 6526// 6527// 6501//
f 6501// 6506// 6528//
f 6529// 6530// 6527//
f 6518// 6516// 6515//
f 6504// 6510// 6502//
f 6516// 6505// 6502//
f 6502// 6531// 6516//
f 6501// 6531// 6502//
f 6527// 6530// 6501//
f 6515// 6517// 6532//
f 6517// 6521// 6532//
f 6520// 6516// 6533//
f 6533// 6531// 6534//
f 6533// 6516// 6531//
f 6534// 6501// 6530//
f 6501// 6534// 6531//
f 6528// 6526// 6501//
f 6532// 6521// 6535//
f 6536// 6535// 6522//
f 6521// 6522// 6535//
f 6524// 6536// 6522//
f 6537// 6532// 6535//
f 6515// 6537// 6518//
f 6515// 6532// 6537//
f 6538// 6509// 6518//
f 6518// 6537// 6538//
f 6539// 6508// 6538//
f 6509// 6538// 6508//
f 6539// 6511// 6508//
f 6540// 6541// 6542//
f 6498// 6500// 6543//
f 6498// 6544// 6545//
f 6543// 6544// 6498//
f 6546// 6547// 6540//
f 6540// 6547// 6541//
f 6548// 6546// 6540//
f 6542// 6549// 6540//
f 6549// 6498// 6545//
f 6540// 6549// 6545//
f 6550// 6498// 6549//
f 6551// 6498// 6550//
f 6539// 6551// 6513//
f 6551// 6539// 6498//
f 6513// 6511// 6539//
f 6552// 6553// 6554//
f 6553// 6555// 6554//
f 6553// 6552// 6556//
f 6557// 6558// 6553//
f 6553// 6558// 6555//
f 6559// 6560// 6561//
f 6553// 6561// 6557//
f 6557// 6561// 6560//
f 6562// 6561// 6553//
f 6562// 6563// 6561//
f 6561// 6563// 6564//
f 6527// 6565// 6529//
f 6566// 6567// 6565//
f 6529// 6565// 6567//
f 6566// 6568// 6569//
f 6569// 6567// 6566//
f 6565// 6527// 6570//
f 6526// 6528// 6570//
f 6526// 6570// 6527//
f 6570// 6506// 6571//
f 6506// 6570// 6528//
f 6506// 6507// 6571//
f 6571// 6572// 6573//
f 6507// 6572// 6571//
f 6571// 6573// 6559//
f 6559// 6573// 6560//
f 6529// 6569// 6530//
f 6569// 6529// 6567//
f 6533// 6574// 6575//
f 6574// 6533// 6534//
f 6520// 6575// 6519//
f 6520// 6533// 6575//
f 6523// 6519// 6575//
f 6525// 6523// 6575//
f 6576// 6534// 6530//
f 6576// 6574// 6534//
f 6577// 6574// 6576//
f 6576// 6530// 6569//
f 6578// 6579// 6580//
f 6577// 6576// 6578//
f 6578// 6580// 6577//
f 6580// 6579// 6581//
f 6579// 6582// 6581//
f 6581// 6582// 6583//
f 6584// 6585// 6586//
f 6587// 6588// 6589//
f 6590// 6591// 6592//
f 6592// 6593// 6594//
f 6595// 6596// 6597//
f 6598// 6599// 6597//
f 6600// 6601// 6602//
f 6603// 6595// 6604//
f 6605// 6606// 6607//
f 6607// 6585// 6605//
f 6608// 6606// 6609//
f 6606// 6608// 6607//
f 6610// 6611// 6609//
f 6608// 6609// 6611//
f 6612// 6611// 6610//
f 6585// 6584// 6605//
f 6600// 6602// 6586//
f 6584// 6586// 6602//
f 6613// 6604// 6601//
f 6600// 6613// 6601//
f 6596// 6595// 6603//
f 6603// 6604// 6613//
f 6591// 6599// 6598//
f 6597// 6596// 6598//
f 6592// 6594// 6590//
f 6591// 6590// 6599//
f 6587// 6589// 6593//
f 6589// 6594// 6593//
f 6614// 6615// 6616//
f 6617// 6598// 6618//
f 6619// 6618// 6596//
f 6620// 6591// 6617//
f 6621// 6622// 6623//
f 6624// 6625// 6626//
f 6627// 6621// 6624//
f 6628// 6629// 6630//
f 6587// 6593// 6628//
f 6593// 6629// 6628//
f 6593// 6592// 6629//
f 6623// 6615// 6631//
f 6626// 6630// 6629//
f 6626// 6625// 6630//
f 6625// 6624// 6632//
f 6633// 6619// 6603//
f 6634// 6635// 6616//
f 6634// 6636// 6637//
f 6613// 6638// 6633//
f 6634// 6639// 6640//
f 6638// 6600// 6641//
f 6642// 6636// 6640//
f 6643// 6641// 6586//
f 6644// 6645// 6646//
f 6585// 6647// 6643//
f 6646// 6648// 6649//
f 6607// 6650// 6647//
f 6651// 6652// 6653//
f 6654// 6650// 6651//
f 6612// 6652// 6651//
f 6649// 6654// 6655//
f 6653// 6656// 6655//
f 6657// 6649// 6655//
f 6658// 6659// 6660//
f 6661// 6655// 6656//
f 6591// 6620// 6592//
f 6653// 6652// 6662//
f 6629// 6592// 6620//
f 6620// 6627// 6626//
f 6663// 6624// 6621//
f 6624// 6663// 6632//
f 6629// 6620// 6626//
f 6598// 6617// 6591//
f 6621// 6664// 6663//
f 6626// 6627// 6624//
f 6627// 6617// 6622//
f 6665// 6664// 6621//
f 6620// 6617// 6627//
f 6596// 6618// 6598//
f 6621// 6623// 6665//
f 6627// 6622// 6621//
f 6622// 6618// 6666//
f 6631// 6665// 6623//
f 6617// 6618// 6622//
f 6603// 6619// 6596//
f 6615// 6623// 6666//
f 6622// 6666// 6623//
f 6666// 6619// 6667//
f 6631// 6615// 6614//
f 6618// 6619// 6666//
f 6613// 6633// 6603//
f 6616// 6615// 6667//
f 6666// 6667// 6615//
f 6667// 6633// 6639//
f 6614// 6616// 6635//
f 6619// 6633// 6667//
f 6600// 6638// 6613//
f 6634// 6616// 6639//
f 6667// 6639// 6616//
f 6638// 6640// 6639//
f 6635// 6634// 6637//
f 6633// 6638// 6639//
f 6586// 6641// 6600//
f 6637// 6636// 6668//
f 6640// 6636// 6634//
f 6640// 6641// 6642//
f 6668// 6636// 6644//
f 6638// 6641// 6640//
f 6585// 6643// 6586//
f 6668// 6644// 6669//
f 6642// 6644// 6636//
f 6642// 6643// 6645//
f 6669// 6644// 6646//
f 6641// 6643// 6642//
f 6607// 6647// 6585//
f 6646// 6670// 6669//
f 6642// 6645// 6644//
f 6645// 6647// 6648//
f 6671// 6670// 6646//
f 6643// 6647// 6645//
f 6608// 6650// 6607//
f 6646// 6649// 6671//
f 6645// 6648// 6646//
f 6650// 6654// 6648//
f 6657// 6671// 6649//
f 6647// 6650// 6648//
f 6608// 6611// 6650//
f 6653// 6662// 6656//
f 6648// 6654// 6649//
f 6654// 6653// 6655//
f 6657// 6655// 6661//
f 6650// 6611// 6651//
f 6612// 6651// 6611//
f 6662// 6660// 6656//
f 6654// 6651// 6653//
f 6660// 6659// 6656//
f 6661// 6656// 6659//
f 6672// 6630// 6625//
f 6632// 6673// 6674//
f 6587// 6628// 6588//
f 6588// 6628// 6675//
f 6628// 6630// 6675//
f 6672// 6625// 6674//
f 6675// 6630// 6672//
f 6632// 6674// 6625//
f 6676// 6677// 6678//
f 6677// 6679// 6680//
f 6681// 6682// 6602//
f 6683// 6680// 6684//
f 6584// 6682// 6685//
f 6684// 6686// 6687//
f 6688// 6605// 6685//
f 6609// 6689// 6610//
f 6686// 6690// 6691//
f 6606// 6692// 6609//
f 6689// 6692// 6693//
f 6693// 6692// 6691//
f 6609// 6692// 6689//
f 6694// 6690// 6686//
f 6691// 6690// 6693//
f 6695// 6681// 6601//
f 6696// 6678// 6697//
f 6697// 6698// 6699//
f 6604// 6700// 6695//
f 6697// 6701// 6702//
f 6700// 6595// 6703//
f 6704// 6698// 6702//
f 6705// 6703// 6597//
f 6706// 6707// 6708//
f 6599// 6709// 6705//
f 6708// 6710// 6711//
f 6590// 6712// 6709//
f 6713// 6675// 6714//
f 6715// 6712// 6713//
f 6588// 6675// 6713//
f 6711// 6715// 6716//
f 6674// 6673// 6717//
f 6716// 6718// 6711//
f 6719// 6720// 6716//
f 6714// 6719// 6716//
f 6605// 6688// 6606//
f 6714// 6675// 6672//
f 6692// 6606// 6688//
f 6688// 6687// 6691//
f 6721// 6686// 6684//
f 6686// 6721// 6694//
f 6692// 6688// 6691//
f 6584// 6685// 6605//
f 6684// 6722// 6721//
f 6691// 6687// 6686//
f 6687// 6685// 6683//
f 6723// 6722// 6684//
f 6688// 6685// 6687//
f 6602// 6682// 6584//
f 6684// 6680// 6723//
f 6687// 6683// 6684//
f 6683// 6682// 6724//
f 6679// 6723// 6680//
f 6685// 6682// 6683//
f 6601// 6681// 6602//
f 6677// 6680// 6724//
f 6683// 6724// 6680//
f 6724// 6681// 6725//
f 6679// 6677// 6676//
f 6682// 6681// 6724//
f 6604// 6695// 6601//
f 6678// 6677// 6725//
f 6724// 6725// 6677//
f 6725// 6695// 6701//
f 6676// 6678// 6696//
f 6681// 6695// 6725//
f 6595// 6700// 6604//
f 6697// 6678// 6701//
f 6725// 6701// 6678//
f 6700// 6702// 6701//
f 6696// 6697// 6699//
f 6695// 6700// 6701//
f 6597// 6703// 6595//
f 6699// 6698// 6726//
f 6702// 6698// 6697//
f 6702// 6703// 6704//
f 6726// 6698// 6706//
f 6700// 6703// 6702//
f 6599// 6705// 6597//
f 6726// 6706// 6727//
f 6704// 6706// 6698//
f 6704// 6705// 6707//
f 6727// 6706// 6708//
f 6703// 6705// 6704//
f 6590// 6709// 6599//
f 6708// 6728// 6727//
f 6704// 6707// 6706//
f 6707// 6709// 6710//
f 6729// 6728// 6708//
f 6705// 6709// 6707//
f 6594// 6712// 6590//
f 6708// 6711// 6729//
f 6707// 6710// 6708//
f 6712// 6715// 6710//
f 6718// 6729// 6711//
f 6709// 6712// 6710//
f 6594// 6589// 6712//
f 6714// 6672// 6719//
f 6710// 6715// 6711//
f 6715// 6714// 6716//
f 6718// 6716// 6720//
f 6712// 6589// 6713//
f 6588// 6713// 6589//
f 6672// 6674// 6719//
f 6715// 6713// 6714//
f 6674// 6717// 6719//
f 6720// 6719// 6717//
f 6662// 6693// 6690//
f 6694// 6658// 6660//
f 6610// 6689// 6612//
f 6612// 6689// 6652//
f 6689// 6693// 6652//
f 6662// 6690// 6660//
f 6652// 6693// 6662//
f 6694// 6660// 6690//
f 6730// 6731// 6732//
f 6632// 6663// 6575//
f 6694// 6721// 6732//
f 6733// 6730// 6732//
f 6658// 6694// 6732//
f 6733// 6732// 6721//
f 6631// 6524// 6525//
f 6575// 6663// 6525//
f 6673// 6632// 6575//
f 6577// 6580// 6581//
f 6717// 6574// 6577//
f 6717// 6577// 6583//
f 6583// 6577// 6581//
f 6676// 6696// 6734//
f 6575// 6574// 6673//
f 6735// 6722// 6736//
f 6664// 6525// 6663//
f 6665// 6631// 6525//
f 6664// 6665// 6525//
f 6524// 6614// 6635//
f 6631// 6614// 6524//
f 6524// 6637// 6668//
f 6635// 6637// 6524//
f 6669// 6536// 6668//
f 6524// 6668// 6536//
f 6671// 6536// 6670//
f 6536// 6669// 6670//
f 6661// 6536// 6657//
f 6536// 6671// 6657//
f 6536// 6661// 6659//
f 6732// 6536// 6658//
f 6536// 6659// 6658//
f 6721// 6722// 6735//
f 6735// 6733// 6721//
f 6734// 6736// 6723//
f 6722// 6723// 6736//
f 6676// 6734// 6679//
f 6734// 6723// 6679//
f 6696// 6699// 6734//
f 6734// 6726// 6727//
f 6699// 6726// 6734//
f 6728// 6583// 6727//
f 6734// 6727// 6583//
f 6718// 6583// 6729//
f 6583// 6728// 6729//
f 6717// 6583// 6720//
f 6583// 6718// 6720//
f 6717// 6673// 6574//
f 6733// 6737// 6738//
f 6739// 6731// 6730//
f 6738// 6739// 6730//
f 6733// 6738// 6730//
f 6740// 6732// 6731//
f 6739// 6740// 6731//
f 6735// 6737// 6733//
f 6735// 6736// 6741//
f 6741// 6737// 6735//
f 6742// 6736// 6734//
f 6736// 6742// 6741//
f 6742// 6734// 6743//
f 6744// 6745// 6746//
f 6747// 6748// 6746//
f 6747// 6746// 6745//
f 6748// 6749// 6750//
f 6748// 6751// 6749//
f 6752// 6745// 6744//
f 6748// 6750// 6746//
f 6744// 6753// 6752//
f 6754// 6753// 6755//
f 6753// 6754// 6752//
f 6756// 6757// 6754//
f 6754// 6755// 6756//
f 6757// 6756// 6758//
f 6756// 6759// 6758//
f 6760// 6761// 6762//
f 6759// 6760// 6758//
f 6760// 6759// 6761//
f 6761// 6763// 6762//
f 6762// 6763// 6764//
f 6763// 5004// 6764//
f 6765// 6766// 6767//
f 6767// 6768// 6769//
f 6770// 6771// 6769//
f 6772// 6773// 6774//
f 6772// 6771// 6773//
f 6772// 6747// 6775//
f 6774// 6751// 6748//
f 6766// 6776// 6777//
f 6775// 6745// 6765//
f 6778// 6760// 6779//
f 6776// 6765// 6752//
f 6760// 6778// 6758//
f 6777// 6778// 6779//
f 6779// 6762// 6780//
f 6778// 6776// 6754//
f 6780// 6762// 6764//
f 6757// 6758// 6778//
f 6772// 6774// 6748//
f 6770// 6773// 6771//
f 6771// 6775// 6767//
f 6747// 6772// 6748//
f 6769// 6771// 6767//
f 6768// 6766// 6781//
f 6747// 6745// 6775//
f 6771// 6772// 6775//
f 6768// 6767// 6766//
f 6781// 6777// 6782//
f 6745// 6752// 6765//
f 6767// 6775// 6765//
f 6781// 6766// 6777//
f 6779// 6780// 6782//
f 6752// 6754// 6776//
f 6766// 6765// 6776//
f 6779// 6782// 6777//
f 6762// 6779// 6760//
f 6754// 6757// 6778//
f 6777// 6776// 6778//
f 6783// 6774// 6784//
f 6751// 6783// 6749//
f 6783// 6751// 6774//
f 6774// 6773// 6784//
f 6784// 6773// 4974//
f 6773// 6770// 4974//
f 6785// 6786// 6787//
f 6787// 5006// 5002//
f 5004// 6788// 5002//
f 6789// 6763// 6761//
f 6789// 6788// 6763//
f 6789// 6755// 6790//
f 6761// 6759// 6756//
f 6786// 6791// 6792//
f 6790// 6753// 6785//
f 6793// 6783// 6794//
f 6791// 6785// 6744//
f 6783// 6793// 6749//
f 6792// 6793// 6794//
f 6794// 6784// 4973//
f 4973// 6784// 4974//
f 6750// 6749// 6793//
f 6793// 6791// 6746//
f 6789// 6761// 6756//
f 5004// 6763// 6788//
f 6788// 6790// 6787//
f 6755// 6789// 6756//
f 5002// 6788// 6787//
f 5006// 6786// 4975//
f 6755// 6753// 6790//
f 6788// 6789// 6790//
f 5006// 6787// 6786//
f 4975// 6792// 4969//
f 6753// 6744// 6785//
f 6787// 6790// 6785//
f 4975// 6786// 6792//
f 6794// 4973// 4969//
f 6744// 6746// 6791//
f 6786// 6785// 6791//
f 6794// 4969// 6792//
f 6784// 6794// 6783//
f 6746// 6750// 6793//
f 6792// 6791// 6793//
f 4974// 6770// 6795//
f 6795// 4972// 4974//
f 6796// 6795// 6770//
f 6797// 6798// 6781//
f 6799// 6769// 6768//
f 6800// 6801// 6780//
f 6782// 6780// 6801//
f 6764// 6800// 6780//
f 6782// 6797// 6781//
f 6782// 6801// 6797//
f 6798// 6799// 6768//
f 6781// 6798// 6768//
f 6796// 6770// 6769//
f 6799// 6796// 6769//
f 5004// 5005// 6800//
f 5004// 6800// 6764//
f 6738// 6740// 6739//
f 4976// 4971// 6743//
f 6738// 6737// 6740//
f 6740// 6741// 4972//
f 6741// 6740// 6737//
f 6795// 6568// 6740//
f 6795// 6740// 4972//
f 5003// 4976// 6743//
f 5005// 6569// 6800//
f 6582// 6579// 6576//
f 6576// 6579// 6578//
f 6741// 6742// 4972//
f 6801// 6569// 6797//
f 4970// 4972// 6743//
f 6742// 6743// 4972//
f 6743// 4971// 4970//
f 5003// 6743// 6582//
f 6582// 5005// 5001//
f 5003// 6582// 5001//
f 6569// 5005// 6576//
f 6582// 6576// 5005//
f 6797// 6569// 6798//
f 6569// 6801// 6800//
f 6799// 6798// 6568//
f 6569// 6568// 6798//
f 6795// 6796// 6568//
f 6568// 6796// 6799//
f 6565// 6568// 6566//
f 6559// 6537// 6535//
f 6568// 6570// 6571//
f 6565// 6570// 6568//
f 6498// 6802// 6496//
f 6498// 6803// 6804//
f 6486// 6496// 6802//
f 6494// 6486// 6489//
f 6494// 6496// 6486//
f 6802// 6480// 6486//
f 6489// 6486// 6483//
f 6480// 6479// 6486//
f 6802// 6498// 6805//
f 6498// 6804// 6805//
f 6498// 6539// 6561//
f 6803// 6498// 6561//
f 6539// 6559// 6561//
f 6539// 6538// 6559//
f 6536// 6559// 6535//
f 6538// 6537// 6559//
f 6571// 6536// 6568//
f 6536// 6571// 6559//
f 6536// 6732// 6568//
f 6568// 6732// 6740//
f 6806// 6807// 6805//
f 6808// 6802// 6807//
f 6805// 6807// 6802//
f 6809// 6802// 6808//
f 6805// 6810// 6806//
f 6810// 6804// 6811//
f 6804// 6810// 6805//
f 6803// 6812// 6811//
f 6811// 6804// 6803//
f 6803// 6561// 6812//
f 6561// 6564// 6812//
f 6813// 6385// 6814//
f 6815// 6816// 6817//
f 6818// 6819// 6820//
f 6821// 6820// 6822//
f 6820// 6821// 6823//
f 6820// 6824// 6818//
f 6819// 6822// 6820//
f 6825// 6826// 6820//
f 6820// 6826// 6824//
f 6814// 6820// 6813//
f 6820// 6814// 6825//
f 6385// 6467// 6814//
f 6827// 6828// 6829//
f 6830// 6831// 6816//
f 6830// 6816// 6815//
f 6816// 6832// 6833//
f 6831// 6832// 6816//
f 6834// 6816// 6835//
f 6816// 6833// 6835//
f 6816// 6836// 6837//
f 6836// 6816// 6834//
f 6838// 6839// 6467//
f 6828// 6839// 6829//
f 6467// 6839// 6828//
f 6467// 6828// 6837//
f 6467// 6836// 6814//
f 6836// 6467// 6837//
f 6809// 6838// 6467//
f 6480// 6802// 6467//
f 6802// 6809// 6467//
f 6840// 6385// 6813//
f 6371// 6385// 6365//
f 6376// 6385// 6374//
f 6385// 6368// 6374//
f 6385// 6840// 6365//
f 6385// 6371// 6368//
f 6366// 6365// 6840//
f 6841// 6842// 6843//
f 6844// 6845// 6843//
f 6843// 6842// 6844//
f 6846// 6845// 6847//
f 6844// 6847// 6845//
f 6848// 6846// 6847//
f 6849// 6842// 6841//
f 6849// 6850// 6851//
f 6850// 6849// 6841//
f 6852// 6853// 6851//
f 6851// 6850// 6852//
f 6852// 6854// 6853//
f 6848// 6855// 6846//
f 6848// 6856// 6855//
f 6857// 6858// 6859//
f 6857// 6859// 6860//
f 6861// 6858// 6857//
f 6862// 6863// 6864//
f 6865// 6866// 6867//
f 6868// 6869// 6870//
f 6871// 6870// 6869//
f 6872// 6868// 6870//
f 6871// 6862// 6864//
f 6871// 6869// 6862//
f 6863// 6865// 6867//
f 6864// 6863// 6867//
f 6861// 6857// 6866//
f 6865// 6861// 6866//
f 6872// 6873// 6868//
f 6873// 6872// 6874//
f 6875// 6876// 6877//
f 6878// 6879// 6877//
f 6877// 6876// 6878//
f 6874// 6879// 6880//
f 6878// 6880// 6879//
f 6873// 6874// 6880//
f 6881// 6876// 6875//
f 6881// 6882// 6883//
f 6882// 6881// 6875//
f 6884// 6856// 6883//
f 6883// 6882// 6884//
f 6884// 6855// 6856//
f 6885// 6886// 6887//
f 6888// 6889// 6890//
f 6891// 6892// 6893//
f 6894// 6895// 6896//
f 6897// 6898// 6899//
f 6900// 6901// 6902//
f 6903// 6900// 6904//
f 6905// 6902// 6906//
f 6901// 6906// 6902//
f 6907// 6908// 6905//
f 6905// 6906// 6907//
f 6896// 6903// 6904//
f 6903// 6901// 6900//
f 6899// 6895// 6894//
f 6894// 6896// 6904//
f 6897// 6888// 6898//
f 6899// 6898// 6895//
f 6889// 6892// 6890//
f 6897// 6889// 6888//
f 6891// 6893// 6885//
f 6890// 6892// 6891//
f 6886// 6885// 6893//
f 6909// 6910// 6911//
f 6912// 6913// 6914//
f 6909// 6915// 6916//
f 6915// 6914// 6916//
f 6914// 6915// 6912//
f 6917// 6913// 6912//
f 6918// 6919// 6920//
f 6921// 6922// 6923//
f 6923// 6922// 6917//
f 6919// 6924// 6920//
f 6924// 6919// 6921//
f 6925// 6926// 6927//
f 6927// 6918// 6920//
f 6927// 6926// 6918//
f 6923// 6924// 6921//
f 6922// 6913// 6917//
f 6910// 6909// 6916//
f 6910// 6928// 6911//
f 6928// 6929// 6930//
f 6930// 6911// 6928//
f 6931// 6932// 6929//
f 6930// 6929// 6932//
f 6933// 6931// 6934//
f 6931// 6933// 6932//
f 6934// 6935// 6936//
f 6936// 6933// 6934//
f 6937// 6938// 6935//
f 6936// 6935// 6938//
f 6939// 6937// 6940//
f 6937// 6939// 6938//
f 6940// 6941// 6942//
f 6942// 6939// 6940//
f 6942// 6941// 6886//
f 6941// 6887// 6886//
f 6943// 6944// 6945//
f 6946// 6947// 6948//
f 6947// 6946// 6943//
f 6949// 6950// 6951//
f 6947// 6952// 6948//
f 6953// 6949// 6951//
f 6950// 6952// 6951//
f 6950// 6948// 6952//
f 6953// 6954// 6949//
f 6943// 6946// 6944//
f 6945// 6944// 6955//
f 6956// 6955// 6957//
f 6955// 6956// 6945//
f 6958// 6959// 6957//
f 6956// 6957// 6959//
f 6958// 6960// 6961//
f 6961// 6959// 6958//
f 6962// 6960// 6963//
f 6960// 6962// 6961//
f 6962// 6963// 6964//
f 6965// 6966// 6967//
f 6968// 6969// 6970//
f 6965// 6971// 6972//
f 6965// 6973// 6971//
f 6965// 6974// 6966//
f 6972// 6974// 6965//
f 6967// 6975// 6970//
f 6965// 6967// 6970//
f 6968// 6970// 6975//
f 6976// 6977// 6978//
f 6970// 6979// 6965//
f 6976// 6965// 6979//
f 6980// 6981// 6982//
f 6976// 6983// 6977//
f 6976// 6979// 6983//
f 6976// 6984// 6985//
f 6978// 6984// 6976//
f 6986// 6981// 6985//
f 6976// 6985// 6981//
f 6987// 6981// 6988//
f 6981// 6986// 6988//
f 6981// 6987// 6982//
f 6981// 6980// 6954//
f 6963// 6954// 6980//
f 6963// 6958// 6957//
f 6963// 6960// 6958//
f 6954// 6963// 6955//
f 6957// 6955// 6963//
f 6946// 6954// 6944//
f 6954// 6955// 6944//
f 6950// 6954// 6948//
f 6954// 6946// 6948//
f 6954// 6950// 6949//
f 6967// 6966// 6989//
f 6990// 6975// 6967//
f 6991// 6975// 6990//
f 6968// 6975// 6991//
f 6968// 6992// 6969//
f 6991// 6992// 6968//
f 6967// 6989// 6990//
f 6969// 6992// 6993//
f 6966// 6994// 6989//
f 6993// 6970// 6969//
f 6994// 6966// 6974//
f 6995// 6974// 6972//
f 6974// 6995// 6994//
f 6971// 6996// 6972//
f 6995// 6972// 6996//
f 6971// 6973// 6997//
f 6997// 6996// 6971//
f 6998// 6973// 6965//
f 6973// 6998// 6997//
f 6998// 6965// 6999//
f 6993// 6979// 6970//
f 6979// 6993// 7000//
f 6977// 7001// 7002//
f 7000// 6983// 6979//
f 7003// 7004// 6985//
f 6984// 6978// 7005//
f 6987// 7006// 7007//
f 6988// 6986// 7008//
f 7007// 7009// 6982//
f 6982// 6987// 7007//
f 7010// 6980// 7009//
f 6982// 7009// 6980//
f 6987// 6988// 7006//
f 6985// 6984// 7003//
f 7004// 7008// 6986//
f 7008// 7006// 6988//
f 7004// 6986// 6985//
f 7005// 7003// 6984//
f 6983// 7001// 6977//
f 6978// 6977// 7002//
f 7005// 6978// 7002//
f 6983// 7000// 7001//
f 6980// 6964// 6963//
f 6980// 7010// 6964//
f 6953// 6956// 6964//
f 6996// 6997// 6999//
f 6997// 6998// 6999//
f 6964// 6961// 6962//
f 6999// 7000// 6993//
f 6959// 6964// 6956//
f 6959// 6961// 6964//
f 6995// 6996// 6999//
f 6995// 6999// 6994//
f 6951// 6952// 6953//
f 6945// 6953// 6943//
f 6994// 6999// 6989//
f 6947// 6943// 6953//
f 6947// 6953// 6952//
f 6945// 6956// 6953//
f 6953// 6964// 7010//
f 6953// 7010// 7011//
f 7012// 7002// 7001//
f 6989// 6993// 6990//
f 6992// 6991// 6993//
f 6989// 6999// 6993//
f 6993// 6991// 6990//
f 6999// 7012// 7000//
f 7002// 7012// 7005//
f 7012// 7001// 7000//
f 7012// 7004// 7003//
f 7005// 7012// 7003//
f 7008// 7004// 7011//
f 7012// 7011// 7004//
f 7007// 7006// 7011//
f 7011// 7006// 7008//
f 7010// 7009// 7011//
f 7011// 7009// 7007//
f 7013// 7011// 7012//
f 7014// 7015// 7016//
f 7017// 7018// 7019//
f 7020// 7021// 7022//
f 7023// 7024// 7025//
f 7026// 7021// 7027//
f 7020// 7027// 7021//
f 7028// 7026// 7027//
f 7025// 7024// 7022//
f 7024// 7020// 7022//
f 7023// 7014// 7016//
f 7023// 7025// 7014//
f 7015// 7017// 7019//
f 7016// 7015// 7019//
f 7013// 7012// 7018//
f 7017// 7013// 7018//
f 7029// 7030// 7031//
f 7032// 7031// 7033//
f 7030// 7033// 7031//
f 7034// 7035// 7032//
f 7032// 7033// 7034//
f 7035// 7036// 7037//
f 7036// 7035// 7034//
f 7038// 7037// 7039//
f 7036// 7039// 7037//
f 7040// 7041// 7038//
f 7038// 7039// 7040//
f 7030// 7029// 7042//
f 7042// 7043// 7044//
f 7043// 7042// 7029//
f 7045// 7044// 7046//
f 7043// 7046// 7044//
f 7047// 7048// 7045//
f 7045// 7046// 7047//
f 7048// 7049// 7050//
f 7049// 7048// 7047//
f 7049// 7051// 7050//
f 7050// 7051// 7052//
f 7053// 7054// 7055//
f 7056// 7057// 7053//
f 7053// 7055// 7056//
f 7057// 7058// 7059//
f 7058// 7057// 7056//
f 7060// 7059// 7061//
f 7058// 7061// 7059//
f 7062// 7060// 7061//
f 7063// 7062// 7064//
f 7062// 7063// 7060//
f 7065// 7066// 7064//
f 7063// 7064// 7066//
f 7065// 7067// 7068//
f 7068// 7066// 7065//
f 7069// 7067// 7070//
f 7067// 7069// 7068//
f 7071// 7072// 7073//
f 7070// 7074// 7069//
f 7074// 7075// 7076//
f 7072// 7071// 7077//
f 7077// 7071// 7075//
f 7069// 7074// 7078//
f 7074// 7076// 7078//
f 7071// 7076// 7075//
f 7072// 7079// 7073//
f 7079// 7080// 7081//
f 7081// 7073// 7079//
f 7082// 7080// 7083//
f 7080// 7082// 7081//
f 7082// 7083// 7084//
f 7083// 7085// 7084//
f 7086// 7087// 7085//
f 7084// 7085// 7087//
f 7086// 7088// 7089//
f 7089// 7087// 7086//
f 7090// 7088// 7091//
f 7088// 7090// 7089//
f 7092// 7093// 7091//
f 7090// 7091// 7093//
f 7092// 7094// 7095//
f 7095// 7093// 7092//
f 7096// 7094// 7097//
f 7094// 7096// 7095//
f 7096// 7097// 7098//
f 7098// 7097// 7099//
f 7098// 7099// 7100//
f 7101// 7102// 7103//
f 7104// 7105// 7106//
f 7107// 7108// 7109//
f 7099// 7110// 7100//
f 7110// 7099// 7104//
f 7110// 7104// 7106//
f 7105// 7109// 7106//
f 7105// 7107// 7109//
f 7107// 7101// 7108//
f 7103// 7108// 7101//
f 7111// 7112// 7113//
f 7114// 7111// 7115//
f 7111// 7114// 7112//
f 7115// 7116// 7117//
f 7117// 7114// 7115//
f 7118// 7119// 7116//
f 7117// 7116// 7119//
f 7120// 7119// 7118//
f 7121// 7122// 7120//
f 7120// 7118// 7121//
f 7123// 7122// 7124//
f 7121// 7124// 7122//
f 7123// 7125// 7126//
f 7125// 7123// 7124//
f 7127// 7128// 7126//
f 7126// 7125// 7127//
f 7129// 7130// 7131//
f 7132// 7133// 7134//
f 7132// 7130// 7133//
f 7132// 7131// 7130//
f 7134// 7133// 7135//
f 7136// 7135// 7137//
f 7135// 7136// 7134//
f 7137// 7138// 7139//
f 7139// 7136// 7137//
f 7140// 7141// 7138//
f 7139// 7138// 7141//
f 7142// 7140// 7143//
f 7140// 7142// 7141//
f 7144// 7129// 7131//
f 7129// 7144// 7145//
f 7146// 7145// 7147//
f 7144// 7147// 7145//
f 7146// 7148// 7149//
f 7148// 7146// 7147//
f 7150// 7151// 7149//
f 7149// 7148// 7150//
f 7151// 7152// 7153//
f 7150// 7152// 7151//
f 7153// 7154// 7155//
f 7155// 7151// 7153//
f 7128// 7156// 7154//
f 7155// 7154// 7156//
f 7128// 7127// 7156//
f 7143// 7157// 7158//
f 7158// 7142// 7143//
f 7159// 7160// 7161//
f 7160// 7162// 7163//
f 7163// 7161// 7160//
f 7159// 7161// 7164//
f 7165// 7159// 7164//
f 7162// 7166// 7163//
f 7166// 7167// 7168//
f 7167// 7166// 7162//
f 7167// 7158// 7168//
f 7168// 7158// 7157//
f 7169// 7170// 7171//
f 7172// 7171// 7173//
f 7170// 7173// 7171//
f 7174// 7175// 7172//
f 7172// 7173// 7174//
f 7175// 7176// 7177//
f 7176// 7175// 7174//
f 7178// 7177// 7179//
f 7176// 7179// 7177//
f 7180// 7181// 7178//
f 7178// 7179// 7180//
f 7170// 7169// 7182//
f 7182// 7183// 7184//
f 7183// 7182// 7169//
f 7185// 7184// 7186//
f 7183// 7186// 7184//
f 7187// 7188// 7185//
f 7185// 7186// 7187//
f 7188// 7189// 7190//
f 7189// 7188// 7187//
f 7189// 7191// 7190//
f 7190// 7191// 7192//
f 7193// 7194// 7195//
f 7196// 7197// 7198//
f 7196// 7198// 7193//
f 7199// 7200// 7201//
f 7201// 7197// 7199//
f 7199// 7197// 7196//
f 7202// 7201// 7200//
f 7194// 7193// 7198//
f 7194// 7203// 7195//
f 7203// 7204// 7195//
f 7205// 7204// 7206//
f 7203// 7206// 7204//
f 7207// 7208// 7205//
f 7205// 7206// 7207//
f 7208// 7209// 7210//
f 7209// 7208// 7207//
f 7209// 7211// 7210//
f 7210// 7211// 7212//
f 7202// 7200// 7213//
f 7202// 7213// 7214//
f 7215// 7216// 7217//
f 7216// 7218// 7219//
f 7218// 7216// 7215//
f 7220// 7219// 7221//
f 7218// 7221// 7219//
f 7222// 7223// 7220//
f 7220// 7221// 7222//
f 7224// 7223// 7222//
f 7224// 7225// 7223//
f 7215// 7217// 7226//
f 7227// 7226// 7228//
f 7217// 7228// 7226//
f 7229// 7230// 7227//
f 7227// 7228// 7229//
f 7230// 7231// 7232//
f 7231// 7230// 7229//
f 7231// 7214// 7232//
f 7232// 7214// 7213//
f 7233// 7234// 7235//
f 7236// 7237// 7235//
f 7235// 7234// 7236//
f 7238// 7237// 7239//
f 7236// 7239// 7237//
f 7240// 7238// 7239//
f 7241// 7234// 7233//
f 7241// 7242// 7243//
f 7242// 7241// 7233//
f 7244// 7245// 7243//
f 7243// 7242// 7244//
f 7244// 7246// 7245//
f 7247// 7240// 7248//
f 7247// 7238// 7240//
f 7249// 7250// 7251//
f 7249// 7251// 7252//
f 7253// 7254// 7255//
f 7256// 7257// 7255//
f 7255// 7254// 7256//
f 7251// 7257// 7258//
f 7256// 7258// 7257//
f 7252// 7251// 7258//
f 7259// 7254// 7253//
f 7259// 7260// 7261//
f 7260// 7259// 7253//
f 7262// 7263// 7261//
f 7261// 7260// 7262//
f 7262// 7264// 7263//
f 7265// 7263// 7264//
f 7265// 7266// 7263//
f 7267// 7268// 7269//
f 7270// 7271// 7269//
f 7269// 7268// 7270//
f 7265// 7271// 7272//
f 7270// 7272// 7271//
f 7266// 7265// 7272//
f 7273// 7268// 7267//
f 7273// 7274// 7275//
f 7274// 7273// 7267//
f 7276// 7248// 7275//
f 7275// 7274// 7276//
f 7276// 7247// 7248//
f 7229// 7214// 7231//
f 7229// 7228// 7214//
f 7217// 7216// 7214//
f 7217// 7214// 7228//
f 7214// 7219// 7220//
f 7216// 7219// 7214//
f 7220// 7223// 7214//
f 7243// 7245// 7211//
f 7214// 7275// 7248//
f 7206// 7203// 7202//
f 7197// 7202// 7198//
f 7201// 7202// 7197//
f 7194// 7202// 7203//
f 7194// 7198// 7202//
f 7202// 7207// 7206//
f 7241// 7211// 7234//
f 7209// 7207// 7202//
f 7241// 7243// 7211//
f 7263// 7266// 7225//
f 7191// 7277// 7278//
f 7275// 7214// 7273//
f 7261// 7263// 7192//
f 7225// 7192// 7263//
f 7254// 7259// 7192//
f 7192// 7259// 7261//
f 7258// 7256// 7192//
f 7192// 7256// 7254//
f 7192// 7252// 7258//
f 7192// 7191// 7252//
f 7191// 7249// 7252//
f 7279// 7280// 7191//
f 7191// 7280// 7249//
f 7281// 7282// 7191//
f 7191// 7282// 7279//
f 7191// 7278// 7281//
f 7211// 7277// 7191//
f 7245// 7277// 7211//
f 7202// 7214// 7240//
f 7211// 7209// 7236//
f 7211// 7236// 7234//
f 7239// 7236// 7202//
f 7209// 7202// 7236//
f 7202// 7240// 7239//
f 7273// 7214// 7223//
f 7214// 7248// 7240//
f 7268// 7273// 7225//
f 7223// 7225// 7273//
f 7272// 7270// 7225//
f 7225// 7270// 7268//
f 7266// 7272// 7225//
f 7277// 7246// 7283//
f 7246// 7277// 7245//
f 7278// 7277// 7283//
f 7279// 7282// 7284//
f 7281// 7285// 7286//
f 7249// 7280// 7287//
f 7288// 7287// 7280//
f 7250// 7249// 7287//
f 7288// 7279// 7284//
f 7288// 7280// 7279//
f 7282// 7281// 7286//
f 7284// 7282// 7286//
f 7278// 7283// 7285//
f 7281// 7278// 7285//
f 7190// 7192// 7289//
f 7180// 7290// 7291//
f 7289// 7188// 7190//
f 7289// 7292// 7185//
f 7185// 7188// 7289//
f 7182// 7184// 7292//
f 7292// 7184// 7185//
f 7293// 7170// 7182//
f 7182// 7292// 7293//
f 7170// 7293// 7294//
f 7225// 7224// 7192//
f 7173// 7294// 7295//
f 7295// 7296// 7174//
f 7192// 7224// 7289//
f 7297// 7176// 7296//
f 7294// 7173// 7170//
f 7295// 7174// 7173//
f 7296// 7176// 7174//
f 7179// 7297// 7298//
f 7297// 7179// 7176//
f 7179// 7298// 7180//
f 7290// 7180// 7299//
f 7180// 7298// 7299//
f 7300// 7291// 7301//
f 7180// 7291// 7300//
f 7302// 7300// 7301//
f 7303// 7304// 7305//
f 7306// 7307// 7308//
f 7309// 7310// 7311//
f 7312// 7313// 7314//
f 7315// 7316// 7317//
f 7316// 7315// 7318//
f 7302// 7317// 7300//
f 7316// 7300// 7317//
f 7311// 7318// 7315//
f 7314// 7304// 7303//
f 7312// 7310// 7309//
f 7311// 7310// 7318//
f 7304// 7314// 7313//
f 7309// 7313// 7312//
f 7305// 7308// 7303//
f 7306// 7308// 7305//
f 7306// 7319// 7307//
f 7319// 7306// 7320//
f 7321// 7322// 7323//
f 7324// 7325// 7326//
f 7319// 7320// 7327//
f 7323// 7322// 7328//
f 7329// 7330// 7331//
f 7327// 7329// 7319//
f 7327// 7330// 7329//
f 7328// 7331// 7330//
f 7331// 7328// 7322//
f 7332// 7321// 7323//
f 7333// 7332// 7334//
f 7332// 7333// 7321//
f 7334// 7335// 7336//
f 7336// 7333// 7334//
f 7326// 7325// 7335//
f 7336// 7335// 7325//
f 7337// 7338// 7339//
f 7324// 7340// 7341//
f 7342// 7343// 7344//
f 7345// 7346// 7347//
f 7348// 7343// 7349//
f 7342// 7349// 7343//
f 7350// 7348// 7349//
f 7346// 7342// 7344//
f 7345// 7347// 7351//
f 7346// 7344// 7347//
f 7351// 7337// 7339//
f 7345// 7351// 7339//
f 7340// 7338// 7341//
f 7337// 7341// 7338//
f 7324// 7326// 7340//
f 7348// 7352// 7165//
f 7348// 7350// 7352//
f 7350// 7102// 7352//
f 7105// 7353// 7354//
f 7159// 7352// 7355//
f 7162// 7356// 7354//
f 7357// 7104// 7099//
f 7354// 7353// 7167//
f 7167// 7353// 7158//
f 7160// 7356// 7162//
f 7356// 7107// 7354//
f 7160// 7159// 7355//
f 7355// 7356// 7160//
f 7165// 7352// 7159//
f 7102// 7101// 7355//
f 7102// 7355// 7352//
f 7101// 7107// 7356//
f 7101// 7356// 7355//
f 7107// 7105// 7354//
f 7353// 7105// 7104//
f 7167// 7162// 7354//
f 7104// 7357// 7353//
f 7158// 7353// 7357//
f 7158// 7357// 7358//
f 7142// 7158// 7358//
f 7097// 7358// 7357//
f 7357// 7099// 7097//
f 7359// 7132// 7360//
f 7358// 7361// 7142//
f 7359// 7131// 7132//
f 7144// 7131// 7362//
f 7131// 7359// 7362//
f 7144// 7363// 7147//
f 7363// 7144// 7362//
f 7363// 7362// 7080//
f 7132// 7134// 7360//
f 7360// 7134// 7364//
f 7365// 7364// 7136//
f 7365// 7139// 7366//
f 7139// 7365// 7136//
f 7361// 7366// 7141//
f 7139// 7141// 7366//
f 7361// 7141// 7142//
f 7097// 7094// 7358//
f 7358// 7094// 7361//
f 7094// 7092// 7361//
f 7361// 7092// 7366//
f 7092// 7091// 7366//
f 7366// 7091// 7365//
f 7091// 7088// 7365//
f 7136// 7364// 7134//
f 7365// 7088// 7364//
f 7086// 7364// 7088//
f 7364// 7086// 7360//
f 7085// 7360// 7086//
f 7360// 7085// 7359//
f 7083// 7359// 7085//
f 7359// 7083// 7362//
f 7362// 7083// 7080//
f 7154// 7367// 7128//
f 7077// 7368// 7072//
f 7152// 7369// 7153//
f 7367// 7154// 7153//
f 7367// 7153// 7369//
f 7367// 7369// 7070//
f 7152// 7150// 7369//
f 7150// 7368// 7369//
f 7148// 7368// 7150//
f 7368// 7147// 7363//
f 7147// 7368// 7148//
f 7079// 7072// 7363//
f 7072// 7368// 7363//
f 7079// 7363// 7080//
f 7077// 7075// 7368//
f 7075// 7074// 7369//
f 7075// 7369// 7368//
f 7369// 7074// 7070//
f 7111// 7113// 7053//
f 7113// 7054// 7053//
f 7053// 7057// 7111//
f 7115// 7111// 7057//
f 7115// 7059// 7116//
f 7059// 7115// 7057//
f 7118// 7116// 7060//
f 7059// 7060// 7116//
f 7063// 7066// 7121//
f 7118// 7060// 7063//
f 7066// 7124// 7121//
f 7370// 7127// 7125//
f 7066// 7068// 7124//
f 7125// 7124// 7068//
f 7068// 7370// 7125//
f 7118// 7063// 7121//
f 7112// 7054// 7113//
f 7068// 7069// 7370//
f 7055// 7054// 7112//
f 7055// 7114// 7056//
f 7114// 7055// 7112//
f 7058// 7056// 7117//
f 7114// 7117// 7056//
f 7119// 7061// 7058//
f 7058// 7117// 7119//
f 7061// 7120// 7062//
f 7120// 7061// 7119//
f 7064// 7062// 7122//
f 7120// 7122// 7062//
f 7123// 7065// 7064//
f 7064// 7122// 7123//
f 7065// 7126// 7067//
f 7126// 7065// 7123//
f 7128// 7367// 7126//
f 7126// 7367// 7067//
f 7070// 7067// 7367//
f 7146// 7371// 7145//
f 7372// 7155// 7156//
f 7371// 7373// 7081//
f 7151// 7373// 7149//
f 7081// 7082// 7371//
f 7146// 7149// 7373//
f 7373// 7371// 7146//
f 7373// 7071// 7073//
f 7151// 7372// 7373//
f 7370// 7078// 7372//
f 7076// 7372// 7078//
f 7372// 7156// 7370//
f 7156// 7127// 7370//
f 7078// 7370// 7069//
f 7071// 7372// 7076//
f 7151// 7155// 7372//
f 7071// 7373// 7372//
f 7081// 7373// 7073//
f 7137// 7374// 7138//
f 7375// 7130// 7129//
f 7371// 7129// 7145//
f 7376// 7377// 7135//
f 7375// 7378// 7130//
f 7098// 7379// 7096//
f 7140// 7380// 7381//
f 7379// 7143// 7381//
f 7381// 7096// 7379//
f 7095// 7096// 7381//
f 7140// 7138// 7380//
f 7380// 7138// 7374//
f 7376// 7133// 7378//
f 7374// 7137// 7377//
f 7378// 7133// 7130//
f 7135// 7133// 7376//
f 7371// 7082// 7375//
f 7129// 7371// 7375//
f 7381// 7380// 7095//
f 7381// 7143// 7140//
f 7095// 7380// 7093//
f 7380// 7374// 7093//
f 7093// 7374// 7090//
f 7137// 7135// 7377//
f 7374// 7377// 7090//
f 7089// 7090// 7377//
f 7377// 7376// 7089//
f 7087// 7089// 7376//
f 7376// 7378// 7087//
f 7084// 7087// 7378//
f 7378// 7375// 7084//
f 7375// 7082// 7084//
f 7098// 7382// 7379//
f 7098// 7100// 7382//
f 7143// 7379// 7157//
f 7379// 7382// 7157//
f 7103// 7383// 7108//
f 7157// 7384// 7168//
f 7385// 7109// 7386//
f 7166// 7385// 7386//
f 7387// 7164// 7161//
f 7163// 7383// 7161//
f 7387// 7383// 7103//
f 7163// 7166// 7386//
f 7386// 7383// 7163//
f 7382// 7100// 7110//
f 7106// 7385// 7384//
f 7385// 7168// 7384//
f 7108// 7386// 7109//
f 7161// 7383// 7387//
f 7108// 7383// 7386//
f 7109// 7385// 7106//
f 7384// 7110// 7106//
f 7168// 7385// 7166//
f 7110// 7384// 7382//
f 7157// 7382// 7384//
f 7388// 7387// 7103//
f 7388// 7389// 7387//
f 7389// 7164// 7387//
f 7390// 7052// 7391//
f 7308// 7307// 7300//
f 7389// 7392// 7343//
f 7393// 7394// 7395//
f 7396// 7391// 7052//
f 7397// 7398// 7399//
f 7400// 7401// 7051//
f 7402// 7341// 7337//
f 7403// 7341// 7402//
f 7404// 7405// 7406//
f 7347// 7407// 7408//
f 7409// 7404// 7181//
f 7344// 7343// 7392//
f 7407// 7344// 7392//
f 7164// 7389// 7348//
f 7343// 7348// 7389//
f 7164// 7348// 7165//
f 7410// 7411// 7412//
f 7052// 7413// 7414//
f 7390// 7413// 7052//
f 7406// 7415// 7416//
f 7347// 7344// 7407//
f 7180// 7322// 7321//
f 7347// 7417// 7351//
f 7406// 7181// 7404//
f 7337// 7351// 7418//
f 7419// 7406// 7420//
f 7406// 7416// 7420//
f 7406// 7405// 7421//
f 7421// 7415// 7406//
f 7181// 7333// 7336//
f 7325// 7181// 7336//
f 7321// 7181// 7180//
f 7321// 7333// 7181//
f 7180// 7307// 7319//
f 7331// 7322// 7180//
f 7318// 7300// 7316//
f 7300// 7314// 7303//
f 7300// 7318// 7310//
f 7314// 7300// 7312//
f 7300// 7310// 7312//
f 7303// 7308// 7300//
f 7307// 7180// 7300//
f 7422// 7423// 7410//
f 7319// 7329// 7180//
f 7180// 7329// 7331//
f 7424// 7181// 7425//
f 7398// 7397// 7426//
f 7417// 7418// 7351//
f 7418// 7402// 7337//
f 7427// 7428// 7429//
f 7408// 7417// 7347//
f 7430// 7431// 7399//
f 7417// 7408// 7427//
f 7409// 7181// 7424//
f 7324// 7425// 7325//
f 7325// 7425// 7181//
f 7432// 7433// 7324//
f 7324// 7433// 7425//
f 7403// 7432// 7341//
f 7341// 7432// 7324//
f 7431// 7429// 7428//
f 7428// 7427// 7408//
f 7430// 7429// 7431//
f 7434// 7399// 7398//
f 7430// 7399// 7434//
f 7397// 7435// 7436//
f 7436// 7426// 7397//
f 7437// 7051// 7401//
f 7437// 7436// 7051//
f 7438// 7439// 7393//
f 7400// 7393// 7395//
f 7440// 7393// 7439//
f 7441// 7438// 7393//
f 7393// 7440// 7394//
f 7400// 7051// 7393//
f 7051// 7435// 7442//
f 7436// 7435// 7051//
f 7443// 7051// 7444//
f 7051// 7442// 7444//
f 7443// 7052// 7051//
f 7396// 7052// 7443//
f 7410// 7412// 7445//
f 7422// 7410// 7445//
f 7446// 7410// 7447//
f 7410// 7446// 7411//
f 7410// 7052// 7414//
f 7414// 7447// 7410//
f 7039// 7036// 7448//
f 7048// 7050// 7449//
f 7048// 7449// 7450//
f 7045// 7048// 7450//
f 7451// 7452// 7044//
f 7451// 7045// 7450//
f 7453// 7454// 7030//
f 7453// 7042// 7452//
f 7034// 7454// 7448//
f 7454// 7034// 7033//
f 7034// 7448// 7036//
f 7039// 7448// 7040//
f 7455// 7040// 7448//
f 7448// 7456// 7455//
f 7030// 7042// 7453//
f 7033// 7030// 7454//
f 7042// 7044// 7452//
f 7044// 7045// 7451//
f 7457// 7449// 7050//
f 7457// 7052// 7458//
f 7052// 7457// 7050//
f 7052// 7459// 7460//
f 7458// 7052// 7460//
f 7410// 7459// 7052//
f 7410// 7461// 7459//
f 7461// 7410// 7462//
f 7463// 7464// 7465//
f 7466// 7467// 7464//
f 7467// 7465// 7464//
f 7468// 7466// 7469//
f 7466// 7468// 7467//
f 7465// 7470// 7463//
f 7471// 7468// 7469//
f 7472// 7473// 7471//
f 7469// 7472// 7471//
f 7474// 7463// 7470//
f 7475// 7474// 7476//
f 7470// 7476// 7474//
f 7477// 7478// 7475//
f 7475// 7476// 7477//
f 7478// 7479// 7480//
f 7479// 7478// 7477//
f 7479// 7455// 7480//
f 7480// 7455// 7456//
f 7481// 7482// 7473//
f 7481// 7473// 7472//
f 7483// 7484// 7485//
f 7483// 7486// 7487//
f 7486// 7483// 7485//
f 7488// 7489// 7487//
f 7487// 7486// 7488//
f 7481// 7489// 7490//
f 7488// 7490// 7489//
f 7482// 7481// 7490//
f 7491// 7485// 7484//
f 7492// 7491// 7493//
f 7484// 7493// 7491//
f 7492// 7494// 7495//
f 7494// 7492// 7493//
f 7496// 7497// 7495//
f 7495// 7494// 7496//
f 7496// 7498// 7497//
f 7499// 7500// 6981//
f 7026// 7498// 7501//
f 7502// 6981// 7011//
f 6981// 7502// 7499//
f 7011// 7503// 7504//
f 7502// 7011// 7504//
f 7011// 6954// 6953//
f 7011// 6981// 6954//
f 7022// 7505// 7025//
f 7011// 7013// 7503//
f 7506// 7507// 7015//
f 7025// 7506// 7014//
f 7013// 7017// 7508//
f 7013// 7508// 7503//
f 7017// 7015// 7507//
f 7017// 7507// 7508//
f 7015// 7014// 7506//
f 7025// 7505// 7506//
f 7509// 7022// 7021//
f 7022// 7509// 7505//
f 7509// 7021// 7501//
f 7026// 7497// 7498//
f 7021// 7026// 7501//
f 7508// 7510// 7503//
f 7504// 7503// 7511//
f 7510// 7511// 7503//
f 7512// 7502// 7504//
f 7504// 7511// 7512//
f 7502// 7513// 7499//
f 7513// 7502// 7512//
f 7500// 7499// 7514//
f 7513// 7514// 7499//
f 6976// 6981// 7500//
f 7500// 7514// 6976//
f 7510// 7508// 7515//
f 7515// 7507// 7516//
f 7507// 7515// 7508//
f 7517// 7516// 7506//
f 7507// 7506// 7516//
f 7505// 7518// 7517//
f 7517// 7506// 7505//
f 7518// 7509// 7519//
f 7509// 7518// 7505//
f 7509// 7501// 7519//
f 7519// 7501// 7520//
f 7512// 7012// 6976//
f 7513// 7512// 6976//
f 7513// 6976// 7514//
f 7510// 7012// 7511//
f 7511// 7012// 7512//
f 6965// 7012// 6999//
f 6976// 7012// 6965//
f 7027// 7020// 7519//
f 7018// 7012// 7510//
f 7516// 7517// 7016//
f 7023// 7517// 7024//
f 7020// 7024// 7518//
f 7018// 7515// 7019//
f 7018// 7510// 7515//
f 7019// 7516// 7016//
f 7019// 7515// 7516//
f 7016// 7517// 7023//
f 7024// 7517// 7518//
f 7020// 7518// 7519//
f 7520// 7028// 7027//
f 7027// 7519// 7520//
f 7520// 6926// 7028//
f 7028// 6926// 6925//
f 6883// 6856// 6911//
f 6942// 6886// 6876//
f 6878// 6886// 6893//
f 6878// 6876// 6886//
f 7485// 7491// 6856//
f 6869// 6868// 7041//
f 7476// 7473// 7477//
f 7473// 7482// 6848//
f 7471// 7473// 7468//
f 7473// 7470// 7465//
f 7473// 7476// 7470//
f 7473// 7465// 7467//
f 7473// 7455// 7479//
f 7477// 7473// 7479//
f 6878// 6908// 6880//
f 6897// 6878// 6889//
f 6904// 6900// 6878//
f 6892// 6889// 6893//
f 6878// 6893// 6889//
f 6878// 6900// 6902//
f 6899// 6894// 6878//
f 6908// 6878// 6905//
f 6878// 6902// 6905//
f 6878// 6894// 6904//
f 6880// 6908// 6873//
f 6853// 7455// 6851//
f 6899// 6878// 6897//
f 7473// 6848// 6847//
f 7473// 7467// 7468//
f 6939// 6942// 6876//
f 6881// 6938// 6939//
f 7495// 6917// 6912//
f 6883// 6932// 6933//
f 6936// 6881// 6933//
f 7026// 7028// 6920//
f 6911// 7491// 6909//
f 7492// 6912// 6915//
f 7492// 6909// 7491//
f 6920// 6924// 7497//
f 7495// 6912// 7492//
f 6881// 6939// 6876//
f 7492// 6915// 6909//
f 6923// 7495// 7497//
f 7495// 6923// 6917//
f 6923// 7497// 6924//
f 7026// 6920// 7497//
f 6927// 6920// 7028//
f 6927// 7028// 6925//
f 7486// 7485// 6856//
f 7486// 6856// 7488//
f 7473// 6844// 6842//
f 6847// 6844// 7473//
f 6849// 7455// 6842//
f 7473// 6842// 7455//
f 7455// 6849// 6851//
f 7455// 6853// 7521//
f 7040// 7455// 7521//
f 7522// 7040// 7523//
f 7040// 7521// 7523//
f 7524// 7040// 7525//
f 7040// 7522// 7525//
f 7040// 7526// 6859//
f 7040// 7524// 7526//
f 7040// 6859// 7041//
f 6861// 7041// 6858//
f 7041// 6859// 6858//
f 6863// 7041// 6865//
f 7041// 6861// 6865//
f 7041// 6862// 6869//
f 7041// 6863// 6862//
f 7491// 6911// 6856//
f 7041// 6868// 6908//
f 6908// 6868// 6873//
f 6883// 6911// 6930//
f 6938// 6881// 6936//
f 6930// 6932// 6883//
f 6883// 6933// 6881//
f 7482// 7490// 6856//
f 6856// 7490// 7488//
f 6848// 7482// 6856//
f 6853// 7527// 7521//
f 6853// 6854// 7527//
f 7528// 7525// 7529//
f 7522// 7530// 7529//
f 7529// 7525// 7522//
f 7527// 7530// 7523//
f 7522// 7523// 7530//
f 7521// 7527// 7523//
f 7524// 7525// 7528//
f 7524// 7531// 7526//
f 7531// 7524// 7528//
f 7532// 6859// 7526//
f 7526// 7531// 7532//
f 7532// 6860// 6859//
f 7533// 7037// 7534//
f 7535// 7536// 7047//
f 7046// 7535// 7047//
f 7535// 7046// 7043//
f 7029// 7537// 7538//
f 7535// 7043// 7538//
f 7035// 7539// 7032//
f 7031// 7032// 7537//
f 7035// 7037// 7533//
f 7540// 7534// 7038//
f 7037// 7038// 7534//
f 7038// 7041// 7540//
f 6908// 7540// 7041//
f 7540// 6908// 6907//
f 7537// 7032// 7539//
f 7539// 7035// 7533//
f 7537// 7029// 7031//
f 7538// 7043// 7029//
f 7049// 7047// 7536//
f 7541// 7051// 7049//
f 7049// 7536// 7541//
f 7051// 7542// 7543//
f 7541// 7542// 7051//
f 7393// 7051// 7543//
f 7393// 7543// 7544//
f 7544// 7545// 7393//
f 7440// 7546// 7547//
f 7548// 7395// 7394//
f 7549// 7441// 7550//
f 7438// 7551// 7439//
f 7545// 7550// 7393//
f 7441// 7393// 7550//
f 7438// 7441// 7549//
f 7549// 7551// 7438//
f 7439// 7546// 7440//
f 7551// 7546// 7439//
f 7548// 7394// 7547//
f 7440// 7547// 7394//
f 7552// 7427// 7553//
f 7552// 7417// 7427//
f 7554// 7430// 7555//
f 7553// 7429// 7554//
f 7429// 7430// 7554//
f 7553// 7427// 7429//
f 7434// 7555// 7430//
f 7426// 7556// 7398//
f 7398// 7556// 7557//
f 7558// 7426// 7436//
f 7398// 7557// 7434//
f 7426// 7558// 7556//
f 7559// 7437// 7560//
f 7559// 7558// 7436//
f 7437// 7401// 7560//
f 7559// 7436// 7437//
f 7548// 7561// 7400//
f 7401// 7561// 7560//
f 7434// 7557// 7555//
f 7400// 7561// 7401//
f 7548// 7400// 7395//
f 7417// 7552// 7562//
f 7563// 7418// 7562//
f 7417// 7562// 7418//
f 7402// 7563// 7564//
f 7563// 7402// 7418//
f 7564// 7565// 7403//
f 7403// 7402// 7564//
f 7566// 7432// 7565//
f 7403// 7565// 7432//
f 7433// 7566// 7567//
f 7566// 7433// 7432//
f 7567// 7568// 7425//
f 7425// 7433// 7567//
f 7569// 7424// 7568//
f 7425// 7568// 7424//
f 7409// 7569// 7570//
f 7569// 7409// 7424//
f 7570// 7571// 7404//
f 7404// 7409// 7570//
f 7404// 7571// 7405//
f 7571// 7572// 7405//
f 7420// 7573// 7574//
f 7575// 7406// 7419//
f 7576// 7421// 7577//
f 7415// 7578// 7416//
f 7572// 7577// 7405//
f 7421// 7405// 7577//
f 7421// 7576// 7415//
f 7574// 7419// 7420//
f 7419// 7574// 7575//
f 7578// 7573// 7416//
f 7576// 7578// 7415//
f 7416// 7573// 7420//
f 7211// 7191// 7212//
f 7579// 7181// 7580//
f 7581// 7178// 7181//
f 7189// 7187// 7582//
f 7582// 7583// 7189//
f 7406// 7584// 7580//
f 7580// 7181// 7406//
f 7583// 7191// 7189//
f 7585// 7186// 7586//
f 7584// 7406// 7575//
f 7587// 7177// 7588//
f 7579// 7581// 7181//
f 7171// 7172// 7589//
f 7587// 7172// 7175//
f 7590// 7586// 7169//
f 7187// 7186// 7585//
f 7586// 7186// 7183//
f 7582// 7187// 7585//
f 7191// 7583// 7212//
f 7586// 7183// 7169//
f 7590// 7169// 7171//
f 7589// 7172// 7587//
f 7590// 7171// 7589//
f 7175// 7177// 7587//
f 7177// 7178// 7588//
f 7581// 7588// 7178//
f 7591// 7397// 7592//
f 7399// 7592// 7397//
f 7397// 7591// 7435//
f 7593// 7431// 7594//
f 7399// 7431// 7593//
f 7592// 7399// 7593//
f 7428// 7594// 7431//
f 7595// 7408// 7596//
f 7595// 7428// 7408//
f 7408// 7407// 7596//
f 7392// 7597// 7407//
f 7407// 7597// 7596//
f 7392// 7598// 7597//
f 7598// 7389// 7388//
f 7598// 7392// 7389//
f 7595// 7594// 7428//
f 7591// 7599// 7435//
f 7600// 7442// 7599//
f 7435// 7599// 7442//
f 7444// 7600// 7601//
f 7600// 7444// 7442//
f 7601// 7602// 7443//
f 7443// 7444// 7601//
f 7603// 7396// 7602//
f 7443// 7602// 7396//
f 7391// 7603// 7604//
f 7603// 7391// 7396//
f 7604// 7605// 7390//
f 7390// 7391// 7604//
f 7390// 7605// 7413//
f 7605// 7606// 7413//
f 7607// 7414// 7413//
f 7413// 7606// 7607//
f 7422// 7608// 7609//
f 7462// 7410// 7423//
f 7610// 7411// 7611//
f 7412// 7612// 7445//
f 7613// 7447// 7614//
f 7447// 7613// 7446//
f 7607// 7614// 7414//
f 7447// 7414// 7614//
f 7611// 7446// 7613//
f 7411// 7446// 7611//
f 7411// 7610// 7412//
f 7608// 7445// 7612//
f 7610// 7612// 7412//
f 7422// 7609// 7423//
f 7445// 7608// 7422//
f 7462// 7423// 7609//
f 7615// 7616// 7617//
f 7618// 7619// 7615//
f 7615// 7617// 7618//
f 7617// 7616// 7620//
f 7616// 7621// 7620//
f 7620// 7621// 7622//
f 7623// 7624// 7625//
f 7625// 7626// 7627//
f 7627// 7623// 7625//
f 7628// 7629// 7626//
f 7627// 7626// 7629//
f 7618// 7628// 7619//
f 7628// 7618// 7629//
f 7623// 7630// 7624//
f 7631// 7630// 7632//
f 7630// 7631// 7624//
f 7632// 7633// 7634//
f 7634// 7631// 7632//
f 7634// 7633// 7635//
f 7633// 7636// 7635//
f 7637// 7638// 7639//
f 7638// 7637// 7640//
f 7641// 7639// 7642//
f 7643// 7639// 7644//
f 7645// 7639// 7646//
f 7641// 7644// 7639//
f 7642// 7638// 7647//
f 7638// 7642// 7639//
f 7648// 7647// 7638//
f 7646// 7639// 7643//
f 7649// 7650// 7651//
f 7652// 7650// 7649//
f 7650// 7652// 7653//
f 4979// 4988// 4980//
f 7650// 7654// 7651//
f 7655// 7656// 7657//
f 7656// 7654// 7650//
f 7655// 7657// 7658//
f 7657// 7659// 7658//
f 7657// 7650// 7660//
f 7656// 7650// 7657//
f 7660// 7650// 7661//
f 7661// 7662// 7663//
f 7660// 7661// 7663//
f 7661// 7664// 7665//
f 7662// 7661// 7665//
f 7666// 7667// 7668//
f 7664// 7661// 7666//
f 7669// 7667// 7670//
f 7669// 7668// 7667//
f 4996// 4990// 4992//
f 7671// 7670// 7667//
f 4986// 4988// 4984//
f 4984// 4988// 4979//
f 4980// 4996// 4982//
f 4996// 4998// 4990//
f 4996// 4992// 4993//
f 4996// 4989// 4982//
f 4989// 4996// 4993//
f 7672// 4996// 4988//
f 4988// 4996// 4980//
f 7667// 7672// 7671//
f 7672// 7667// 4996//
f 7661// 7667// 7666//
f 7672// 4988// 4987//
f 7672// 4987// 7673//
f 7674// 7663// 7662//
f 7660// 7675// 7676//
f 7664// 7666// 7677//
f 7678// 7679// 7665//
f 7680// 7669// 7670//
f 7681// 7682// 7668//
f 7670// 7671// 7683//
f 7683// 7680// 7670//
f 7672// 7673// 7671//
f 7683// 7671// 7673//
f 7681// 7669// 7680//
f 7668// 7669// 7681//
f 7682// 7677// 7666//
f 7666// 7668// 7682//
f 7664// 7677// 7678//
f 7662// 7665// 7679//
f 7664// 7678// 7665//
f 7674// 7675// 7663//
f 7679// 7674// 7662//
f 7660// 7663// 7675//
f 7660// 7676// 7684//
f 7684// 7657// 7660//
f 7655// 7685// 7656//
f 7655// 7686// 7685//
f 7687// 7656// 7685//
f 7655// 7658// 7686//
f 7656// 7687// 7654//
f 7659// 7688// 7689//
f 7686// 7658// 7689//
f 7657// 7684// 7688//
f 7688// 7659// 7657//
f 7658// 7659// 7689//
f 7687// 7690// 7654//
f 7651// 7690// 7691//
f 7690// 7651// 7654//
f 7692// 7649// 7691//
f 7651// 7691// 7649//
f 7692// 7693// 7652//
f 7652// 7649// 7692//
f 7653// 7693// 7694//
f 7693// 7653// 7652//
f 7653// 7694// 7650//
f 4978// 4977// 4987//
f 7674// 7695// 7675//
f 7675// 7695// 7676//
f 7691// 7690// 7694//
f 7695// 7694// 7676//
f 7679// 7678// 7695//
f 7679// 7695// 7674//
f 7695// 7677// 7696//
f 7677// 7695// 7678//
f 7696// 7682// 7681//
f 7677// 7682// 7696//
f 4987// 5000// 7673//
f 7681// 7680// 7696//
f 4997// 5000// 4999//
f 4985// 4978// 4987//
f 4981// 4987// 4977//
f 4994// 4991// 5000//
f 5000// 4981// 4983//
f 7687// 7685// 7694//
f 7691// 7694// 7692//
f 4995// 4994// 5000//
f 5000// 4991// 4999//
f 4981// 5000// 4987//
f 5000// 4983// 4995//
f 7696// 7683// 7673//
f 5000// 7696// 7673//
f 7696// 7680// 7683//
f 7692// 7694// 7693//
f 7676// 7694// 7684//
f 7694// 7690// 7687//
f 7685// 7684// 7694//
f 7689// 7684// 7686//
f 7684// 7685// 7686//
f 7684// 7689// 7688//
f 7697// 7648// 7698//
f 7699// 7700// 7648//
f 7661// 7648// 7701//
f 7648// 7697// 7701//
f 7648// 7661// 7695//
f 7650// 7694// 7695//
f 7695// 7702// 7648//
f 7650// 7695// 7661//
f 7703// 7698// 7648//
f 7703// 7648// 7700//
f 7703// 7704// 7705//
f 7706// 7700// 7699//
f 7707// 7708// 7701//
f 7697// 7698// 7709//
f 7667// 7661// 7708//
f 7701// 7708// 7661//
f 7697// 7707// 7701//
f 7709// 7698// 7705//
f 7707// 7697// 7709//
f 7703// 7700// 7704//
f 7698// 7703// 7705//
f 7706// 7704// 7700//
f 7707// 7709// 7710//
f 7706// 7710// 7704//
f 7667// 7708// 7710//
f 7710// 7708// 7707//
f 7710// 7696// 7667//
f 4996// 7696// 5000//
f 7696// 7710// 7711//
f 4996// 7667// 7696//
f 7705// 7710// 7709//
f 7705// 7704// 7710//
f 7643// 7712// 7713//
f 7714// 7645// 7646//
f 7715// 7642// 7716//
f 7641// 7717// 7644//
f 7648// 7702// 7710//
f 7710// 7718// 7648//
f 7711// 7702// 7695//
f 7702// 7711// 7710//
f 7696// 7711// 7695//
f 7716// 7647// 7718//
f 7647// 7648// 7718//
f 7647// 7716// 7642//
f 7715// 7641// 7642//
f 7712// 7644// 7717//
f 7715// 7717// 7641//
f 7643// 7713// 7646//
f 7644// 7712// 7643//
f 7714// 7646// 7713//
f 7719// 7712// 7717//
f 7717// 7715// 7719//
f 7719// 7716// 7720//
f 7719// 7713// 7712//
f 7719// 7714// 7713//
f 7715// 7716// 7719//
f 7720// 7718// 7710//
f 7716// 7718// 7720//
f 7719// 7721// 7722//
f 7721// 7719// 7720//
f 7723// 7722// 7721//
f 7723// 7724// 7722//
f 6177// 6171// 6175//
f 7639// 7645// 7635//
f 7725// 7722// 7724//
f 6179// 6172// 6177//
f 6177// 6172// 6171//
f 6189// 6192// 6183//
f 6181// 6179// 6177//
f 6262// 6255// 6257//
f 6196// 6183// 6198//
f 6195// 6185// 6183//
f 6195// 6183// 6196//
f 6187// 6189// 6183//
f 6187// 6183// 6185//
f 6194// 6177// 6183//
f 6192// 6194// 6183//
f 6146// 6287// 7726//
f 6194// 6181// 6177//
f 6194// 6164// 6181//
f 6164// 6160// 6181//
f 6121// 7645// 7714//
f 6181// 6160// 7725//
f 7621// 7616// 7615//
f 7615// 7619// 7621//
f 6257// 6260// 6262//
f 6263// 6253// 6262//
f 6253// 6255// 6262//
f 6264// 6262// 6266//
f 6264// 6263// 6262//
f 6280// 6262// 6269//
f 6266// 6262// 6252//
f 6269// 6284// 6282//
f 6282// 6281// 6269//
f 6273// 6269// 6271//
f 6269// 6281// 6271//
f 6278// 6269// 6275//
f 6269// 6273// 6275//
f 6252// 6262// 6280//
f 6269// 6278// 6280//
f 6280// 6150// 6252//
f 6280// 6287// 6150//
f 6150// 6287// 6146//
f 7619// 7726// 7621//
f 7619// 7628// 7726//
f 7628// 7626// 7726//
f 7624// 7631// 6146//
f 7626// 7625// 6146//
f 6146// 7726// 7626//
f 7624// 6146// 7625//
f 7635// 6146// 7634//
f 6146// 7631// 7634//
f 7637// 7639// 7635//
f 6146// 7635// 7645//
f 7645// 6158// 6146//
f 6121// 6158// 7645//
f 7725// 6160// 7714//
f 6160// 6121// 7714//
f 7714// 7719// 7725//
f 7725// 7719// 7722//
f 6288// 6225// 7727//
f 7622// 7617// 7620//
f 6176// 6174// 6173//
f 6180// 6176// 6178//
f 6176// 6173// 6178//
f 6188// 6184// 6190//
f 6182// 6176// 6180//
f 6261// 6258// 6254//
f 6199// 6200// 6184//
f 6197// 6184// 6191//
f 6197// 6199// 6184//
f 6186// 6184// 6188//
f 6186// 6191// 6184//
f 6193// 6184// 6176//
f 6190// 6184// 6193//
f 6193// 6176// 6182//
f 6193// 6182// 6201//
f 6201// 6182// 6222//
f 6225// 7648// 7636//
f 6182// 7728// 6222//
f 7618// 7617// 7622//
f 6258// 6261// 6259//
f 6265// 6261// 6256//
f 6256// 6261// 6254//
f 6267// 6268// 6261//
f 6267// 6261// 6265//
f 6279// 6270// 6261//
f 6268// 6251// 6261//
f 6270// 6285// 6286//
f 6285// 6270// 6283//
f 6272// 6277// 6270//
f 6270// 6277// 6283//
f 6276// 6274// 6270//
f 6270// 6274// 6272//
f 6251// 6279// 6261//
f 6270// 6279// 6276//
f 6279// 6251// 6229//
f 6279// 6229// 6288//
f 6229// 6225// 6288//
f 7618// 7622// 7727//
f 7618// 7727// 7629//
f 7629// 7727// 7627//
f 7630// 6225// 7632//
f 7627// 6225// 7623//
f 6225// 7627// 7727//
f 7630// 7623// 6225//
f 7636// 7633// 6225//
f 6225// 7633// 7632//
f 7640// 7636// 7648//
f 7640// 7648// 7638//
f 7720// 7710// 7728//
f 7699// 7648// 6225//
f 6222// 7699// 6225//
f 7728// 7706// 6222//
f 7699// 6222// 7706//
f 7728// 7710// 7706//
f 7720// 7728// 7721//
f 7728// 7723// 7721//
f 7729// 7730// 7731//
f 7732// 7733// 7734//
f 7731// 7735// 7729//
f 7736// 7737// 7738//
f 7739// 7740// 7741//
f 6356// 6363// 6355//
f 7742// 6361// 7743//
f 6360// 6353// 6362//
f 6351// 6360// 6359//
f 6360// 6351// 6353//
f 6358// 6354// 6359//
f 6351// 6359// 6354//
f 6352// 6354// 6358//
f 6363// 6362// 6355//
f 6362// 6353// 6355//
f 7743// 6361// 6356//
f 6361// 6363// 6356//
f 7736// 7742// 7743//
f 7737// 7741// 7738//
f 7736// 7738// 7742//
f 7739// 7734// 7740//
f 7737// 7739// 7741//
f 7733// 7732// 7735//
f 7740// 7734// 7733//
f 7729// 7735// 7732//
f 7730// 7744// 7745//
f 7746// 7747// 7745//
f 6044// 6033// 6031//
f 6031// 6042// 6044//
f 6049// 6046// 6047//
f 6042// 6031// 6040//
f 6031// 6038// 6037//
f 6031// 6033// 6038//
f 6029// 6037// 6025//
f 6029// 6031// 6037//
f 6025// 7731// 5063//
f 6025// 6037// 6046//
f 7731// 6025// 6046//
f 5064// 5063// 7731//
f 7730// 7748// 7744//
f 7746// 7745// 7744//
f 7749// 7750// 7751//
f 7751// 7752// 7753//
f 7754// 7751// 7753//
f 7749// 7751// 7746//
f 7751// 7750// 7752//
f 7744// 7748// 7755//
f 7751// 7747// 7746//
f 7730// 7729// 7748//
f 7756// 7748// 7729//
f 7730// 7745// 5064//
f 7756// 7729// 7757//
f 7757// 7729// 7758//
f 7729// 7759// 7758//
f 7760// 7757// 7758//
f 7758// 7759// 7761//
f 7731// 6049// 6052//
f 6049// 7731// 6046//
f 7730// 5064// 7731//
f 7762// 7763// 7731//
f 6052// 7762// 7731//
f 7764// 7763// 7765//
f 7762// 7766// 7763//
f 7731// 7763// 7764//
f 7748// 7756// 7767//
f 7748// 7767// 7768//
f 7748// 7768// 7769//
f 7770// 7744// 7755//
f 7748// 7769// 7755//
f 7770// 7755// 7769//
f 7746// 7744// 7770//
f 7746// 7770// 7771//
f 7754// 7772// 7751//
f 7750// 7773// 7752//
f 7753// 7774// 7775//
f 7746// 7776// 7749//
f 7777// 7749// 7776//
f 7771// 7776// 7746//
f 7777// 7773// 7750//
f 7777// 7750// 7749//
f 7752// 7774// 7753//
f 7773// 7774// 7752//
f 7754// 7775// 7772//
f 7753// 7775// 7754//
f 7772// 7747// 7751//
f 7772// 7778// 7747//
f 4945// 4944// 5060//
f 4951// 4945// 5061//
f 5061// 4953// 4951//
f 5061// 4945// 5060//
f 5061// 5064// 4953//
f 4952// 5064// 7779//
f 4952// 4953// 5064//
f 7745// 7780// 7779//
f 7779// 5064// 7745//
f 7745// 7781// 7780//
f 7778// 7781// 7747//
f 7745// 7747// 7781//
f 4944// 5056// 5060//
f 5056// 4944// 4947//
f 5055// 5056// 4942//
f 4947// 4942// 5056//
f 4941// 4918// 5055//
f 4941// 5055// 4942//
f 5055// 4918// 5053//
f 4918// 4917// 5053//
f 7782// 7783// 7784//
f 7782// 7784// 7785//
f 7786// 5702// 7787//
f 7788// 7789// 7785//
f 7788// 7790// 7789//
f 5617// 7791// 7792//
f 7793// 7790// 7794//
f 5618// 5617// 7795//
f 5617// 7792// 7795//
f 5685// 5687// 5676//
f 5678// 5624// 5679//
f 7796// 5712// 5710//
f 5682// 5685// 5625//
f 5676// 5625// 5685//
f 5698// 7797// 7798//
f 7787// 5702// 5704//
f 5625// 5624// 5678//
f 5678// 5682// 5625//
f 5699// 7798// 7799//
f 5624// 5620// 5679//
f 5625// 5676// 5665//
f 5690// 5688// 5630//
f 5639// 5625// 5665//
f 5630// 5629// 5690//
f 5628// 5633// 5693//
f 7794// 7792// 7791//
f 5628// 5691// 5629//
f 5620// 5630// 5688//
f 5620// 5688// 5679//
f 5629// 5691// 5690//
f 5628// 5693// 5691//
f 5696// 5633// 5618//
f 5693// 5633// 5696//
f 5696// 5618// 7795//
f 7793// 7794// 7791//
f 7784// 7788// 7785//
f 7789// 7790// 7793//
f 7800// 7801// 7783//
f 7800// 7783// 7782//
f 7802// 7803// 7801//
f 7802// 7801// 7800//
f 7804// 7803// 7805//
f 7804// 7801// 7803//
f 7804// 5719// 7801//
f 5715// 5719// 5717//
f 7801// 5719// 7806//
f 5714// 7806// 5715//
f 5719// 5715// 7806//
f 7806// 5714// 5712//
f 5698// 5702// 7797//
f 7786// 7797// 5702//
f 5698// 7798// 5699//
f 5699// 7799// 5710//
f 5712// 7796// 7806//
f 5710// 7799// 7796//
f 7807// 5617// 5619//
f 7808// 7789// 7809//
f 7810// 7793// 7791//
f 7800// 7811// 7812//
f 7785// 7813// 7782//
f 7803// 7814// 7815//
f 7814// 7803// 7802//
f 7816// 7805// 7815//
f 7803// 7815// 7805//
f 7804// 7805// 7816//
f 7802// 7800// 7812//
f 7812// 7814// 7802//
f 7782// 7813// 7811//
f 7782// 7811// 7800//
f 7785// 7789// 7808//
f 7785// 7808// 7813//
f 7809// 7793// 7810//
f 7789// 7793// 7809//
f 7807// 7791// 5617//
f 7810// 7791// 7807//
f 7816// 5720// 5719//
f 7816// 5719// 7804//
f 7817// 5707// 5703//
f 5703// 5705// 7818//
f 7818// 7817// 5703//
f 7819// 7818// 5701//
f 5705// 5701// 7818//
f 5700// 5706// 7819//
f 5700// 7819// 5701//
f 5711// 7820// 7821//
f 7822// 5713// 5716//
f 5713// 7820// 5711//
f 7823// 5707// 7824//
f 5707// 7817// 7824//
f 7821// 5706// 5711//
f 7821// 7819// 5706//
f 7822// 7820// 5713//
f 5716// 5718// 7825//
f 7825// 7822// 5716//
f 5718// 5720// 7826//
f 7825// 5718// 7826//
f 7826// 5720// 7827//
f 7816// 7828// 7827//
f 7816// 7827// 5720//
f 7829// 7830// 7811//
f 7812// 7831// 7814//
f 7807// 7832// 7810//
f 7833// 7809// 7832//
f 7834// 7807// 5619//
f 5626// 5683// 5627//
f 7834// 5619// 5616//
f 5622// 5621// 5686//
f 5681// 5680// 5631//
f 5631// 5680// 5626//
f 5681// 5622// 5686//
f 5622// 5681// 5631//
f 5684// 5621// 5677//
f 5621// 5684// 5686//
f 5689// 5627// 5683//
f 5677// 5621// 5623//
f 5623// 5387// 5383//
f 5677// 5623// 5383//
f 7833// 7813// 7808//
f 5632// 5627// 5692//
f 5683// 5626// 5680//
f 5692// 5627// 5689//
f 5694// 5695// 5632//
f 5694// 5632// 5692//
f 5695// 5697// 5616//
f 5632// 5695// 5616//
f 5697// 7834// 5616//
f 7832// 7809// 7810//
f 7807// 7834// 7832//
f 7809// 7833// 7808//
f 7813// 7829// 7811//
f 7829// 7813// 7833//
f 7830// 7831// 7812//
f 7830// 7812// 7811//
f 7828// 7815// 7814//
f 7828// 7814// 7831//
f 7828// 7816// 7815//
f 7835// 7824// 7836//
f 7835// 7823// 7824//
f 7837// 7838// 7839//
f 7836// 7840// 7835//
f 7841// 7842// 7840//
f 7837// 7842// 7841//
f 7836// 7841// 7840//
f 7839// 7842// 7837//
f 7843// 7844// 7845//
f 7846// 7847// 7843//
f 7846// 7843// 7845//
f 7848// 7849// 7847//
f 7843// 7847// 7849//
f 7849// 7850// 7851//
f 7850// 7849// 7848//
f 7852// 7851// 7853//
f 7851// 7850// 7853//
f 5570// 7852// 5571//
f 7852// 5570// 7851//
f 7854// 7845// 7844//
f 7855// 7856// 7844//
f 7854// 7844// 7856//
f 7857// 7858// 7855//
f 7855// 7858// 7856//
f 7857// 7859// 7860//
f 7859// 7857// 7855//
f 7861// 7862// 7860//
f 7860// 7859// 7861//
f 7863// 7864// 7861//
f 7862// 7861// 7864//
f 7865// 7866// 7863//
f 7863// 7866// 7864//
f 7865// 7867// 7868//
f 7867// 7865// 7863//
f 7867// 7869// 7870//
f 7870// 7868// 7867//
f 7869// 7871// 7872//
f 7870// 7869// 7872//
f 7869// 7873// 7871//
f 7873// 7874// 7871//
f 5728// 5727// 7875//
f 5610// 5609// 5571//
f 7876// 7877// 5724//
f 7878// 7879// 7823//
f 5721// 7880// 7881//
f 7881// 5722// 5721//
f 5736// 7882// 7880//
f 5736// 7880// 5721//
f 5739// 5742// 7883//
f 5736// 5738// 7882//
f 5787// 5742// 5743//
f 5742// 5787// 7883//
f 5765// 5763// 5775//
f 5770// 5774// 5763//
f 5753// 5755// 5756//
f 5760// 5758// 5756//
f 7850// 7842// 7839//
f 5749// 5750// 5756//
f 5756// 5750// 5753//
f 7853// 7850// 7839//
f 5571// 7852// 5615//
f 5757// 5756// 5758//
f 5757// 5749// 5756//
f 5613// 5571// 5615//
f 5613// 5610// 5571//
f 5763// 5745// 5756//
f 5756// 5745// 5760//
f 5591// 5604// 5606//
f 5588// 5600// 5591//
f 5763// 5778// 5776//
f 5776// 5775// 5763//
f 5582// 5588// 5583//
f 5763// 5765// 5767//
f 5771// 5770// 5763//
f 5771// 5763// 5767//
f 5745// 5763// 5774//
f 5743// 5745// 5782//
f 5774// 5782// 5745//
f 5743// 5782// 5784//
f 5743// 5784// 5785//
f 5739// 7883// 7884//
f 5743// 5785// 5787//
f 5739// 7884// 5738//
f 5738// 7884// 7882//
f 7876// 5722// 7881//
f 7877// 5727// 5724//
f 7876// 5724// 5722//
f 7877// 7875// 5727//
f 7879// 7875// 7885//
f 5707// 7885// 5708//
f 5707// 7879// 7885//
f 5730// 5728// 7879//
f 7875// 7879// 5728//
f 5733// 5730// 7879//
f 7852// 7853// 7839//
f 5585// 5583// 5588//
f 5572// 5600// 5588//
f 5595// 5593// 5591//
f 5606// 5607// 5591//
f 5592// 5591// 5593//
f 5592// 5604// 5591//
f 5600// 5598// 5591//
f 5591// 5598// 5595//
f 5574// 5588// 5582//
f 5580// 5588// 5576//
f 5588// 5574// 5576//
f 5579// 5588// 5580//
f 5572// 5609// 5600//
f 5572// 5588// 5579//
f 5609// 5572// 5571//
f 7848// 7842// 7850//
f 7852// 7839// 5615//
f 7847// 7840// 7842//
f 7842// 7848// 7847//
f 7846// 7845// 7840//
f 7846// 7840// 7847//
f 7835// 7845// 7854//
f 7845// 7835// 7840//
f 7835// 7856// 7858//
f 7854// 7856// 7835//
f 7835// 7857// 7860//
f 7858// 7857// 7835//
f 7835// 7862// 7864//
f 7860// 7862// 7835//
f 7823// 7835// 7866//
f 7864// 7866// 7835//
f 7878// 7865// 7868//
f 7866// 7865// 7878//
f 7878// 7870// 7872//
f 7868// 7870// 7878//
f 7872// 7871// 7878//
f 7874// 7886// 7878//
f 7871// 7874// 7878//
f 7866// 7878// 7823//
f 5733// 7879// 7887//
f 7823// 7879// 5707//
f 7888// 7889// 7890//
f 7891// 7892// 7893//
f 7894// 7888// 7890//
f 7889// 7895// 7890//
f 7894// 7896// 7888//
f 7895// 7897// 7898//
f 7897// 7889// 7899//
f 7900// 7896// 7901//
f 7901// 7896// 7894//
f 7902// 7896// 7900//
f 7901// 7903// 7900//
f 7903// 7904// 7900//
f 7904// 7903// 7905//
f 7904// 7905// 7892//
f 7905// 7893// 7892//
f 7906// 7891// 7907//
f 7891// 7906// 7892//
f 7908// 7892// 7906//
f 7892// 7908// 7904//
f 7909// 7904// 7908//
f 7904// 7909// 7900//
f 7902// 7900// 7909//
f 7902// 7910// 7896//
f 7896// 7910// 7888//
f 7910// 7911// 7888//
f 7888// 7911// 7889//
f 7899// 7889// 7911//
f 7897// 7895// 7889//
f 7912// 7913// 7898//
f 7914// 7898// 7913//
f 7899// 7912// 7897//
f 7912// 7898// 7897//
f 7915// 7916// 7917//
f 7912// 7918// 7913//
f 7919// 7920// 7921//
f 7915// 7917// 7922//
f 7922// 7923// 7919//
f 7920// 7919// 7923//
f 7921// 7920// 7924//
f 7925// 7926// 7924//
f 7927// 7926// 7925//
f 7925// 7928// 7927//
f 7926// 7921// 7924//
f 7929// 7930// 7931//
f 7932// 7933// 7930//
f 7917// 7923// 7922//
f 7927// 7928// 7933//
f 7930// 7933// 7928//
f 7931// 7934// 7929//
f 7935// 7936// 7916//
f 7916// 7915// 7935//
f 7936// 7937// 7938//
f 7937// 7936// 7935//
f 7939// 7938// 7940//
f 7937// 7940// 7938//
f 7941// 7942// 7939//
f 7939// 7940// 7941//
f 7942// 7943// 7944//
f 7943// 7942// 7941//
f 7918// 7944// 7945//
f 7943// 7945// 7944//
f 7918// 7946// 7913//
f 7947// 7944// 7918//
f 7914// 7913// 7946//
f 7912// 7948// 7918//
f 7947// 7918// 7948//
f 7945// 7946// 7918//
f 7947// 7949// 7944//
f 7944// 7949// 7942//
f 7949// 7950// 7942//
f 7942// 7950// 7939//
f 7950// 7951// 7939//
f 7939// 7951// 7938//
f 7951// 7952// 7938//
f 7938// 7952// 7936//
f 7952// 7953// 7936//
f 7936// 7953// 7916//
f 7953// 7954// 7916//
f 7954// 7955// 7917//
f 7954// 7917// 7916//
f 7955// 7956// 7923//
f 7955// 7923// 7917//
f 7956// 7957// 7920//
f 7956// 7920// 7923//
f 7957// 7958// 7924//
f 7957// 7924// 7920//
f 7958// 7959// 7925//
f 7958// 7925// 7924//
f 7959// 7960// 7928//
f 7959// 7928// 7925//
f 7960// 7931// 7930//
f 7930// 7928// 7960//
f 7932// 7930// 7929//
f 7961// 7962// 7932//
f 7961// 7932// 7929//
f 7961// 7929// 7963//
f 7963// 7929// 7934//
f 7964// 7965// 7966//
f 7961// 7967// 7962//
f 7968// 7969// 7970//
f 7971// 7972// 7973//
f 7965// 7974// 7972//
f 7972// 7974// 7973//
f 7965// 7964// 7974//
f 7971// 7975// 7976//
f 7969// 7964// 7966//
f 7977// 7975// 7973//
f 7966// 7970// 7969//
f 7973// 7975// 7971//
f 7968// 7978// 7979//
f 7980// 7981// 7979//
f 7979// 7978// 7980//
f 7981// 7982// 7983//
f 7982// 7981// 7980//
f 7967// 7983// 7984//
f 7982// 7984// 7983//
f 7967// 7961// 7985//
f 7967// 7984// 7962//
f 7985// 7961// 7963//
f 7985// 7986// 7967//
f 7967// 7986// 7983//
f 7986// 7987// 7983//
f 7983// 7987// 7981//
f 7987// 7988// 7981//
f 7981// 7988// 7979//
f 7988// 7989// 7979//
f 7978// 7968// 7970//
f 7979// 7989// 7968//
f 7990// 7968// 7989//
f 7968// 7990// 7969//
f 7991// 7969// 7990//
f 7969// 7991// 7964//
f 7992// 7964// 7991//
f 7964// 7992// 7974//
f 7993// 7974// 7992//
f 7974// 7993// 7973//
f 7973// 7993// 7977//
f 7994// 7995// 7996//
f 7997// 7998// 7999//
f 8000// 8001// 8002//
f 8003// 8004// 8005//
f 8006// 8007// 8008//
f 8009// 8010// 8005//
f 8003// 8005// 8010//
f 8011// 8010// 8009//
f 8007// 8004// 8008//
f 8008// 8004// 8003//
f 8006// 7998// 7997//
f 8006// 7997// 8007//
f 7999// 8001// 8000//
f 7998// 8001// 7999//
f 7994// 8002// 7995//
f 8000// 8002// 7994//
f 8012// 8013// 8014//
f 8015// 8016// 8017//
f 8018// 8019// 8020//
f 8021// 8022// 8023//
f 8024// 8025// 8026//
f 8027// 8028// 8029//
f 8020// 8029// 8028//
f 8015// 8030// 8031//
f 8032// 8033// 8034//
f 8035// 8036// 8037//
f 8038// 8014// 8039//
f 8032// 8040// 8033//
f 8041// 8042// 8038//
f 8014// 8043// 8039//
f 8033// 8040// 8043//
f 8044// 8045// 8046//
f 8033// 8046// 8034//
f 8047// 8044// 8048//
f 8049// 8013// 8036//
f 8050// 8051// 8048//
f 8052// 8024// 8053//
f 8037// 8031// 8054//
f 8055// 8020// 8028//
f 8018// 8056// 8016//
f 8057// 8022// 8058//
f 8023// 8025// 8055//
f 8059// 8057// 8058//
f 8022// 8060// 8058//
f 8045// 8034// 8046//
f 8024// 8026// 8053//
f 8014// 8042// 8012//
f 8040// 8039// 8043//
f 8043// 8013// 8049//
f 8042// 8014// 8038//
f 8046// 8033// 8049//
f 8047// 8045// 8044//
f 8012// 8061// 8013//
f 8033// 8043// 8049//
f 8036// 8035// 8049//
f 8043// 8014// 8013//
f 8044// 8046// 8035//
f 8051// 8047// 8048//
f 8013// 8061// 8036//
f 8046// 8049// 8035//
f 8035// 8037// 8054//
f 8062// 8036// 8061//
f 8048// 8044// 8054//
f 8063// 8051// 8050//
f 8037// 8036// 8062//
f 8044// 8035// 8054//
f 8054// 8031// 8030//
f 8064// 8037// 8062//
f 8050// 8048// 8030//
f 8053// 8063// 8052//
f 8031// 8037// 8064//
f 8048// 8054// 8030//
f 8030// 8015// 8017//
f 8065// 8031// 8064//
f 8050// 8017// 8052//
f 8052// 8063// 8050//
f 8015// 8031// 8065//
f 8050// 8030// 8017//
f 8017// 8016// 8056//
f 8066// 8015// 8065//
f 8024// 8052// 8056//
f 8067// 8026// 8025//
f 8068// 8016// 8066//
f 8052// 8017// 8056//
f 8056// 8018// 8069//
f 8066// 8016// 8015//
f 8025// 8024// 8069//
f 8070// 8067// 8023//
f 8016// 8068// 8018//
f 8024// 8056// 8069//
f 8069// 8020// 8055//
f 8019// 8018// 8068//
f 8067// 8025// 8023//
f 8022// 8057// 8070//
f 8020// 8019// 8029//
f 8025// 8069// 8055//
f 8055// 8028// 8021//
f 8069// 8018// 8020//
f 8070// 8023// 8022//
f 8023// 8055// 8021//
f 8060// 8021// 8071//
f 8022// 8021// 8060//
f 8021// 8028// 8071//
f 8027// 8071// 8028//
f 8058// 8072// 8073//
f 8074// 8075// 8071//
f 8076// 8058// 8060//
f 8027// 8074// 8071//
f 8076// 8060// 8075//
f 8071// 8075// 8060//
f 8058// 8073// 8059//
f 8076// 8072// 8058//
f 8059// 8053// 8026//
f 8059// 8073// 8053//
f 8057// 8059// 8070//
f 8067// 8070// 8059//
f 8073// 8063// 8053//
f 8067// 8059// 8026//
f 8032// 8063// 8077//
f 8063// 8073// 8077//
f 8047// 8051// 8032//
f 8032// 8051// 8063//
f 8034// 8045// 8032//
f 8032// 8045// 8047//
f 8078// 8038// 8039//
f 8041// 8079// 8080//
f 8077// 8081// 8032//
f 8081// 8040// 8032//
f 8081// 8078// 8040//
f 8078// 8079// 8038//
f 8078// 8039// 8040//
f 8041// 8038// 8079//
f 8041// 8082// 8083//
f 8041// 8080// 8082//
f 8084// 8029// 8019//
f 8027// 8085// 8086//
f 8066// 8065// 8087//
f 8088// 8089// 8068//
f 8090// 8062// 8061//
f 8091// 8092// 8064//
f 8093// 8012// 8094//
f 8012// 8093// 8061//
f 8042// 8083// 8094//
f 8094// 8012// 8042//
f 8061// 8093// 8090//
f 8042// 8041// 8083//
f 8091// 8062// 8090//
f 8065// 8064// 8092//
f 8064// 8062// 8091//
f 8066// 8087// 8088//
f 8065// 8092// 8087//
f 8068// 8089// 8019//
f 8066// 8088// 8068//
f 8084// 8085// 8029//
f 8089// 8084// 8019//
f 8027// 8029// 8085//
f 8027// 8086// 8095//
f 8074// 8027// 8096//
f 8095// 8096// 8027//
f 8097// 8098// 8099//
f 8100// 8101// 8097//
f 8100// 8097// 8099//
f 8101// 8102// 8097//
f 8097// 8103// 8104//
f 8102// 8103// 8097//
f 8097// 8105// 8106//
f 8104// 8105// 8097//
f 8107// 8108// 8109//
f 8106// 8110// 8097//
f 8111// 8112// 8113//
f 8111// 8108// 8114//
f 8115// 8116// 8111//
f 8111// 8117// 8118//
f 8118// 8119// 8111//
f 8111// 8119// 8115//
f 8120// 8111// 8113//
f 8117// 8111// 8120//
f 8111// 8114// 8121//
f 8111// 8121// 8112//
f 8114// 8108// 8107//
f 8107// 8109// 8110//
f 8110// 8109// 8097//
f 8122// 8123// 8124//
f 8123// 8125// 8126//
f 8125// 8123// 8122//
f 8127// 8128// 8125//
f 8126// 8125// 8128//
f 8127// 8097// 8109//
f 8109// 8128// 8127//
f 8122// 8124// 8129//
f 8124// 8130// 8131//
f 8131// 8129// 8124//
f 8131// 8132// 8133//
f 8132// 8131// 8130//
f 8132// 8134// 8133//
f 8133// 8134// 8135//
f 8136// 8137// 8138//
f 8139// 8140// 8141//
f 8142// 8143// 8144//
f 8142// 8138// 8145//
f 8146// 8147// 8148//
f 8149// 8150// 8151//
f 8144// 8152// 8153//
f 8154// 8155// 8151//
f 8115// 8156// 8157//
f 8147// 8158// 8154//
f 8159// 8160// 8161//
f 8158// 8146// 8162//
f 8163// 8153// 8164//
f 8148// 8160// 8146//
f 8165// 8166// 8167//
f 8163// 8168// 8165//
f 8169// 8170// 8171//
f 8167// 8172// 8173//
f 8174// 8175// 8176//
f 8176// 8169// 8171//
f 8157// 8111// 8116//
f 8160// 8177// 8161//
f 8150// 8178// 8179//
f 8178// 8180// 8181//
f 8182// 8136// 8183//
f 8184// 8185// 8181//
f 8183// 8186// 8187//
f 8188// 8185// 8189//
f 8190// 8186// 8191//
f 8192// 8188// 8193//
f 8191// 8194// 8195//
f 8196// 8193// 8197//
f 8198// 8194// 8199//
f 8200// 8201// 8196//
f 8170// 8166// 8171//
f 8201// 8202// 8203//
f 8199// 8204// 8205//
f 8206// 8203// 8207//
f 8141// 8208// 8204//
f 8209// 8210// 8206//
f 8211// 8131// 8212//
f 8211// 8210// 8213//
f 8129// 8214// 8122//
f 8129// 8131// 8211//
f 8215// 8125// 8216//
f 8214// 8216// 8122//
f 8215// 8127// 8125//
f 8213// 8214// 8211//
f 8127// 8098// 8097//
f 8214// 8213// 8217//
f 8152// 8218// 8153//
f 8133// 8219// 8212//
f 8131// 8133// 8212//
f 8220// 8219// 8221//
f 8219// 8133// 8135//
f 8221// 8219// 8135//
f 8140// 8139// 8220//
f 8199// 8222// 8198//
f 8139// 8219// 8220//
f 8211// 8214// 8129//
f 8212// 8219// 8223//
f 8213// 8210// 8209//
f 8210// 8211// 8212//
f 8216// 8224// 8215//
f 8215// 8098// 8127//
f 8122// 8216// 8125//
f 8216// 8217// 8224//
f 8099// 8098// 8215//
f 8139// 8223// 8219//
f 8208// 8141// 8140//
f 8209// 8225// 8213//
f 8223// 8210// 8212//
f 8139// 8226// 8223//
f 8206// 8207// 8209//
f 8210// 8223// 8206//
f 8100// 8224// 8227//
f 8224// 8099// 8215//
f 8214// 8217// 8216//
f 8217// 8225// 8227//
f 8100// 8099// 8224//
f 8141// 8226// 8139//
f 8205// 8204// 8208//
f 8228// 8209// 8207//
f 8226// 8206// 8223//
f 8226// 8141// 8229//
f 8225// 8230// 8227//
f 8206// 8226// 8203//
f 8101// 8227// 8230//
f 8217// 8227// 8224//
f 8213// 8225// 8217//
f 8225// 8228// 8230//
f 8100// 8227// 8101//
f 8204// 8229// 8141//
f 8222// 8199// 8205//
f 8200// 8202// 8201//
f 8229// 8203// 8226//
f 8229// 8204// 8231//
f 8230// 8228// 8232//
f 8203// 8229// 8201//
f 8207// 8203// 8202//
f 8232// 8102// 8230//
f 8209// 8228// 8225//
f 8233// 8232// 8228//
f 8101// 8230// 8102//
f 8199// 8231// 8204//
f 8195// 8194// 8198//
f 8197// 8200// 8196//
f 8231// 8201// 8229//
f 8231// 8199// 8234//
f 8202// 8233// 8207//
f 8196// 8201// 8231//
f 8233// 8235// 8232//
f 8103// 8102// 8232//
f 8207// 8233// 8228//
f 8233// 8236// 8235//
f 8104// 8103// 8232//
f 8194// 8234// 8199//
f 8190// 8191// 8195//
f 8188// 8197// 8193//
f 8234// 8196// 8231//
f 8194// 8237// 8234//
f 8200// 8236// 8202//
f 8193// 8196// 8234//
f 8236// 8238// 8235//
f 8235// 8104// 8232//
f 8202// 8236// 8233//
f 8236// 8239// 8238//
f 8105// 8104// 8235//
f 8191// 8237// 8194//
f 8187// 8186// 8190//
f 8185// 8188// 8192//
f 8237// 8193// 8234//
f 8191// 8240// 8237//
f 8197// 8239// 8200//
f 8192// 8193// 8237//
f 8106// 8238// 8241//
f 8238// 8105// 8235//
f 8200// 8239// 8236//
f 8239// 8242// 8241//
f 8106// 8105// 8238//
f 8186// 8240// 8191//
f 8182// 8183// 8187//
f 8181// 8185// 8243//
f 8240// 8192// 8237//
f 8186// 8244// 8240//
f 8188// 8242// 8197//
f 8243// 8192// 8240//
f 8110// 8241// 8245//
f 8239// 8241// 8238//
f 8197// 8242// 8239//
f 8242// 8189// 8245//
f 8106// 8241// 8110//
f 8183// 8244// 8186//
f 8137// 8136// 8182//
f 8243// 8185// 8192//
f 8244// 8243// 8240//
f 8244// 8183// 8246//
f 8181// 8179// 8178//
f 8179// 8243// 8244//
f 8107// 8245// 8247//
f 8242// 8245// 8241//
f 8188// 8189// 8242//
f 8189// 8184// 8247//
f 8110// 8245// 8107//
f 8136// 8246// 8183//
f 8145// 8138// 8137//
f 8179// 8181// 8243//
f 8246// 8179// 8244//
f 8246// 8136// 8248//
f 8178// 8150// 8149//
f 8150// 8179// 8246//
f 8114// 8247// 8249//
f 8189// 8247// 8245//
f 8185// 8184// 8189//
f 8184// 8180// 8249//
f 8107// 8247// 8114//
f 8138// 8248// 8136//
f 8143// 8142// 8145//
f 8149// 8250// 8178//
f 8248// 8150// 8246//
f 8138// 8251// 8248//
f 8151// 8155// 8149//
f 8150// 8248// 8151//
f 8121// 8249// 8252//
f 8184// 8249// 8247//
f 8181// 8180// 8184//
f 8180// 8250// 8252//
f 8114// 8249// 8121//
f 8142// 8251// 8138//
f 8152// 8144// 8143//
f 8253// 8149// 8155//
f 8251// 8151// 8248//
f 8251// 8142// 8254//
f 8250// 8255// 8252//
f 8151// 8251// 8154//
f 8112// 8252// 8255//
f 8180// 8252// 8249//
f 8178// 8250// 8180//
f 8250// 8253// 8255//
f 8121// 8252// 8112//
f 8254// 8142// 8144//
f 8164// 8153// 8218//
f 8146// 8158// 8147//
f 8254// 8154// 8251//
f 8256// 8254// 8144//
f 8255// 8253// 8257//
f 8254// 8147// 8154//
f 8155// 8154// 8158//
f 8255// 8120// 8113//
f 8149// 8253// 8250//
f 8258// 8257// 8253//
f 8112// 8255// 8113//
f 8153// 8256// 8144//
f 8168// 8163// 8164//
f 8119// 8259// 8156//
f 8256// 8147// 8254//
f 8256// 8153// 8260//
f 8158// 8258// 8155//
f 8147// 8256// 8148//
f 8258// 8261// 8257//
f 8257// 8120// 8255//
f 8155// 8258// 8253//
f 8258// 8162// 8261//
f 8117// 8120// 8257//
f 8163// 8260// 8153//
f 8262// 8165// 8168//
f 8148// 8263// 8160//
f 8260// 8148// 8256//
f 8163// 8264// 8260//
f 8146// 8160// 8159//
f 8148// 8260// 8263//
f 8118// 8261// 8259//
f 8261// 8117// 8257//
f 8158// 8162// 8258//
f 8162// 8159// 8259//
f 8118// 8117// 8261//
f 8165// 8264// 8163//
f 8166// 8262// 8265//
f 8173// 8263// 8264//
f 8264// 8263// 8260//
f 8264// 8167// 8173//
f 8177// 8160// 8263//
f 8263// 8173// 8177//
f 8161// 8157// 8156//
f 8162// 8259// 8261//
f 8146// 8159// 8162//
f 8159// 8161// 8156//
f 8118// 8259// 8119//
f 8262// 8166// 8165//
f 8265// 8174// 8171//
f 8172// 8266// 8267//
f 8165// 8167// 8264//
f 8167// 8170// 8172//
f 8177// 8173// 8267//
f 8173// 8172// 8267//
f 8161// 8177// 8268//
f 8267// 8268// 8177//
f 8159// 8156// 8259//
f 8268// 8157// 8161//
f 8119// 8156// 8115//
f 8265// 8171// 8166//
f 8174// 8176// 8171//
f 8269// 8170// 8169//
f 8166// 8170// 8167//
f 8170// 8269// 8172//
f 8266// 8172// 8269//
f 8266// 8270// 8267//
f 8267// 8270// 8268//
f 8270// 8271// 8268//
f 8111// 8157// 8271//
f 8271// 8157// 8268//
f 8115// 8157// 8116//
f 8272// 8169// 8176//
f 8273// 8274// 8275//
f 8274// 8276// 8275//
f 8175// 8273// 8275//
f 8266// 8277// 8270//
f 8278// 8269// 8279//
f 8271// 8280// 8108//
f 8280// 8271// 8270//
f 8270// 8277// 8280//
f 8271// 8108// 8111//
f 8266// 8278// 8277//
f 8269// 8169// 8279//
f 8266// 8269// 8278//
f 8272// 8176// 8275//
f 8279// 8169// 8272//
f 8175// 8275// 8176//
f 8277// 8278// 8108//
f 8096// 8095// 8281//
f 8082// 8080// 7995//
f 8277// 8108// 8280//
f 8109// 8108// 8077//
f 8123// 8109// 8073//
f 8130// 8073// 8072//
f 8072// 8076// 8134//
f 8123// 8126// 8109//
f 8072// 8132// 8130//
f 8128// 8109// 8126//
f 8077// 8108// 8278//
f 8279// 8077// 8278//
f 8134// 8075// 8074//
f 8074// 8281// 8134//
f 8096// 8281// 8074//
f 8134// 8281// 8282//
f 8276// 8081// 8275//
f 8134// 8132// 8072//
f 8076// 8075// 8134//
f 8073// 8124// 8123//
f 8124// 8073// 8130//
f 8073// 8109// 8077//
f 8077// 8272// 8081//
f 8077// 8279// 8272//
f 8081// 8272// 8275//
f 8276// 8079// 8078//
f 8081// 8276// 8078//
f 8079// 8276// 8080//
f 8080// 8276// 7995//
f 7996// 7995// 8276//
f 8283// 8284// 8285//
f 8286// 8287// 8288//
f 8288// 8287// 8284//
f 8288// 8284// 8283//
f 8287// 8286// 8289//
f 8286// 8290// 8289//
f 8290// 8291// 8289//
f 8285// 8292// 8283//
f 8285// 8293// 8292//
f 8294// 8295// 8293//
f 8292// 8293// 8295//
f 8294// 8296// 8297//
f 8297// 8295// 8294//
f 8298// 8296// 8282//
f 8296// 8298// 8297//
f 8298// 8282// 8281//
f 8005// 8273// 8009//
f 7994// 8274// 8000//
f 7994// 7996// 8274//
f 8276// 8274// 7996//
f 8000// 8274// 7999//
f 7997// 8274// 8007//
f 7999// 8274// 7997//
f 7976// 8145// 8137//
f 8274// 8273// 8007//
f 8007// 8273// 8004//
f 8273// 8175// 8009//
f 8273// 8005// 8004//
f 8009// 8174// 8265//
f 8175// 8174// 8009//
f 8262// 8168// 7976//
f 8265// 8262// 8009//
f 8164// 8218// 7976//
f 8164// 7976// 8168//
f 8262// 7976// 8009//
f 8145// 7976// 8143//
f 8218// 8152// 7976//
f 8182// 8299// 7976//
f 7976// 8137// 8182//
f 8187// 8190// 8299//
f 8187// 8299// 8182//
f 8195// 8198// 8299//
f 8195// 8299// 8190//
f 8198// 8222// 8299//
f 8208// 8291// 8299//
f 8205// 8299// 8222//
f 8291// 8135// 8289//
f 8291// 8140// 8220//
f 8135// 8294// 8293//
f 8287// 8135// 8284//
f 8135// 8134// 8282//
f 8135// 8282// 8296//
f 8135// 8296// 8294//
f 8284// 8135// 8285//
f 8293// 8285// 8135//
f 8287// 8289// 8135//
f 8135// 8291// 8221//
f 8291// 8208// 8140//
f 8220// 8221// 8291//
f 8299// 8205// 8208//
f 7976// 8152// 8143//
f 8300// 8301// 7962//
f 8302// 8303// 7980//
f 8304// 7984// 7982//
f 7965// 8305// 7966//
f 7978// 7970// 8306//
f 7972// 8307// 8308//
f 8309// 7972// 8308//
f 8299// 8307// 7971//
f 7972// 7971// 8307//
f 7976// 8299// 7971//
f 7965// 7972// 8309//
f 7980// 8303// 7982//
f 7970// 7966// 8305//
f 7965// 8309// 8305//
f 7980// 7978// 8302//
f 8302// 7978// 8306//
f 7970// 8305// 8306//
f 8303// 8304// 7982//
f 8304// 8300// 7984//
f 7962// 7984// 8300//
f 8301// 8310// 7962//
f 8310// 7932// 7962//
f 8311// 8312// 7915//
f 7919// 8313// 7922//
f 8313// 8311// 7922//
f 7921// 8314// 7919//
f 8314// 8313// 7919//
f 7921// 8315// 8314//
f 8316// 8317// 7933//
f 8315// 7921// 7926//
f 7927// 7933// 8317//
f 8318// 7926// 7927//
f 7927// 8317// 8318//
f 7922// 8311// 7915//
f 7926// 8318// 8315//
f 8310// 8316// 7932//
f 7932// 8316// 7933//
f 7915// 8312// 7935//
f 7937// 7935// 8319//
f 8312// 8319// 7935//
f 8320// 7940// 7937//
f 7937// 8319// 8320//
f 7940// 8321// 7941//
f 8321// 7940// 8320//
f 7943// 7941// 8322//
f 8321// 8322// 7941//
f 8323// 7945// 7943//
f 7943// 8322// 8323//
f 7945// 8324// 7946//
f 8324// 7945// 8323//
f 8324// 8325// 7946//
f 7946// 8325// 7914//
f 7898// 7914// 8325//
f 7898// 8325// 8326//
f 8327// 8328// 7893//
f 8329// 8330// 7901//
f 8331// 7905// 7903//
f 7895// 8332// 7890//
f 7894// 7890// 8333//
f 8326// 7895// 7898//
f 7895// 8326// 8332//
f 7890// 8332// 8333//
f 8331// 7903// 8330//
f 8330// 7903// 7901//
f 7894// 8333// 8329//
f 7894// 8329// 7901//
f 7893// 7905// 8327//
f 8327// 7905// 8331//
f 8334// 7893// 8328//
f 8328// 8335// 8334//
f 8336// 7907// 7891//
f 8334// 8336// 7891//
f 7893// 8334// 7891//
f 8336// 8337// 7907//
f 8338// 8339// 8337//
f 8340// 8341// 8342//
f 8341// 8343// 8344//
f 8345// 8346// 8347//
f 8348// 8349// 8350//
f 8351// 8352// 8353//
f 8354// 8355// 8356//
f 8357// 8358// 8359//
f 8360// 8361// 8362//
f 8363// 8364// 8365//
f 8366// 8367// 8368//
f 8369// 8370// 8371//
f 8371// 8364// 8369//
f 8372// 8370// 8373//
f 8369// 8373// 8370//
f 8372// 8374// 8375//
f 8374// 8372// 8373//
f 8376// 8377// 8375//
f 8375// 8374// 8376//
f 8378// 8377// 8379//
f 8376// 8379// 8377//
f 8380// 8378// 8379//
f 8365// 8364// 8371//
f 8381// 8350// 8349//
f 8363// 8368// 8367//
f 8368// 8363// 8365//
f 8366// 8357// 8367//
f 8361// 8359// 8358//
f 8357// 8366// 8358//
f 8353// 8362// 8351//
f 8353// 8360// 8362//
f 8359// 8361// 8360//
f 8354// 8352// 8351//
f 8355// 8346// 8356//
f 8354// 8356// 8352//
f 8381// 8349// 8345//
f 8347// 8381// 8345//
f 8347// 8346// 8355//
f 8348// 8340// 8342//
f 8350// 8340// 8348//
f 8344// 8342// 8341//
f 8382// 8344// 8343//
f 8337// 8382// 8338//
f 8343// 8338// 8382//
f 8337// 8339// 8383//
f 8383// 7907// 8337//
f 8384// 7908// 8385//
f 7908// 8384// 7909//
f 8385// 7908// 7906//
f 7909// 8384// 8386//
f 7906// 8387// 8385//
f 8387// 7906// 7907//
f 8383// 8387// 7907//
f 7902// 7909// 8386//
f 8388// 7910// 7902//
f 7902// 8386// 8388//
f 7910// 8389// 7911//
f 8389// 7910// 8388//
f 8389// 8390// 7911//
f 7911// 8390// 7899//
f 8391// 7899// 8390//
f 8391// 7912// 7899//
f 8392// 8393// 7934//
f 8394// 8395// 7959//
f 8395// 8396// 7960//
f 7956// 8397// 8398//
f 7958// 7957// 8399//
f 8400// 7953// 8401//
f 8402// 7955// 7954//
f 8403// 8404// 7950//
f 7951// 8404// 8405//
f 8403// 7949// 8406//
f 7949// 8403// 7950//
f 7947// 8407// 8406//
f 8406// 7949// 7947//
f 8391// 8407// 7948//
f 7947// 7948// 8407//
f 7912// 8391// 7948//
f 7950// 8404// 7951//
f 8405// 7952// 7951//
f 7952// 8405// 8401//
f 8400// 7954// 7953//
f 8401// 7953// 7952//
f 8402// 8397// 7955//
f 8402// 7954// 8400//
f 7956// 7955// 8397//
f 8399// 8394// 7958//
f 7957// 7956// 8398//
f 7957// 8398// 8399//
f 7959// 8395// 7960//
f 7958// 8394// 7959//
f 8392// 7934// 7931//
f 7960// 8396// 7931//
f 8396// 8392// 7931//
f 8393// 7963// 7934//
f 7963// 8393// 8408//
f 7987// 8409// 7988//
f 7988// 8410// 7989//
f 8410// 7988// 8409//
f 8411// 8409// 7987//
f 8412// 8413// 7985//
f 8413// 7986// 7985//
f 8412// 7985// 7963//
f 8413// 8411// 7986//
f 7986// 8411// 7987//
f 8408// 8412// 7963//
f 8414// 7989// 8410//
f 7990// 8414// 8415//
f 8414// 7990// 7989//
f 8416// 7991// 8415//
f 7990// 8415// 7991//
f 8416// 8417// 7992//
f 7992// 7991// 8416//
f 7993// 8417// 8418//
f 8417// 7993// 7992//
f 7993// 8418// 7977//
f 8083// 8011// 8094//
f 8001// 7995// 8002//
f 8006// 8008// 8082//
f 8083// 8008// 8003//
f 8006// 7995// 7998//
f 7998// 7995// 8001//
f 8082// 8008// 8083//
f 7995// 8006// 8082//
f 8083// 8003// 8010//
f 8295// 8297// 8281//
f 8011// 7879// 8094//
f 8010// 8011// 8083//
f 7879// 7878// 8087//
f 8090// 8093// 7879//
f 7879// 8093// 8094//
f 8092// 8091// 7879//
f 7879// 8091// 8090//
f 7879// 8087// 8092//
f 8089// 8088// 7878//
f 7878// 8088// 8087//
f 8085// 8084// 7878//
f 7878// 8084// 8089//
f 8086// 8290// 8286//
f 8297// 8298// 8281//
f 8292// 8295// 8281//
f 8281// 8095// 8292//
f 8095// 8086// 8283//
f 8283// 8292// 8095//
f 8086// 8286// 8288//
f 8283// 8086// 8288//
f 8085// 8290// 8086//
f 8085// 7878// 8290//
f 8419// 7977// 8418//
f 8419// 8420// 7977//
f 8009// 7879// 8011//
f 7887// 8009// 7976//
f 7975// 8420// 7887//
f 7879// 8009// 7887//
f 7887// 7976// 7975//
f 7975// 7977// 8420//
f 7873// 8419// 7874//
f 8420// 8419// 7873//
f 5733// 8420// 5732//
f 7874// 8419// 7886//
f 8420// 7873// 5732//
f 8420// 5733// 7887//
f 7886// 8421// 8299//
f 7878// 8291// 8290//
f 8291// 7886// 8299//
f 8291// 7878// 7886//
f 7886// 8419// 8421//
f 8419// 8418// 8421//
f 8306// 8305// 8422//
f 8423// 8308// 8424//
f 8421// 8307// 8299//
f 8425// 8422// 8305//
f 8423// 8424// 8417//
f 8426// 8300// 8304//
f 8303// 8427// 8428//
f 8408// 8429// 8412//
f 8413// 8430// 8426//
f 8429// 8301// 8430//
f 8300// 8430// 8301//
f 8430// 8300// 8426//
f 8304// 8428// 8426//
f 8306// 8422// 8431//
f 8303// 8302// 8427//
f 8304// 8303// 8428//
f 8302// 8431// 8427//
f 8305// 8309// 8425//
f 8309// 8308// 8423//
f 8424// 8421// 8418//
f 8308// 8307// 8424//
f 8423// 8425// 8309//
f 8429// 8430// 8412//
f 8413// 8412// 8430//
f 8413// 8426// 8411//
f 8426// 8428// 8411//
f 8411// 8428// 8409//
f 8428// 8427// 8409//
f 8409// 8427// 8410//
f 8302// 8306// 8431//
f 8427// 8431// 8410//
f 8414// 8410// 8431//
f 8431// 8422// 8414//
f 8415// 8414// 8422//
f 8422// 8425// 8415//
f 8416// 8415// 8425//
f 8425// 8423// 8416//
f 8417// 8416// 8423//
f 8418// 8417// 8424//
f 8421// 8424// 8307//
f 8310// 8429// 8432//
f 8429// 8408// 8432//
f 8301// 8429// 8310//
f 8432// 8408// 8393//
f 8433// 8434// 8314//
f 8435// 8317// 8436//
f 8436// 8317// 8316//
f 8310// 8437// 8316//
f 8438// 8311// 8313//
f 8318// 8439// 8315//
f 8440// 8441// 8320//
f 8442// 8443// 8312//
f 8444// 8445// 8322//
f 8322// 8321// 8444//
f 8406// 8446// 8445//
f 8323// 8445// 8446//
f 8407// 8391// 8446//
f 8406// 8407// 8446//
f 8325// 8324// 8447//
f 8447// 8446// 8391//
f 8323// 8322// 8445//
f 8440// 8319// 8443//
f 8321// 8320// 8441//
f 8441// 8444// 8321//
f 8319// 8440// 8320//
f 8314// 8434// 8313//
f 8319// 8312// 8443//
f 8312// 8311// 8442//
f 8438// 8313// 8434//
f 8311// 8438// 8442//
f 8315// 8433// 8314//
f 8318// 8435// 8439//
f 8439// 8433// 8315//
f 8435// 8318// 8317//
f 8437// 8432// 8392//
f 8393// 8392// 8432//
f 8436// 8316// 8437//
f 8323// 8446// 8324//
f 8447// 8324// 8446//
f 8406// 8445// 8403//
f 8445// 8444// 8403//
f 8403// 8444// 8404//
f 8444// 8441// 8404//
f 8404// 8441// 8405//
f 8441// 8440// 8405//
f 8405// 8440// 8401//
f 8440// 8443// 8401//
f 8401// 8443// 8400//
f 8443// 8442// 8400//
f 8400// 8442// 8402//
f 8402// 8438// 8397//
f 8402// 8442// 8438//
f 8397// 8434// 8398//
f 8397// 8438// 8434//
f 8398// 8433// 8399//
f 8398// 8434// 8433//
f 8399// 8439// 8394//
f 8399// 8433// 8439//
f 8394// 8435// 8395//
f 8394// 8439// 8435//
f 8395// 8436// 8396//
f 8395// 8435// 8436//
f 8396// 8437// 8392//
f 8437// 8396// 8436//
f 8310// 8432// 8437//
f 8391// 8326// 8447//
f 8391// 8448// 8326//
f 8325// 8447// 8326//
f 8448// 8391// 8390//
f 8331// 8330// 8449//
f 8448// 8332// 8326//
f 8450// 8451// 8333//
f 8452// 8449// 8330//
f 8329// 8333// 8451//
f 8383// 8453// 8387//
f 8385// 8387// 8454//
f 8385// 8454// 8455//
f 8454// 8453// 8328//
f 8455// 8454// 8327//
f 8449// 8455// 8331//
f 8330// 8329// 8452//
f 8386// 8449// 8452//
f 8333// 8332// 8450//
f 8329// 8451// 8452//
f 8450// 8448// 8390//
f 8328// 8327// 8454//
f 8453// 8454// 8387//
f 8384// 8385// 8455//
f 8327// 8331// 8455//
f 8455// 8449// 8384//
f 8386// 8384// 8449//
f 8386// 8452// 8388//
f 8452// 8451// 8388//
f 8388// 8451// 8389//
f 8451// 8450// 8389//
f 8390// 8389// 8450//
f 8448// 8450// 8332//
f 8328// 8453// 8456//
f 8335// 8328// 8456//
f 8339// 8456// 8453//
f 8453// 8383// 8339//
f 8457// 8458// 8459//
f 8460// 8461// 8462//
f 8460// 8462// 8463//
f 8335// 8464// 8463//
f 8465// 8466// 8467//
f 8468// 8469// 8470//
f 8471// 8472// 8473//
f 8474// 8475// 8476//
f 8477// 8478// 8479//
f 8351// 8362// 8472//
f 8480// 8481// 8482//
f 8477// 8479// 8483//
f 8484// 8482// 8371//
f 8484// 8485// 8482//
f 8486// 8487// 8488//
f 8370// 8486// 8484//
f 8489// 8490// 8487//
f 8487// 8486// 8372//
f 8491// 8492// 8489//
f 8489// 8487// 8377//
f 8489// 8378// 8491//
f 8489// 8377// 8378//
f 8493// 8484// 8486//
f 8491// 8494// 8492//
f 8481// 8495// 8496//
f 8368// 8481// 8496//
f 8482// 8481// 8365//
f 8496// 8483// 8479//
f 8497// 8498// 8499//
f 8477// 8498// 8478//
f 8497// 8478// 8498//
f 8472// 8499// 8473//
f 8499// 8472// 8497//
f 8476// 8471// 8473//
f 8471// 8476// 8475//
f 8466// 8475// 8474//
f 8465// 8467// 8459//
f 8474// 8467// 8466//
f 8459// 8458// 8465//
f 8468// 8470// 8457//
f 8458// 8457// 8470//
f 8468// 8461// 8469//
f 8460// 8469// 8461//
f 8463// 8464// 8460//
f 8464// 8456// 8338//
f 8339// 8338// 8456//
f 8487// 8375// 8377//
f 8490// 8489// 8492//
f 8372// 8375// 8487//
f 8488// 8487// 8490//
f 8370// 8372// 8486//
f 8493// 8486// 8488//
f 8371// 8370// 8484//
f 8485// 8484// 8493//
f 8365// 8371// 8482//
f 8480// 8482// 8485//
f 8368// 8365// 8481//
f 8495// 8481// 8480//
f 8366// 8368// 8496//
f 8483// 8496// 8495//
f 8496// 8479// 8366//
f 8358// 8366// 8479//
f 8479// 8478// 8358//
f 8361// 8358// 8478//
f 8478// 8497// 8361//
f 8362// 8361// 8497//
f 8362// 8497// 8472//
f 8351// 8471// 8354//
f 8351// 8472// 8471//
f 8354// 8475// 8355//
f 8354// 8471// 8475//
f 8355// 8466// 8347//
f 8355// 8475// 8466//
f 8347// 8465// 8381//
f 8347// 8466// 8465//
f 8381// 8458// 8350//
f 8381// 8465// 8458//
f 8350// 8470// 8340//
f 8350// 8458// 8470//
f 8340// 8469// 8341//
f 8340// 8470// 8469//
f 8341// 8460// 8343//
f 8341// 8469// 8460//
f 8343// 8464// 8338//
f 8464// 8343// 8460//
f 8335// 8456// 8464//
f 8499// 8500// 8501//
f 8502// 8503// 8476//
f 8473// 8501// 8502//
f 8503// 8474// 8476//
f 8476// 8473// 8502//
f 8473// 8499// 8501//
f 8504// 8474// 8503//
f 8505// 8459// 8506//
f 8459// 8505// 8457//
f 8459// 8467// 8506//
f 8507// 8457// 8505//
f 8506// 8467// 8504//
f 8457// 8507// 8468//
f 8508// 8468// 8507//
f 8461// 8468// 8508//
f 8509// 8462// 8461//
f 8461// 8508// 8509//
f 8510// 8463// 8462//
f 8467// 8474// 8504//
f 8335// 8463// 8334//
f 8463// 8510// 8334//
f 8509// 8510// 8462//
f 8498// 8500// 8499//
f 8511// 8498// 8477//
f 8498// 8511// 8500//
f 8483// 8512// 8477//
f 8511// 8477// 8512//
f 8483// 8495// 8513//
f 8513// 8512// 8483//
f 8514// 8495// 8480//
f 8495// 8514// 8513//
f 8514// 8480// 8515//
f 8485// 8516// 8515//
f 8515// 8480// 8485//
f 8516// 8493// 8517//
f 8493// 8516// 8485//
f 8518// 8517// 8488//
f 8493// 8488// 8517//
f 8490// 8519// 8518//
f 8518// 8488// 8490//
f 8519// 8492// 8520//
f 8492// 8519// 8490//
f 8492// 8494// 8520//
f 8520// 8494// 8521//
f 8500// 8522// 8501//
f 8380// 8523// 8524//
f 8525// 8502// 8526//
f 8526// 8502// 8501//
f 8503// 8502// 8525//
f 8503// 8527// 8504//
f 8503// 8525// 8527//
f 8501// 8522// 8526//
f 8506// 8504// 8528//
f 8506// 8528// 8529//
f 8529// 8505// 8506//
f 8530// 8507// 8505//
f 8530// 8505// 8529//
f 8508// 8507// 8531//
f 8531// 8507// 8530//
f 8508// 8531// 8532//
f 8509// 8532// 8510//
f 8508// 8532// 8509//
f 8528// 8504// 8527//
f 8533// 8334// 8510//
f 8533// 8510// 8532//
f 8336// 8533// 8382//
f 8382// 8337// 8336//
f 8353// 8522// 8360//
f 8522// 8500// 8534//
f 8511// 8534// 8500//
f 8535// 8534// 8511//
f 8511// 8512// 8535//
f 8512// 8536// 8535//
f 8536// 8512// 8513//
f 8536// 8513// 8537//
f 8537// 8538// 8363//
f 8514// 8538// 8537//
f 8538// 8515// 8539//
f 8516// 8540// 8539//
f 8538// 8539// 8364//
f 8540// 8517// 8541//
f 8369// 8539// 8540//
f 8542// 8541// 8518//
f 8541// 8373// 8540//
f 8519// 8523// 8542//
f 8541// 8542// 8374//
f 8523// 8520// 8524//
f 8542// 8523// 8379//
f 8520// 8521// 8524//
f 8523// 8380// 8379//
f 8542// 8379// 8376//
f 8519// 8520// 8523//
f 8374// 8542// 8376//
f 8518// 8519// 8542//
f 8373// 8541// 8374//
f 8517// 8518// 8541//
f 8369// 8540// 8373//
f 8516// 8517// 8540//
f 8364// 8539// 8369//
f 8515// 8516// 8539//
f 8363// 8538// 8364//
f 8514// 8515// 8538//
f 8367// 8537// 8363//
f 8513// 8514// 8537//
f 8537// 8367// 8536//
f 8357// 8536// 8367//
f 8536// 8357// 8535//
f 8359// 8535// 8357//
f 8535// 8359// 8534//
f 8360// 8534// 8359//
f 8360// 8522// 8534//
f 8353// 8352// 8526//
f 8353// 8526// 8522//
f 8352// 8356// 8525//
f 8352// 8525// 8526//
f 8356// 8346// 8527//
f 8356// 8527// 8525//
f 8346// 8345// 8528//
f 8346// 8528// 8527//
f 8345// 8349// 8529//
f 8345// 8529// 8528//
f 8349// 8348// 8530//
f 8349// 8530// 8529//
f 8348// 8342// 8531//
f 8348// 8531// 8530//
f 8342// 8344// 8532//
f 8342// 8532// 8531//
f 8344// 8382// 8533//
f 8533// 8532// 8344//
f 8334// 8533// 8336//
f 8543// 8524// 8544//
f 8524// 8543// 8380//
f 8524// 8521// 8544//
f 8545// 8546// 8547//
f 8545// 8548// 8549//
f 8548// 8545// 8547//
f 8550// 8551// 8549//
f 8549// 8548// 8550//
f 8552// 8551// 8553//
f 8550// 8553// 8551//
f 8554// 8552// 8553//
f 8555// 8547// 8546//
f 8556// 8555// 8557//
f 8546// 8557// 8555//
f 8556// 8558// 8559//
f 8558// 8556// 8557//
f 8560// 8544// 8559//
f 8559// 8558// 8560//
f 8560// 8543// 8544//
f 8554// 8561// 8562//
f 8554// 8562// 8552//
f 8563// 8564// 8565//
f 8563// 8565// 8566//
f 8567// 8568// 8569//
f 8564// 8568// 8567//
f 8570// 8569// 8571//
f 8568// 8571// 8569//
f 8571// 8562// 8570//
f 8562// 8561// 8570//
f 8567// 8565// 8564//
f 8572// 8563// 8566//
f 8573// 8572// 8574//
f 8566// 8574// 8572//
f 8575// 8576// 8573//
f 8573// 8574// 8575//
f 8576// 8577// 8578//
f 8577// 8576// 8575//
f 8577// 8579// 8578//
f 8578// 8579// 8580//
f 8581// 8582// 8580//
f 8581// 8580// 8579//
f 5562// 5567// 8583//
f 8584// 8582// 8585//
f 5459// 8584// 5457//
f 8586// 8587// 8588//
f 5533// 5531// 5470//
f 8589// 8590// 8591//
f 8592// 8589// 8593//
f 8589// 8591// 8594//
f 8595// 8586// 8596//
f 8590// 8589// 8592//
f 8597// 5567// 5569//
f 8597// 5569// 5566//
f 8597// 8583// 5567//
f 5531// 5530// 5471//
f 5466// 5471// 5530//
f 5531// 5471// 5470//
f 5446// 5445// 5533//
f 5533// 5470// 5446//
f 5524// 5464// 5461//
f 5559// 5545// 5546//
f 5527// 5463// 5466//
f 5466// 5530// 5527//
f 5463// 5525// 5461//
f 5525// 5463// 5527//
f 5525// 5524// 5461//
f 5562// 5523// 5536//
f 5536// 5539// 5561//
f 5536// 5561// 5562//
f 5541// 5561// 5539//
f 8598// 8599// 5556//
f 5546// 5556// 5553//
f 5546// 5548// 8598//
f 5551// 5550// 8599//
f 5556// 8599// 5550//
f 5556// 5546// 8598//
f 5541// 5542// 5559//
f 5553// 5559// 5546//
f 5545// 5559// 5542//
f 5561// 5541// 5559//
f 8583// 5523// 5562//
f 5524// 8583// 5464//
f 8583// 5524// 5523//
f 8583// 8596// 5464//
f 5464// 8596// 5474//
f 8586// 8600// 8601//
f 8602// 8587// 8586//
f 8603// 8604// 8595//
f 8596// 8603// 8595//
f 8594// 8605// 8589//
f 8600// 8589// 8606//
f 8606// 8589// 8605//
f 8602// 8586// 8601//
f 8600// 8586// 8589//
f 8607// 8596// 8588//
f 8588// 8596// 8586//
f 8607// 8608// 5474//
f 5474// 8596// 8607//
f 5474// 8609// 5476//
f 8609// 5474// 8608//
f 8609// 8610// 5476//
f 8611// 5477// 8610//
f 5476// 8610// 5477//
f 8543// 8611// 8612//
f 5479// 5477// 8611//
f 8611// 8543// 8560//
f 8380// 8543// 8612//
f 5479// 8560// 5482//
f 5479// 8611// 8560//
f 8378// 8380// 8612//
f 8560// 8558// 5482//
f 8552// 8582// 8551//
f 8558// 8557// 5459//
f 5459// 8557// 8546//
f 5483// 8558// 5459//
f 8558// 5483// 5482//
f 8549// 8582// 8545//
f 8545// 5459// 8546//
f 8549// 8551// 8582//
f 5459// 8545// 8582//
f 8582// 8562// 8571//
f 8563// 8572// 8580//
f 8580// 8571// 8568//
f 8576// 8578// 8580//
f 8580// 8573// 8576//
f 8580// 8564// 8563//
f 8573// 8580// 8572//
f 8571// 8580// 8582//
f 8564// 8580// 8568//
f 8584// 5459// 8582//
f 8562// 8582// 8552//
f 8613// 8585// 8614//
f 8585// 8613// 8584//
f 8615// 8616// 8617//
f 5563// 8618// 5568//
f 8616// 5456// 5458//
f 8615// 8617// 8619//
f 5456// 8616// 8581//
f 5534// 5472// 5532//
f 8620// 8621// 8622//
f 8623// 8624// 5475//
f 8625// 8626// 8627//
f 8622// 8628// 8629//
f 5565// 5564// 8630//
f 8626// 8631// 8632//
f 8630// 5564// 5568//
f 8630// 5568// 8618//
f 5532// 5469// 5529//
f 5468// 5529// 5469//
f 5532// 5472// 5469//
f 5473// 5534// 5486//
f 5534// 5473// 5472//
f 5522// 5460// 5462//
f 5558// 5547// 5544//
f 5528// 5468// 5467//
f 5468// 5528// 5529//
f 5467// 5460// 5526//
f 5526// 5528// 5467//
f 5526// 5460// 5522//
f 5563// 5537// 5535//
f 5537// 5560// 5538//
f 5537// 5563// 5560//
f 5540// 5538// 5560//
f 8633// 5554// 8634//
f 5547// 5555// 5554//
f 5547// 8633// 5549//
f 5552// 8634// 5557//
f 5554// 5557// 8634//
f 5554// 8633// 5547//
f 5540// 5558// 5543//
f 5555// 5547// 5558//
f 5544// 5543// 5558//
f 5560// 5558// 5540//
f 8618// 5563// 5535//
f 5522// 5462// 8618//
f 8618// 5535// 5522//
f 8618// 5462// 8632//
f 5462// 5465// 8632//
f 8629// 8635// 8622//
f 8636// 8626// 8637//
f 8638// 8639// 8631//
f 8632// 8631// 8639//
f 8622// 8640// 8628//
f 8641// 8620// 8622//
f 8622// 8621// 8640//
f 8626// 8636// 8622//
f 8641// 8622// 8636//
f 8642// 8627// 8626//
f 8625// 8637// 8626//
f 8632// 8643// 8642//
f 8642// 8626// 8632//
f 8644// 8643// 5465//
f 8632// 5465// 8643//
f 5465// 8624// 8644//
f 5478// 8623// 5475//
f 5475// 8624// 5465//
f 5478// 5480// 8645//
f 8645// 8623// 5478//
f 8544// 8521// 8646//
f 8544// 8646// 8645//
f 8645// 5480// 8559//
f 8645// 8559// 8544//
f 5480// 5481// 8559//
f 8646// 8521// 8494//
f 8550// 8581// 8553//
f 5481// 8556// 8559//
f 8556// 5456// 8555//
f 5484// 5456// 8556//
f 8556// 5481// 5484//
f 5456// 8548// 8547//
f 8555// 5456// 8547//
f 8581// 8550// 8548//
f 8548// 5456// 8581//
f 8553// 8581// 8554//
f 8581// 8579// 8570//
f 8554// 8581// 8561//
f 8566// 8565// 8579//
f 8567// 8569// 8579//
f 8575// 8574// 8579//
f 8575// 8579// 8577//
f 8567// 8579// 8565//
f 8574// 8566// 8579//
f 8616// 8615// 8581//
f 8570// 8579// 8569//
f 8570// 8561// 8581//
f 8647// 8648// 8649//
f 8650// 8651// 8652//
f 8653// 8654// 8647//
f 8647// 8655// 8653//
f 8656// 8657// 8647//
f 8656// 8647// 8654//
f 8658// 8648// 8647//
f 8658// 8647// 8657//
f 8659// 8660// 8647//
f 8649// 8659// 8647//
f 8661// 8662// 8663//
f 8662// 8661// 8664//
f 8665// 8652// 8666//
f 8665// 8650// 8652//
f 8652// 8667// 8668//
f 8666// 8652// 8668//
f 8669// 8670// 8652//
f 8652// 8670// 8667//
f 8652// 8671// 8672//
f 8672// 8669// 8652//
f 8673// 6455// 8659//
f 8673// 8664// 8674//
f 8664// 8673// 8662//
f 8671// 8662// 8673//
f 8671// 8673// 8672//
f 8674// 6487// 8673//
f 6475// 8673// 6487//
f 6479// 6475// 6486//
f 6486// 6475// 6487//
f 8659// 6455// 8660//
f 8659// 8672// 8673//
f 6455// 6379// 6373//
f 8675// 8660// 6455//
f 6375// 6373// 6379//
f 8675// 6372// 6367//
f 6373// 6370// 6455//
f 6455// 6369// 6372//
f 6455// 6370// 6369//
f 6455// 6372// 8675//
f 8676// 8677// 6451//
f 8676// 6454// 8678//
f 6454// 8676// 6451//
f 6453// 8679// 8678//
f 8678// 6454// 6453//
f 8673// 8679// 6456//
f 6453// 6456// 8679//
f 6455// 8673// 6456//
f 6452// 6451// 8677//
f 6449// 6452// 8680//
f 8677// 8680// 6452//
f 6449// 8681// 6450//
f 8681// 6449// 8680//
f 8682// 6442// 6450//
f 6450// 8681// 8682//
f 8682// 6443// 6442//
f 6474// 6477// 6466//
f 6474// 6466// 6475//
f 6477// 6478// 6466//
f 6397// 6396// 6443//
f 6397// 6443// 6466//
f 6466// 6443// 6475//
f 8681// 6475// 8682//
f 6475// 6443// 8682//
f 8677// 6475// 8680//
f 6475// 8681// 8680//
f 8678// 6475// 8676//
f 6475// 8677// 8676//
f 8673// 6475// 8679//
f 6475// 8678// 8679//
usemtl 3
f 8683// 8684// 8685//
f 8684// 8683// 8686//
f 8687// 8688// 8689//
f 8690// 8691// 8692//
f 8693// 8694// 8690//
f 8687// 8689// 8695//
f 8691// 8690// 8694//
f 8694// 8693// 8695//
f 8693// 8687// 8695//
f 8685// 8696// 8697//
f 8698// 8699// 8700//
f 8696// 8698// 8700//
f 8697// 8683// 8685//
f 8685// 8698// 8696//
f 8683// 8697// 8701//
f 8702// 8683// 8701//
f 8685// 8703// 8698//
f 8704// 8684// 8705//
f 8703// 8685// 8704//
f 8706// 8684// 8707//
f 8706// 8705// 8684//
f 8684// 8708// 8709//
f 8709// 8707// 8684//
f 8704// 8685// 8684//
f 8710// 8693// 8690//
f 8693// 8711// 8712//
f 8710// 8711// 8693//
f 8711// 8713// 8712//
f 8712// 8714// 8715//
f 8713// 8714// 8712//
f 8712// 8716// 8717//
f 8715// 8716// 8712//
f 8718// 8687// 8693//
f 8718// 8693// 8712//
usemtl 4
f 8719// 8720// 8721//
f 8722// 8719// 8723//
f 8721// 8723// 8719//
f 8719// 8722// 8724//
f 8725// 8726// 8727//
f 8728// 8729// 8730//
f 8731// 8726// 8725//
f 8725// 8729// 8731//
f 8732// 8733// 8734//
f 8735// 8736// 8737//
f 8731// 8729// 8728//
f 8738// 8739// 8740//
f 8739// 8738// 8741//
f 8742// 8743// 8740//
f 8740// 8744// 8742//
f 8745// 8746// 8747//
f 8746// 8743// 8748//
f 8733// 8749// 8734//
f 8749// 8746// 8745//
f 8750// 8751// 8752//
f 8733// 8752// 8751//
f 8751// 8750// 8753//
f 8753// 8750// 8754//
f 8755// 8756// 8757//
f 8755// 8758// 8754//
f 8759// 8760// 8756//
f 8759// 8761// 8760//
f 8759// 8762// 8761//
f 8756// 8760// 8757//
f 8758// 8753// 8754//
f 8757// 8758// 8755//
f 8733// 8732// 8752//
f 8748// 8747// 8746//
f 8749// 8745// 8734//
f 8739// 8744// 8740//
f 8743// 8742// 8748//
f 8735// 8741// 8738//
f 8736// 8730// 8737//
f 8735// 8737// 8741//
f 8730// 8736// 8728//
f 8763// 8764// 8765//
f 8765// 8766// 8763//
f 8766// 8767// 8763//
f 8767// 8768// 8769//
f 8767// 8766// 8768//
f 8769// 8768// 8770//
f 8766// 8771// 8768//
f 8772// 8773// 8771//
f 8771// 8773// 8768//
f 8772// 8774// 8773//
f 8775// 8776// 8777//
f 8778// 8779// 8780//
f 8781// 8782// 8783//
f 8784// 8785// 8782//
f 8786// 8787// 8788//
f 8789// 8787// 8790//
f 8791// 8789// 8792//
f 8789// 8791// 8787//
f 8793// 8794// 8795//
f 8791// 8792// 8796//
f 8797// 8796// 8798//
f 8799// 8797// 8798//
f 8798// 8796// 8792//
f 8800// 8797// 8799//
f 8800// 8799// 8801//
f 8801// 8802// 8800//
f 8803// 8804// 8805//
f 8802// 8806// 8807//
f 8808// 8809// 8805//
f 8810// 8807// 8811//
f 8812// 8813// 8814//
f 8810// 8815// 8814//
f 8816// 8813// 8817//
f 8801// 8806// 8802//
f 8817// 8813// 8812//
f 8778// 8793// 8795//
f 8816// 8809// 8808//
f 8818// 8794// 8819//
f 8787// 8786// 8790//
f 8788// 8775// 8777//
f 8788// 8777// 8786//
f 8775// 8820// 8776//
f 8820// 8781// 8783//
f 8820// 8783// 8776//
f 8781// 8784// 8782//
f 8785// 8784// 8821//
f 8821// 8818// 8819//
f 8784// 8818// 8821//
f 8819// 8794// 8793//
f 8795// 8779// 8778//
f 8804// 8803// 8780//
f 8804// 8780// 8779//
f 8804// 8808// 8805//
f 8816// 8817// 8809//
f 8814// 8815// 8812//
f 8810// 8822// 8815//
f 8807// 8810// 8802//
f 8822// 8810// 8811//
f 8823// 8824// 8825//
f 8826// 8827// 8825//
f 8827// 8823// 8825//
f 8828// 8829// 8830//
f 8831// 8829// 8832//
f 8823// 8827// 8828//
f 8833// 8831// 8834//
f 8835// 8836// 8826//
f 8826// 8836// 8827//
f 8833// 8835// 8826//
f 8834// 8831// 8832//
f 8831// 8833// 8826//
f 8837// 8832// 8829//
f 8827// 8837// 8828//
f 8829// 8828// 8837//
f 8838// 8839// 8840//
f 8840// 8841// 8838//
f 8841// 8842// 8838//
f 8842// 8843// 8844//
f 8842// 8841// 8843//
f 8844// 8843// 8845//
f 8841// 8846// 8843//
f 8847// 8848// 8846//
f 8846// 8848// 8843//
f 8847// 8849// 8848//
f 8850// 8851// 8852//
f 8853// 8854// 8855//
f 8856// 8857// 8858//
f 8850// 8852// 8859//
f 8852// 8860// 8859//
f 8861// 8862// 8860//
f 8859// 8860// 8862//
f 8854// 8863// 8864//
f 8858// 8864// 8863//
f 8864// 8858// 8865//
f 8866// 8867// 8868//
f 8869// 8868// 8870//
f 8871// 8872// 8870//
f 8872// 8871// 8873//
f 8874// 8875// 8873//
f 8876// 8877// 8866//
f 8878// 8879// 8875//
f 8880// 8881// 8882//
f 8883// 8884// 8882//
f 8882// 8885// 8886//
f 8887// 8888// 8889//
f 8890// 8891// 8865//
f 8892// 8853// 8855//
f 8854// 8853// 8863//
f 8862// 8861// 8892//
f 8892// 8861// 8853//
f 8893// 8894// 8889//
f 8894// 8893// 8895//
f 8887// 8896// 8888//
f 8893// 8889// 8888//
f 8883// 8879// 8884//
f 8856// 8858// 8896//
f 8888// 8896// 8858//
f 8858// 8857// 8865//
f 8891// 8880// 8886//
f 8891// 8886// 8865//
f 8865// 8857// 8890//
f 8881// 8883// 8882//
f 8886// 8880// 8882//
f 8884// 8879// 8878//
f 8874// 8873// 8871//
f 8878// 8875// 8874//
f 8869// 8866// 8868//
f 8872// 8869// 8870//
f 8877// 8876// 8895//
f 8867// 8866// 8877//
f 8894// 8895// 8876//
f 8897// 8898// 8899//
f 8900// 8901// 8902//
f 8903// 8904// 8905//
f 8897// 8905// 8904//
f 8906// 8907// 8904//
f 8908// 8909// 8900//
f 8909// 8910// 8900//
f 8911// 8912// 8913//
f 8913// 8914// 8915//
f 8914// 8913// 8916//
f 8912// 8911// 8917//
f 8918// 8919// 8920//
f 8921// 8919// 8918//
f 8913// 8912// 8916//
f 8918// 8920// 8922//
f 8914// 8923// 8915//
f 8915// 8923// 8901//
f 8910// 8901// 8900//
f 8923// 8902// 8901//
f 8924// 8925// 8926//
f 8924// 8927// 8928//
f 8907// 8928// 8929//
f 8929// 8928// 8927//
f 8930// 8931// 8925//
f 8927// 8924// 8926//
f 8932// 8933// 8934//
f 8935// 8912// 8936//
f 8912// 8917// 8936//
f 8935// 8932// 8934//
f 8912// 8935// 8934//
f 8932// 8930// 8933//
f 8933// 8930// 8925//
f 8931// 8926// 8925//
f 8907// 8929// 8904//
f 8906// 8904// 8903//
f 8904// 8898// 8897//
f 8937// 8922// 8899//
f 8899// 8898// 8937//
f 8937// 8938// 8922//
f 8922// 8938// 8918//
f 8939// 8940// 8941//
f 8942// 8943// 8944//
f 8941// 8945// 8939//
f 8944// 8946// 8942//
f 8947// 8948// 8949//
f 8950// 8951// 8952//
f 8950// 8952// 8942//
f 8950// 8942// 8946//
f 8953// 8954// 8955//
f 8947// 8956// 8948//
f 8948// 8956// 8942//
f 8955// 8957// 8953//
f 8958// 8959// 8949//
f 8954// 8960// 8955//
f 8961// 8960// 8954//
f 8957// 8958// 8953//
f 8959// 8947// 8949//
f 8957// 8959// 8958//
f 8943// 8942// 8956//
f 8945// 8944// 8943//
f 8945// 8943// 8939//
f 8962// 8963// 8964//
f 8964// 8965// 8962//
f 8965// 8966// 8962//
f 8966// 8967// 8968//
f 8966// 8965// 8967//
f 8968// 8967// 8969//
f 8965// 8970// 8967//
f 8971// 8972// 8970//
f 8970// 8972// 8967//
f 8971// 8973// 8972//
f 8974// 8975// 8976//
f 8977// 8978// 8979//
f 8980// 8981// 8982//
f 8983// 8984// 8981//
f 8985// 8986// 8987//
f 8988// 8986// 8989//
f 8990// 8988// 8991//
f 8988// 8990// 8986//
f 8992// 8993// 8994//
f 8990// 8991// 8995//
f 8996// 8995// 8997//
f 8998// 8996// 8997//
f 8997// 8995// 8991//
f 8999// 8996// 8998//
f 8999// 8998// 9000//
f 9000// 9001// 8999//
f 9002// 9003// 9004//
f 9001// 9005// 9006//
f 9007// 9008// 9004//
f 9009// 9006// 9010//
f 9011// 9012// 9013//
f 9009// 9014// 9013//
f 9015// 9012// 9016//
f 9000// 9005// 9001//
f 9016// 9012// 9011//
f 8977// 8992// 8994//
f 9015// 9008// 9007//
f 9017// 8993// 9018//
f 8986// 8985// 8989//
f 8987// 8974// 8976//
f 8987// 8976// 8985//
f 8974// 9019// 8975//
f 9019// 8980// 8982//
f 9019// 8982// 8975//
f 8980// 8983// 8981//
f 8984// 8983// 9020//
f 9020// 9017// 9018//
f 8983// 9017// 9020//
f 9018// 8993// 8992//
f 8994// 8978// 8977//
f 9003// 9002// 8979//
f 9003// 8979// 8978//
f 9003// 9007// 9004//
f 9015// 9016// 9008//
f 9013// 9014// 9011//
f 9009// 9021// 9014//
f 9006// 9009// 9001//
f 9021// 9009// 9010//
f 9022// 9023// 9024//
f 9025// 9026// 9024//
f 9026// 9022// 9024//
f 9027// 9028// 9029//
f 9030// 9028// 9031//
f 9022// 9026// 9027//
f 9032// 9030// 9033//
f 9034// 9035// 9025//
f 9025// 9035// 9026//
f 9032// 9034// 9025//
f 9033// 9030// 9031//
f 9030// 9032// 9025//
f 9036// 9031// 9028//
f 9026// 9036// 9027//
f 9028// 9027// 9036//
f 9037// 9038// 9039//
f 9040// 9041// 9042//
f 9043// 9044// 9038//
f 9038// 9045// 9039//
f 9046// 9047// 9044//
f 9047// 9046// 9048//
f 9038// 9037// 9049//
f 9043// 9038// 9049//
f 9047// 9038// 9044//
f 9050// 9038// 9051//
f 9047// 9051// 9038//
f 9052// 9053// 9054//
f 9055// 9056// 9057//
f 9058// 9050// 9051//
f 9059// 9060// 9061//
f 9062// 9063// 9064//
f 9065// 9066// 9067//
f 9068// 9069// 9070//
f 9071// 9072// 9073//
f 9071// 9074// 9072//
f 9055// 9075// 9076//
f 9077// 9056// 9078//
f 9078// 9079// 9077//
f 9080// 9079// 9081//
f 9082// 9058// 9083//
f 9082// 9050// 9058//
f 9082// 9080// 9081//
f 9082// 9083// 9080//
f 9081// 9079// 9078//
f 9056// 9077// 9057//
f 9055// 9057// 9075//
f 9084// 9074// 9085//
f 9076// 9086// 9087//
f 9075// 9088// 9076//
f 9089// 9090// 9091//
f 9092// 9093// 9094//
f 9095// 9041// 9040//
f 9096// 9091// 9090//
f 9097// 9098// 9099//
f 9099// 9098// 9100//
f 9040// 9101// 9095//
f 9102// 9103// 9104//
f 9104// 9103// 9101//
f 9102// 9104// 9105//
f 9102// 9105// 9106//
f 9107// 9108// 9109//
f 9106// 9110// 9108//
f 9111// 9112// 9107//
f 9113// 9114// 9115//
f 9116// 9117// 9112//
f 9114// 9118// 9119//
f 9120// 9121// 9122//
f 9061// 9060// 9068//
f 9071// 9123// 9074//
f 9124// 9125// 9126//
f 9119// 9127// 9128//
f 9129// 9114// 9070//
f 9119// 9128// 9130//
f 9121// 9119// 9130//
f 9121// 9130// 9122//
f 9125// 9131// 9120//
f 9132// 9133// 9134//
f 9135// 9126// 9136//
f 9134// 9133// 9137//
f 9134// 9137// 9138//
f 9139// 9140// 9141//
f 9142// 9140// 9138//
f 9143// 9144// 9145//
f 9146// 9147// 9148//
f 9144// 9149// 9150//
f 9151// 9152// 9153//
f 9074// 9123// 9085//
f 9154// 9065// 9073//
f 9155// 9084// 9085//
f 9156// 9074// 9157//
f 9066// 9158// 9067//
f 9155// 9159// 9160//
f 9157// 9074// 9084//
f 9160// 9159// 9161//
f 9162// 9143// 9163//
f 9153// 9152// 9162//
f 9151// 9164// 9152//
f 9165// 9152// 9164//
f 9052// 9165// 9166//
f 9052// 9152// 9165//
f 9167// 9067// 9168//
f 9168// 9169// 9167//
f 9170// 9171// 9146//
f 9146// 9171// 9172//
f 9170// 9139// 9141//
f 9139// 9170// 9146//
f 9142// 9141// 9140//
f 9132// 9134// 9136//
f 9137// 9142// 9138//
f 9124// 9126// 9135//
f 9136// 9126// 9132//
f 9120// 9131// 9121//
f 9125// 9124// 9131//
f 9127// 9119// 9118//
f 9114// 9129// 9115//
f 9114// 9113// 9118//
f 9173// 9174// 9070//
f 9129// 9070// 9174//
f 9060// 9069// 9068//
f 9070// 9069// 9173//
f 9060// 9175// 9069//
f 9117// 9116// 9176//
f 9117// 9176// 9177//
f 9178// 9117// 9177//
f 9178// 9177// 9069//
f 9175// 9178// 9069//
f 9109// 9111// 9107//
f 9111// 9116// 9112//
f 9110// 9109// 9108//
f 9102// 9106// 9108//
f 9101// 9103// 9095//
f 9042// 9096// 9090//
f 9096// 9042// 9041//
f 9091// 9098// 9089//
f 9098// 9097// 9089//
f 9092// 9094// 9179//
f 9180// 9089// 9097//
f 9180// 9094// 9093//
f 9180// 9097// 9094//
f 9179// 9063// 9062//
f 9062// 9092// 9179//
f 9087// 9086// 9064//
f 9087// 9064// 9063//
f 9086// 9076// 9088//
f 9052// 9166// 9053//
f 9181// 9172// 9149//
f 9054// 9161// 9159//
f 9054// 9053// 9161//
f 9182// 9084// 9155//
f 9155// 9160// 9182//
f 9065// 9183// 9184//
f 9073// 9065// 9071//
f 9065// 9154// 9183//
f 9184// 9066// 9065//
f 9158// 9168// 9067//
f 9169// 9146// 9148//
f 9167// 9169// 9148//
f 9181// 9147// 9172//
f 9146// 9172// 9147//
f 9172// 9150// 9149//
f 9150// 9145// 9144//
f 9145// 9163// 9143//
f 9162// 9152// 9143//
